2024-07-02 09:50:23,126 [INFO] Activator:176 - 


2024-07-02 09:50:23,132 [INFO] Activator:177 - !SESSION log4j initialized
2024-07-02 09:50:28,933 [INFO] LogOutputStream:77 - [STDOUT_REDIRECT] 
2024-07-02 09:50:32,247 [INFO] ApplicationProperties:184 - Using Application install path: C:\ST\STM32CubeIDE_1.14.1\STM32CubeIDE\plugins\com.st.stm32cube.common.mx_6.11.1.202404110753
2024-07-02 09:50:32,261 [INFO] DbMcusXml:78 - Set database path to: C:\ST\STM32CubeIDE_1.14.1\STM32CubeIDE\plugins\com.st.stm32cube.common.mx_6.11.1.202404110753\\db\/mcu/
2024-07-02 09:50:32,261 [INFO] ApiDb:274 - Set plugin database path to: C:\ST\STM32CubeIDE_1.14.1\STM32CubeIDE\plugins\com.st.stm32cube.common.mx_6.11.1.202404110753\\db\/plugins/boardmanager/
2024-07-02 09:50:32,262 [WARN] ApiDb:259 - Overriding images path with different value:  => C:\ST\STM32CubeIDE_1.14.1\STM32CubeIDE\plugins\com.st.stm32cube.common.mx_6.11.1.202404110753\\db\/plugins/mcufinder/images/
2024-07-02 09:50:32,276 [INFO] ApiDb:250 - Set database path to: C:\Users\andre\.stmcufinder\plugins\mcufinder//mcu/
2024-07-02 09:50:32,277 [INFO] DbMcusAds:125 - Set database path to: C:\Users\andre\.stmcufinder\plugins\mcufinder//mcu/
2024-07-02 09:50:32,279 [INFO] CrossReferenceDbSqlite:203 - Set database path to: C:\Users\andre\.stmcufinder\plugins\mcufinder//mcu/cs/
2024-07-02 09:50:32,397 [INFO] RulesReader:64 - Compatibility file has been processed (297 Rules)
2024-07-02 09:50:32,483 [INFO] DbMcusXml:78 - Set database path to: C:\ST\STM32CubeIDE_1.14.1\STM32CubeIDE\plugins\com.st.stm32cube.common.mx_6.11.1.202404110753\\db\/mcu/
2024-07-02 09:50:32,483 [INFO] ApiDb:274 - Set plugin database path to: C:\ST\STM32CubeIDE_1.14.1\STM32CubeIDE\plugins\com.st.stm32cube.common.mx_6.11.1.202404110753\\db\/plugins/boardmanager/
2024-07-02 09:50:32,484 [INFO] ApiDb:261 - Set plugin images path to: C:\ST\STM32CubeIDE_1.14.1\STM32CubeIDE\plugins\com.st.stm32cube.common.mx_6.11.1.202404110753\\db\/plugins/mcufinder/images/
2024-07-02 09:50:32,484 [WARN] DbFile:41 - Overriding database path with different value: C:\Users\andre\.stmcufinder\plugins\mcufinder/ => C:\Users\andre\.stmcufinder\plugins\mcufinder
2024-07-02 09:50:32,484 [INFO] ApiDb:250 - Set database path to: C:\Users\andre\.stmcufinder\plugins\mcufinder//mcu/
2024-07-02 09:50:32,484 [WARN] DbFile:41 - Overriding database path with different value: C:\Users\andre\.stmcufinder\plugins\mcufinder/ => C:\Users\andre\.stmcufinder\plugins\mcufinder
2024-07-02 09:50:32,484 [INFO] DbMcusAds:125 - Set database path to: C:\Users\andre\.stmcufinder\plugins\mcufinder//mcu/
2024-07-02 09:50:32,484 [WARN] DbFile:41 - Overriding database path with different value: C:\Users\andre\.stmcufinder\plugins\mcufinder/ => C:\Users\andre\.stmcufinder\plugins\mcufinder
2024-07-02 09:50:32,484 [WARN] DbFile:41 - Overriding database path with different value: C:\Users\andre\.stmcufinder\plugins\mcufinder/ => C:\Users\andre\.stmcufinder\plugins\mcufinder
2024-07-02 09:50:32,484 [INFO] CrossReferenceDbSqlite:203 - Set database path to: C:\Users\andre\.stmcufinder\plugins\mcufinder//mcu/cs/
2024-07-02 09:50:32,565 [INFO] MainPanel:264 - HeapMemory: 268435456
2024-07-02 09:50:32,646 [INFO] DbMcusXml:78 - Set database path to: C:\ST\STM32CubeIDE_1.14.1\STM32CubeIDE\plugins\com.st.stm32cube.common.mx_6.11.1.202404110753\\db\/mcu/
2024-07-02 09:50:32,646 [INFO] ApiDb:274 - Set plugin database path to: C:\ST\STM32CubeIDE_1.14.1\STM32CubeIDE\plugins\com.st.stm32cube.common.mx_6.11.1.202404110753\\db\/plugins/boardmanager/
2024-07-02 09:50:32,646 [INFO] ApiDb:261 - Set plugin images path to: C:\ST\STM32CubeIDE_1.14.1\STM32CubeIDE\plugins\com.st.stm32cube.common.mx_6.11.1.202404110753\\db\/plugins/mcufinder/images/
2024-07-02 09:50:32,646 [WARN] DbFile:41 - Overriding database path with different value: C:\Users\andre\.stmcufinder\plugins\mcufinder/ => C:\Users\andre\.stmcufinder\plugins\mcufinder
2024-07-02 09:50:32,646 [INFO] ApiDb:250 - Set database path to: C:\Users\andre\.stmcufinder\plugins\mcufinder//mcu/
2024-07-02 09:50:32,647 [WARN] DbFile:41 - Overriding database path with different value: C:\Users\andre\.stmcufinder\plugins\mcufinder/ => C:\Users\andre\.stmcufinder\plugins\mcufinder
2024-07-02 09:50:32,647 [INFO] DbMcusAds:125 - Set database path to: C:\Users\andre\.stmcufinder\plugins\mcufinder//mcu/
2024-07-02 09:50:32,647 [WARN] DbFile:41 - Overriding database path with different value: C:\Users\andre\.stmcufinder\plugins\mcufinder/ => C:\Users\andre\.stmcufinder\plugins\mcufinder
2024-07-02 09:50:32,647 [WARN] DbFile:41 - Overriding database path with different value: C:\Users\andre\.stmcufinder\plugins\mcufinder/ => C:\Users\andre\.stmcufinder\plugins\mcufinder
2024-07-02 09:50:32,647 [INFO] CrossReferenceDbSqlite:203 - Set database path to: C:\Users\andre\.stmcufinder\plugins\mcufinder//mcu/cs/
2024-07-02 09:50:32,665 [INFO] ApplicationProperties:184 - Using Application install path: C:\ST\STM32CubeIDE_1.14.1\STM32CubeIDE\plugins\com.st.stm32cube.common.mx_6.11.1.202404110753
2024-07-02 09:50:32,667 [INFO] PluginManage:196 - Search for loadable plugins [exclusion list=, ]
2024-07-02 09:50:32,669 [INFO] PluginManage:310 - Check plugin analytics
2024-07-02 09:50:32,818 [INFO] AnalyticsPlugin:253 - Accepted Software Licenses: STM32CubeMX.6.10.0,STM32CubeMX.6.11.1
2024-07-02 09:50:32,818 [INFO] AnalyticsPlugin:255 - Accepted CMSIS Pack Licenses: STMicroelectronics.X-CUBE-AZRTOS-H7.3.2.0
2024-07-02 09:50:32,819 [INFO] AnalyticsPlugin:257 - Accepted Firmware Licenses: FW.H7.1.11.0
2024-07-02 09:50:32,820 [INFO] PluginManage:359 - Loaded plugin analytics (category:tool,tabindex:-1)
2024-07-02 09:50:32,820 [INFO] PluginManage:310 - Check plugin cadmodel
2024-07-02 09:50:32,864 [INFO] CADModel:105 - Init CAD model plugin
2024-07-02 09:50:32,864 [INFO] PluginManage:359 - Loaded plugin cadmodel (category:power,tabindex:5)
2024-07-02 09:50:32,864 [INFO] PluginManage:310 - Check plugin clock
2024-07-02 09:50:32,882 [INFO] PluginManage:359 - Loaded plugin clock (category:base,tabindex:2)
2024-07-02 09:50:32,883 [INFO] PluginManage:310 - Check plugin ddr
2024-07-02 09:50:32,885 [INFO] PluginManage:359 - Loaded plugin ddr (category:tool,tabindex:6)
2024-07-02 09:50:32,886 [INFO] PluginManage:310 - Check plugin filemanager
2024-07-02 09:50:33,015 [INFO] PluginManage:359 - Loaded plugin filemanager (category:base,tabindex:10)
2024-07-02 09:50:33,015 [INFO] PluginManage:310 - Check plugin ipmanager
2024-07-02 09:50:33,024 [INFO] PluginManage:359 - Loaded plugin ipmanager (category:base,tabindex:5)
2024-07-02 09:50:33,024 [INFO] PluginManage:310 - Check plugin lpbam
2024-07-02 09:50:33,045 [INFO] PluginManage:359 - Loaded plugin lpbam (category:base,tabindex:0)
2024-07-02 09:50:33,045 [INFO] PluginManage:310 - Check plugin memorymap
2024-07-02 09:50:33,073 [INFO] PluginManage:359 - Loaded plugin memorymap (category:base,tabindex:4)
2024-07-02 09:50:33,074 [INFO] PluginManage:310 - Check plugin pinoutandconfiguration
2024-07-02 09:50:33,094 [INFO] PluginManage:359 - Loaded plugin pinoutandconfiguration (category:base,tabindex:1)
2024-07-02 09:50:33,095 [INFO] PluginManage:310 - Check plugin pinoutconfig
2024-07-02 09:50:33,188 [WARN] SupportedApi:132 - Cannot load RTOS API schema: s4s-elt-must-match.1: The content of 'definitions' must match (annotation?, (simpleType | complexType)?, (unique | key | keyref)*)). A problem was found starting at: attribute.
2024-07-02 09:50:33,300 [INFO] PluginManage:359 - Loaded plugin pinoutconfig (category:base,tabindex:0)
2024-07-02 09:50:33,300 [INFO] PluginManage:310 - Check plugin power
2024-07-02 09:50:33,318 [INFO] PluginManage:359 - Loaded plugin power (category:power,tabindex:4)
2024-07-02 09:50:33,318 [INFO] PluginManage:310 - Check plugin projectmanager
2024-07-02 09:50:33,331 [INFO] PluginManage:359 - Loaded plugin projectmanager (category:projectmanager,tabindex:3)
2024-07-02 09:50:33,331 [INFO] PluginManage:310 - Check plugin thirdparty
2024-07-02 09:50:33,725 [INFO] PluginManage:359 - Loaded plugin thirdparty (category:base,tabindex:-1)
2024-07-02 09:50:33,725 [INFO] PluginManage:310 - Check plugin tools
2024-07-02 09:50:33,725 [WARN] IntegrityCheckThread:84 - waiting for thirdparty lock release [integrity check]
2024-07-02 09:50:33,726 [INFO] IntegrityCheckThread:86 - entering critical section [integrity check]
2024-07-02 09:50:33,726 [INFO] ThirdPartyUpdaterWithRetryManager:70 - Updater plugin not ready yet. [1/15]
2024-07-02 09:50:33,760 [INFO] PluginManage:359 - Loaded plugin tools (category:base,tabindex:7)
2024-07-02 09:50:33,761 [INFO] PluginManage:310 - Check plugin tutovideos
2024-07-02 09:50:33,930 [INFO] PluginManage:359 - Loaded plugin tutovideos (category:base,tabindex:-1)
2024-07-02 09:50:33,931 [INFO] PluginManage:310 - Check plugin updater
2024-07-02 09:50:33,940 [INFO] PluginManage:359 - Loaded plugin updater (category:base,tabindex:12)
2024-07-02 09:50:33,940 [INFO] PluginManage:310 - Check plugin userauth
2024-07-02 09:50:33,945 [INFO] UserAuth:114 - Init User Auth plugin
2024-07-02 09:50:33,945 [INFO] PluginManage:359 - Loaded plugin userauth (category:base,tabindex:14)
2024-07-02 09:50:33,945 [INFO] PluginManage:283 - PluginManage : Loaded plugins [17]
2024-07-02 09:50:34,169 [INFO] PinOutPanel:1561 - setPackage(No Configuration,No Configuration)
2024-07-02 09:50:34,238 [INFO] CADModel:165 - CPN selected for project level
2024-07-02 09:50:34,238 [INFO] CADModel:114 - Register for checkConnection events
2024-07-02 09:50:34,263 [INFO] IPUIPlugin:80 - create IPUIPlugin
2024-07-02 09:50:34,263 [INFO] PluginManager:220 - loadIPPluginJar : add adc
2024-07-02 09:50:34,301 [INFO] IPUIPlugin:80 - create IPUIPlugin
2024-07-02 09:50:34,302 [INFO] PluginManager:220 - loadIPPluginJar : add aes
2024-07-02 09:50:34,341 [INFO] IPUIPlugin:80 - create IPUIPlugin
2024-07-02 09:50:34,341 [INFO] PluginManager:220 - loadIPPluginJar : add can
2024-07-02 09:50:34,364 [INFO] IPUIPlugin:80 - create IPUIPlugin
2024-07-02 09:50:34,364 [INFO] PluginManager:220 - loadIPPluginJar : add comp
2024-07-02 09:50:34,412 [INFO] IPUIPlugin:80 - create IPUIPlugin
2024-07-02 09:50:34,412 [INFO] PluginManager:220 - loadIPPluginJar : add cryp
2024-07-02 09:50:34,446 [INFO] IPUIPlugin:80 - create IPUIPlugin
2024-07-02 09:50:34,446 [INFO] PluginManager:220 - loadIPPluginJar : add dfsdm
2024-07-02 09:50:34,460 [INFO] IPUIPlugin:80 - create IPUIPlugin
2024-07-02 09:50:34,461 [INFO] PluginManager:220 - loadIPPluginJar : add dma
2024-07-02 09:50:34,510 [INFO] IPUIPlugin:80 - create IPUIPlugin
2024-07-02 09:50:34,510 [INFO] PluginManager:220 - loadIPPluginJar : add dma3
2024-07-02 09:50:34,548 [INFO] IPUIPlugin:80 - create IPUIPlugin
2024-07-02 09:50:34,549 [INFO] PluginManager:220 - loadIPPluginJar : add extmemmanager
2024-07-02 09:50:34,567 [INFO] IPUIPlugin:80 - create IPUIPlugin
2024-07-02 09:50:34,567 [INFO] PluginManager:220 - loadIPPluginJar : add fatfs
2024-07-02 09:50:34,608 [INFO] IPUIPlugin:80 - create IPUIPlugin
2024-07-02 09:50:34,608 [INFO] PluginManager:220 - loadIPPluginJar : add fmc
2024-07-02 09:50:34,621 [INFO] IPUIPlugin:80 - create IPUIPlugin
2024-07-02 09:50:34,622 [INFO] PluginManager:220 - loadIPPluginJar : add freertos
2024-07-02 09:50:34,640 [INFO] IPUIPlugin:80 - create IPUIPlugin
2024-07-02 09:50:34,640 [INFO] PluginManager:220 - loadIPPluginJar : add genericplugin
2024-07-02 09:50:34,731 [INFO] IPUIPlugin:80 - create IPUIPlugin
2024-07-02 09:50:34,731 [INFO] PluginManager:220 - loadIPPluginJar : add gfxmmu
2024-07-02 09:50:34,870 [INFO] IPUIPlugin:80 - create IPUIPlugin
2024-07-02 09:50:34,870 [INFO] PluginManager:220 - loadIPPluginJar : add gic
2024-07-02 09:50:34,881 [INFO] IPUIPlugin:80 - create IPUIPlugin
2024-07-02 09:50:34,881 [INFO] PluginManager:220 - loadIPPluginJar : add gpio
2024-07-02 09:50:34,968 [INFO] IPUIPlugin:80 - create IPUIPlugin
2024-07-02 09:50:34,968 [INFO] PluginManager:220 - loadIPPluginJar : add gtzc
2024-07-02 09:50:34,998 [INFO] IPUIPlugin:80 - create IPUIPlugin
2024-07-02 09:50:34,998 [INFO] PluginManager:220 - loadIPPluginJar : add hash
2024-07-02 09:50:35,053 [INFO] IPUIPlugin:80 - create IPUIPlugin
2024-07-02 09:50:35,054 [INFO] PluginManager:220 - loadIPPluginJar : add i2c
2024-07-02 09:50:35,088 [INFO] IPUIPlugin:80 - create IPUIPlugin
2024-07-02 09:50:35,088 [INFO] PluginManager:220 - loadIPPluginJar : add i2s
2024-07-02 09:50:35,123 [INFO] IPUIPlugin:80 - create IPUIPlugin
2024-07-02 09:50:35,123 [INFO] PluginManager:220 - loadIPPluginJar : add i3c
2024-07-02 09:50:35,210 [INFO] IPUIPlugin:80 - create IPUIPlugin
2024-07-02 09:50:35,210 [INFO] PluginManager:220 - loadIPPluginJar : add ipddr
2024-07-02 09:50:35,290 [INFO] IPUIPlugin:80 - create IPUIPlugin
2024-07-02 09:50:35,290 [INFO] PluginManager:220 - loadIPPluginJar : add linkedlist
2024-07-02 09:50:35,321 [INFO] IPUIPlugin:80 - create IPUIPlugin
2024-07-02 09:50:35,321 [INFO] PluginManager:220 - loadIPPluginJar : add lorawan
2024-07-02 09:50:35,354 [INFO] IPUIPlugin:80 - create IPUIPlugin
2024-07-02 09:50:35,354 [INFO] PluginManager:220 - loadIPPluginJar : add ltdc
2024-07-02 09:50:35,366 [INFO] IPUIPlugin:80 - create IPUIPlugin
2024-07-02 09:50:35,366 [INFO] PluginManager:220 - loadIPPluginJar : add mdma
2024-07-02 09:50:35,379 [INFO] IPUIPlugin:80 - create IPUIPlugin
2024-07-02 09:50:35,379 [INFO] PluginManager:220 - loadIPPluginJar : add nvic
2024-07-02 09:50:35,425 [INFO] IPUIPlugin:80 - create IPUIPlugin
2024-07-02 09:50:35,426 [INFO] PluginManager:220 - loadIPPluginJar : add opamp
2024-07-02 09:50:35,489 [INFO] IPUIPlugin:80 - create IPUIPlugin
2024-07-02 09:50:35,490 [INFO] PluginManager:220 - loadIPPluginJar : add openamp
2024-07-02 09:50:35,530 [INFO] IPUIPlugin:80 - create IPUIPlugin
2024-07-02 09:50:35,530 [INFO] PluginManager:220 - loadIPPluginJar : add pdm2pcm
2024-07-02 09:50:35,544 [INFO] IPUIPlugin:80 - create IPUIPlugin
2024-07-02 09:50:35,546 [INFO] PluginManager:220 - loadIPPluginJar : add plateformsettings
2024-07-02 09:50:35,566 [INFO] IPUIPlugin:80 - create IPUIPlugin
2024-07-02 09:50:35,566 [INFO] PluginManager:220 - loadIPPluginJar : add quadspi
2024-07-02 09:50:35,577 [INFO] IPUIPlugin:80 - create IPUIPlugin
2024-07-02 09:50:35,577 [INFO] PluginManager:220 - loadIPPluginJar : add resmgrutility
2024-07-02 09:50:35,617 [INFO] IPUIPlugin:80 - create IPUIPlugin
2024-07-02 09:50:35,617 [INFO] PluginManager:220 - loadIPPluginJar : add sai
2024-07-02 09:50:35,653 [INFO] IPUIPlugin:80 - create IPUIPlugin
2024-07-02 09:50:35,653 [INFO] PluginManager:220 - loadIPPluginJar : add spi
2024-07-02 09:50:35,711 [INFO] IPUIPlugin:80 - create IPUIPlugin
2024-07-02 09:50:35,711 [INFO] PluginManager:220 - loadIPPluginJar : add stm32_wpan
2024-07-02 09:50:35,735 [INFO] IPUIPlugin:80 - create IPUIPlugin
2024-07-02 09:50:35,735 [INFO] PluginManager:220 - loadIPPluginJar : add tim
2024-07-02 09:50:35,793 [INFO] IPUIPlugin:80 - create IPUIPlugin
2024-07-02 09:50:35,794 [INFO] PluginManager:220 - loadIPPluginJar : add touchsensing
2024-07-02 09:50:35,812 [INFO] IPUIPlugin:80 - create IPUIPlugin
2024-07-02 09:50:35,813 [INFO] PluginManager:220 - loadIPPluginJar : add tracer_emb
2024-07-02 09:50:35,832 [INFO] IPUIPlugin:80 - create IPUIPlugin
2024-07-02 09:50:35,833 [INFO] PluginManager:220 - loadIPPluginJar : add ts
2024-07-02 09:50:35,855 [INFO] IPUIPlugin:80 - create IPUIPlugin
2024-07-02 09:50:35,855 [INFO] PluginManager:220 - loadIPPluginJar : add tsc
2024-07-02 09:50:35,875 [INFO] IPUIPlugin:80 - create IPUIPlugin
2024-07-02 09:50:35,876 [INFO] PluginManager:220 - loadIPPluginJar : add ucpd
2024-07-02 09:50:35,918 [INFO] IPUIPlugin:80 - create IPUIPlugin
2024-07-02 09:50:35,919 [INFO] PluginManager:220 - loadIPPluginJar : add usart
2024-07-02 09:50:35,957 [INFO] IPUIPlugin:80 - create IPUIPlugin
2024-07-02 09:50:35,957 [INFO] PluginManager:220 - loadIPPluginJar : add usbx
2024-07-02 09:50:36,084 [INFO] CADModel:165 - CPN selected for project level
2024-07-02 09:50:36,084 [INFO] CADModel:114 - Register for checkConnection events
2024-07-02 09:50:36,084 [FATAL] Updater:308 - Updater called before beeing initialized
2024-07-02 09:50:36,084 [ERROR] CADModel:125 - Updater not yet initialized, retry later 
2024-07-02 09:50:36,320 [INFO] CADModel:165 - CPN selected for project level
2024-07-02 09:50:36,321 [INFO] CADModel:114 - Register for checkConnection events
2024-07-02 09:50:36,321 [FATAL] Updater:308 - Updater called before beeing initialized
2024-07-02 09:50:36,321 [ERROR] CADModel:125 - Updater not yet initialized, retry later 
2024-07-02 09:50:36,323 [FATAL] Updater:308 - Updater called before beeing initialized
2024-07-02 09:50:36,422 [FATAL] Updater:308 - Updater called before beeing initialized
2024-07-02 09:50:36,432 [INFO] DbMcusAds:53 - JSON generation date=Thu May 16 11:22:00 CEST 2024 (1715851320852)
2024-07-02 09:50:36,432 [FATAL] Updater:308 - Updater called before beeing initialized
2024-07-02 09:50:36,479 [WARN] DetailPanel:346 - Failed to get advertising image, set to default
2024-07-02 09:50:36,580 [FATAL] Updater:308 - Updater called before beeing initialized
2024-07-02 09:50:36,582 [FATAL] Updater:308 - Updater called before beeing initialized
2024-07-02 09:50:36,582 [FATAL] Updater:308 - Updater called before beeing initialized
2024-07-02 09:50:36,582 [WARN] DetailPanel:346 - Failed to get advertising image, set to default
2024-07-02 09:50:36,583 [FATAL] Updater:308 - Updater called before beeing initialized
2024-07-02 09:50:36,633 [ERROR] Updater:1120 - MainUpdater not yet initialized. External WinMGr cannot be set.
2024-07-02 09:50:36,643 [INFO] Updater:1056 - Updater Version found : 6.11.1
2024-07-02 09:50:36,660 [INFO] ApplicationProperties:184 - Using Application install path: C:\ST\STM32CubeIDE_1.14.1\STM32CubeIDE\plugins\com.st.stm32cube.common.mx_6.11.1.202404110753
2024-07-02 09:50:36,726 [INFO] ThirdPartyUpdaterWithRetryManager:70 - Updater plugin not ready yet. [2/15]
2024-07-02 09:50:38,237 [ERROR] LogOutputStream:75 - [STDERR_REDIRECT] Jul 02, 2024 9:50:38 AM java.util.prefs.WindowsPreferences <init>
2024-07-02 09:50:38,238 [ERROR] LogOutputStream:75 - [STDERR_REDIRECT] WARNING: Could not open/create prefs root node Software\JavaSoft\Prefs at root 0xffffffff80000002. Windows RegCreateKeyEx(...) returned error code 5.
2024-07-02 09:50:38,238 [ERROR] LogOutputStream:75 - [STDERR_REDIRECT] 
2024-07-02 09:50:38,564 [INFO] MainUpdater:2873 - connection check result : 10
2024-07-02 09:50:38,564 [INFO] MainUpdater:3567 - Updater definition file requires update
2024-07-02 09:50:38,565 [INFO] MainUpdater:290 - Updater Check For Update Now.
2024-07-02 09:50:38,565 [INFO] MicroXplorer:498 - Change Database Version : DB.6.0.111
2024-07-02 09:50:38,586 [INFO] McuFinderGlobals:63 - Set McuFinder mode to 2 (CubeIDE integrated)
2024-07-02 09:50:38,597 [INFO] UserAuth:415 - Internet connection configuration mode: 1
2024-07-02 09:50:38,617 [INFO] JxBrowserEngine:152 - Initiate JxBrowser Engine with user profile folder
2024-07-02 09:50:38,624 [INFO] ServerAccessManage:473 - Download File updaters.zip
2024-07-02 09:50:38,695 [INFO] FileExtend:240 - Unzip File : updaters.zip
2024-07-02 09:50:38,695 [INFO] FileExtend:255 - Standard Zip Deflate
2024-07-02 09:50:39,093 [INFO] ServerAccessManage:473 - Download File PacksControlFlags.xml
2024-07-02 09:50:39,165 [INFO] ServerAccessManage:473 - Download File cubemx.pidx
2024-07-02 09:50:39,303 [INFO] LoadServerUpdatesThread:375 - End of LoadServerUpdate Thread
2024-07-02 09:50:39,533 [INFO] CheckServerUpdateThread:120 - End of CheckServer Thread
2024-07-02 09:50:39,930 [WARN] PackLoader:240 - Cannot read IP mode file for STMicroelectronics.FP-SNS-MOTENVWB1.1.4.0
2024-07-02 09:50:39,953 [WARN] PackLoader:240 - Cannot read IP mode file for STMicroelectronics.X-CUBE-SMBUS.2.1.0
2024-07-02 09:50:39,969 [WARN] PackLoader:240 - Cannot read IP mode file for STMicroelectronics.X-CUBE-TOUCHGFX.4.23.1
2024-07-02 09:50:39,982 [WARN] PackLoader:240 - Cannot read IP mode file for STMicroelectronics.X-CUBE-TOUCHGFX.4.23.0
2024-07-02 09:50:39,996 [WARN] PackLoader:240 - Cannot read IP mode file for STMicroelectronics.X-CUBE-TOUCHGFX.4.23.2
2024-07-02 09:50:40,051 [WARN] PackLoader:240 - Cannot read IP mode file for STMicroelectronics.X-CUBE-AZRTOS-F7.1.1.0
2024-07-02 09:50:40,076 [WARN] PackLoader:240 - Cannot read IP mode file for STMicroelectronics.FP-SNS-MOTENV1.4.3.2
2024-07-02 09:50:40,100 [WARN] PackLoader:240 - Cannot read IP mode file for STMicroelectronics.FP-SNS-FLIGHT1.5.0.2
2024-07-02 09:50:40,124 [WARN] PackLoader:240 - Cannot read IP mode file for STMicroelectronics.X-CUBE-DISPLAY.3.0.0
2024-07-02 09:50:40,151 [WARN] PackLoader:240 - Cannot read IP mode file for STMicroelectronics.X-CUBE-BLE1.7.0.0
2024-07-02 09:50:40,169 [WARN] PackLoader:240 - Cannot read IP mode file for emotas.I-CUBE-CANOPEN.1.3.0
2024-07-02 09:50:40,224 [WARN] PackLoader:240 - Cannot read IP mode file for STMicroelectronics.X-CUBE-BLEMGR.3.1.0
2024-07-02 09:50:40,237 [WARN] PackLoader:240 - Cannot read IP mode file for STMicroelectronics.FP-SNS-SMARTAG2.1.2.0
2024-07-02 09:50:40,258 [INFO] LogOutputStream:77 - [STDOUT_REDIRECT] 1 : Invalid condition id : UX_CORESTACK_Condition cause : null
2024-07-02 09:50:40,258 [INFO] LogOutputStream:77 - [STDOUT_REDIRECT] 1 : Invalid condition id : UX_CORESTACK_Condition cause : null
2024-07-02 09:50:40,259 [INFO] LogOutputStream:77 - [STDOUT_REDIRECT] 1 : Invalid condition id : UX_CORESTACK_Condition cause : null
2024-07-02 09:50:40,260 [INFO] LogOutputStream:77 - [STDOUT_REDIRECT] 1 : Invalid condition id : UX_CORESTACK_Condition cause : null
2024-07-02 09:50:40,261 [INFO] LogOutputStream:77 - [STDOUT_REDIRECT] 1 : Invalid condition id : UX_CORESTACK_Condition cause : null
2024-07-02 09:50:40,265 [WARN] PackLoader:240 - Cannot read IP mode file for STMicroelectronics.X-CUBE-AZRTOS-WL.2.0.0
2024-07-02 09:50:40,280 [WARN] PackLoader:240 - Cannot read IP mode file for STMicroelectronics.FP-SNS-MOTENV1.5.0.0
2024-07-02 09:50:40,296 [WARN] PackLoader:240 - Cannot read IP mode file for wolfSSL.I-CUBE-wolfMQTT.1.19.0
2024-07-02 09:50:40,311 [WARN] PackLoader:240 - Cannot read IP mode file for WES.I-CUBE-Cesium.1.3.0
2024-07-02 09:50:40,324 [WARN] PackLoader:240 - Cannot read IP mode file for STMicroelectronics.X-CUBE-BLE2.3.3.0
2024-07-02 09:50:40,339 [WARN] PackLoader:240 - Cannot read IP mode file for STMicroelectronics.X-CUBE-TCPP.4.1.0
2024-07-02 09:50:40,355 [WARN] PackLoader:240 - Cannot read IP mode file for STMicroelectronics.X-CUBE-ALGOBUILD.1.3.0
2024-07-02 09:50:40,383 [WARN] PackLoader:240 - Cannot read IP mode file for STMicroelectronics.X-CUBE-AZRTOS-G0.1.1.0
2024-07-02 09:50:40,402 [WARN] PackLoader:240 - Cannot read IP mode file for STMicroelectronics.X-CUBE-SAFEA1.1.2.2
2024-07-02 09:50:40,418 [WARN] PackLoader:240 - Cannot read IP mode file for STMicroelectronics.X-CUBE-NFC4.3.0.0
2024-07-02 09:50:40,431 [WARN] PackLoader:240 - Cannot read IP mode file for wolfSSL.I-CUBE-wolfMQTT.1.18.0
2024-07-02 09:50:40,445 [WARN] PackLoader:240 - Cannot read IP mode file for STMicroelectronics.FP-ATR-SIGFOX1.3.2.0
2024-07-02 09:50:40,462 [WARN] PackLoader:240 - Cannot read IP mode file for STMicroelectronics.X-CUBE-EEPRMA1.5.1.0
2024-07-02 09:50:40,513 [WARN] PackLoader:240 - Cannot read IP mode file for SEGGER.I-CUBE-embOS.1.3.1
2024-07-02 09:50:40,582 [WARN] PackLoader:240 - Cannot read IP mode file for STMicroelectronics.X-CUBE-ALGOBUILD.1.4.0
2024-07-02 09:50:40,601 [WARN] PackLoader:240 - Cannot read IP mode file for STMicroelectronics.X-CUBE-GNSS1.6.0.0
2024-07-02 09:50:40,635 [WARN] PackLoader:240 - Cannot read IP mode file for STMicroelectronics.X-CUBE-AZRTOS-F4.1.1.0
2024-07-02 09:50:40,653 [WARN] PackLoader:240 - Cannot read IP mode file for STMicroelectronics.X-CUBE-FREERTOS.1.2.0
2024-07-02 09:50:40,669 [WARN] PackLoader:240 - Cannot read IP mode file for wolfSSL.I-CUBE-wolfSSL.5.6.6
2024-07-02 09:50:40,701 [WARN] PackLoader:240 - Cannot read IP mode file for STMicroelectronics.X-CUBE-AZRTOS-L5.2.0.0
2024-07-02 09:50:40,721 [WARN] PackLoader:240 - Cannot read IP mode file for STMicroelectronics.X-CUBE-NFC6.3.1.0
2024-07-02 09:50:40,740 [WARN] PackLoader:240 - Cannot read IP mode file for ITTIA_DB.I-CUBE-ITTIADB.8.8.0
2024-07-02 09:50:40,757 [WARN] PackLoader:240 - Cannot read IP mode file for STMicroelectronics.X-CUBE-AI.9.0.0
2024-07-02 09:50:40,772 [WARN] PackLoader:240 - Cannot read IP mode file for STMicroelectronics.X-CUBE-NFC7.1.0.1
2024-07-02 09:50:40,791 [WARN] PackLoader:240 - Cannot read IP mode file for STMicroelectronics.X-CUBE-NFC6.3.0.0
2024-07-02 09:50:40,806 [WARN] PackLoader:240 - Cannot read IP mode file for STMicroelectronics.X-CUBE-AI.8.1.0
2024-07-02 09:50:40,840 [WARN] ConditionMgr:438 - getConditionDescription Invalid condition id : LAN8742 Phy interface Condition cause : null
2024-07-02 09:50:40,841 [WARN] PackLoader:240 - Cannot read IP mode file for STMicroelectronics.X-CUBE-AZRTOS-L4.2.0.0
2024-07-02 09:50:40,843 [WARN] ConditionMgr:1039 - genDependencies : Invalid condition id : LAN8742 Phy interface Condition cause : null
2024-07-02 09:50:40,843 [WARN] ConditionMgr:1039 - genDependencies : Invalid condition id : LAN8742 Phy interface Condition cause : null
2024-07-02 09:50:40,843 [WARN] ConditionMgr:1039 - genDependencies : Invalid condition id : LAN8742 Phy interface Condition cause : null
2024-07-02 09:50:40,862 [WARN] PackLoader:240 - Cannot read IP mode file for STMicroelectronics.X-CUBE-SFXS2LP1.4.0.0
2024-07-02 09:50:40,890 [WARN] ConditionMgr:438 - getConditionDescription Invalid condition id : UX DEVICE CLASS RTOS Condition cause : null
2024-07-02 09:50:40,890 [WARN] ConditionMgr:438 - getConditionDescription Invalid condition id : UX DEVICE CLASS RTOS Condition cause : null
2024-07-02 09:50:40,892 [WARN] PackLoader:240 - Cannot read IP mode file for STMicroelectronics.X-CUBE-AZRTOS-WB.2.0.0
2024-07-02 09:50:40,893 [WARN] ConditionMgr:1039 - genDependencies : Invalid condition id : UX DEVICE CLASS RTOS Condition cause : null
2024-07-02 09:50:40,893 [WARN] ConditionMgr:1039 - genDependencies : Invalid condition id : UX DEVICE CLASS RTOS Condition cause : null
2024-07-02 09:50:40,894 [WARN] ConditionMgr:1039 - genDependencies : Invalid condition id : UX DEVICE CLASS RTOS Condition cause : null
2024-07-02 09:50:40,894 [WARN] ConditionMgr:1039 - genDependencies : Invalid condition id : UX DEVICE CLASS RTOS Condition cause : null
2024-07-02 09:50:40,894 [WARN] ConditionMgr:1039 - genDependencies : Invalid condition id : UX DEVICE CLASS RTOS Condition cause : null
2024-07-02 09:50:40,918 [WARN] PackLoader:240 - Cannot read IP mode file for STMicroelectronics.X-CUBE-SUBG2.5.0.0
2024-07-02 09:50:40,951 [WARN] PackLoader:240 - Cannot read IP mode file for STMicroelectronics.X-CUBE-AZRTOS-G4.2.0.0
2024-07-02 09:50:40,981 [WARN] PackLoader:240 - Cannot read IP mode file for Infineon.AIROC-Wi-Fi-Bluetooth-STM32.1.5.1
2024-07-02 09:50:41,001 [WARN] PackLoader:240 - Cannot read IP mode file for STMicroelectronics.FP-SNS-MOTENVWB1.1.3.1
2024-07-02 09:50:41,018 [WARN] PackLoader:240 - Cannot read IP mode file for STMicroelectronics.X-CUBE-ISPU.2.0.0
2024-07-02 09:50:41,035 [WARN] PackLoader:240 - Cannot read IP mode file for STMicroelectronics.X-CUBE-ALS.1.0.2
2024-07-02 09:50:41,096 [WARN] PackLoader:240 - Cannot read IP mode file for STMicroelectronics.X-CUBE-MEMS1.10.0.0
2024-07-02 09:50:41,256 [WARN] PackLoader:240 - Cannot read IP mode file for STMicroelectronics.X-CUBE-FREERTOS.1.1.0
2024-07-02 09:50:41,271 [WARN] PackLoader:240 - Cannot read IP mode file for STMicroelectronics.X-CUBE-TOUCHGFX.4.24.0
2024-07-02 09:50:41,288 [WARN] PackLoader:240 - Cannot read IP mode file for portGmbH.I-Cube-SoM-uGOAL.1.1.0
2024-07-02 09:50:41,304 [WARN] PackLoader:240 - Cannot read IP mode file for STMicroelectronics.X-CUBE-ALS.1.0.1
2024-07-02 09:50:41,337 [WARN] PackLoader:240 - Cannot read IP mode file for STMicroelectronics.X-CUBE-AZRTOS-H7RS.1.0.0
2024-07-02 09:50:41,355 [WARN] PackLoader:240 - Cannot read IP mode file for STMicroelectronics.FP-ATR-ASTRA1.2.0.0
2024-07-02 09:50:41,377 [WARN] PackLoader:240 - Cannot read IP mode file for STMicroelectronics.X-CUBE-TOF1.3.4.1
2024-07-02 09:50:41,426 [WARN] PackLoader:240 - Cannot read IP mode file for STMicroelectronics.X-CUBE-AZRTOS-H7.3.2.0
2024-07-02 09:50:41,759 [INFO] ThirdParty:978 - Integrity check success = true
2024-07-02 09:50:41,759 [INFO] IntegrityCheckThread:100 - exiting critical section [integrity check]
2024-07-02 09:50:41,759 [INFO] IntegrityCheckThread:103 - End integrity checks thread
2024-07-02 09:50:44,306 [INFO] WebApp:161 - Instantiating new browser for Auth
2024-07-02 09:50:45,325 [INFO] WebApp:779 - Register for checkConnection events
2024-07-02 09:50:45,325 [INFO] WebApp:414 - Apply proxy settings
2024-07-02 09:50:45,325 [INFO] WebApp:499 - Chromium requires no authentication
2024-07-02 09:50:45,331 [INFO] WebApp:442 - Direct internet connection detected
2024-07-02 09:50:45,509 [INFO] WebApp:192 - Starting web application
2024-07-02 09:50:45,510 [INFO] WebApp:544 - Web application path used C:\ST\STM32CubeIDE_1.14.1\STM32CubeIDE\plugins\com.st.stm32cube.common.mx_6.11.1.202404110753\db\plugins\mcufinder\reactClient1\index.html
2024-07-02 10:21:55,225 [INFO] McuFinderGlobals:63 - Set McuFinder mode to 2 (CubeIDE integrated)
2024-07-02 10:21:55,251 [INFO] MainUpdater:2873 - connection check result : 10
2024-07-02 10:21:55,257 [INFO] MainUpdater:2873 - connection check result : 10
2024-07-02 10:21:55,410 [INFO] MicroXplorer:468 - Change Database Path : 
2024-07-02 10:21:55,410 [INFO] MicroXplorer:498 - Change Database Version : DB.6.0.111
2024-07-02 10:21:55,421 [WARN] ThirdParty:871 - waiting for thirdparty lock release [close project]
2024-07-02 10:21:55,421 [INFO] ThirdParty:873 - entering critical section [close project]
2024-07-02 10:21:55,422 [INFO] ThirdParty:883 - exiting critical section [close project]
2024-07-02 10:21:55,424 [INFO] PinOutPanel:1561 - setPackage(No Configuration,No Configuration)
2024-07-02 10:21:55,427 [INFO] UtilMem:75 - Begin LoadConfig() Used Memory: 636618224 Bytes (1073741824)
2024-07-02 10:21:55,464 [INFO] MicroXplorer:468 - Change Database Path : C:/Users/andre/.stm32cubemx/databases/DB.6.0.110/db/
2024-07-02 10:21:55,465 [INFO] MicroXplorer:498 - Change Database Version : DB.6.0.110
2024-07-02 10:21:56,863 [INFO] OpenFileManager:312 - Change cursor
2024-07-02 10:21:56,917 [INFO] Mcu:2021 - Initializing MCU STM32H723ZGTx STM32H723ZGTx STM32H723ZGT6
2024-07-02 10:22:01,536 [INFO] Context:663 - Trying to add GPIOservice into a context  which must be forbidden
2024-07-02 10:22:03,261 [INFO] RtosManager:555 - Registered RTOS mode: class=CMSIS, group=RTOS, mode=CMSIS_V1, owner=FREERTOS
2024-07-02 10:22:03,262 [INFO] RtosManager:555 - Registered RTOS mode: class=CMSIS, group=RTOS2, mode=CMSIS_V2, owner=FREERTOS
2024-07-02 10:22:03,262 [INFO] RtosManager:555 - Registered RTOS mode: class=RTOS, group=Core, mode=CMSIS_V1, owner=FREERTOS
2024-07-02 10:22:03,262 [INFO] RtosManager:555 - Registered RTOS mode: class=RTOS, group=Core, mode=CMSIS_V2, owner=FREERTOS
2024-07-02 10:22:03,262 [WARN] ModelIntegratedComponent:184 - Missing modes for component STMicroelectronics:FreeRTOS:0.0.1:STMicroelectronics:RTOS:FreeRTOS:Core:::10.2.0:
2024-07-02 10:22:03,274 [WARN] ModelIntegratedComponent:182 - Modes not found for component STMicroelectronics:USB_HOST:1.0.0:STMicroelectronics:USB::USB Host:Audio FS::1.0:USB_HOST_1_0_RESTRICTED_FS
2024-07-02 10:22:03,274 [WARN] ModelIntegratedComponent:188 - Modes not found for component STMicroelectronics:USB_HOST:1.0.0:STMicroelectronics:USB::USB Host:Audio FS::1.0:USB_HOST_1_0_RESTRICTED_FS
2024-07-02 10:22:03,275 [WARN] ModelIntegratedComponent:182 - Modes not found for component STMicroelectronics:USB_HOST:1.0.0:STMicroelectronics:USB::USB Host:CDC FS::1.0:USB_HOST_1_0_RESTRICTED_FS
2024-07-02 10:22:03,275 [WARN] ModelIntegratedComponent:188 - Modes not found for component STMicroelectronics:USB_HOST:1.0.0:STMicroelectronics:USB::USB Host:CDC FS::1.0:USB_HOST_1_0_RESTRICTED_FS
2024-07-02 10:22:03,275 [WARN] ModelIntegratedComponent:182 - Modes not found for component STMicroelectronics:USB_HOST:1.0.0:STMicroelectronics:USB::USB Host:MSC FS::1.0:USB_HOST_1_0_RESTRICTED_FS
2024-07-02 10:22:03,275 [WARN] ModelIntegratedComponent:188 - Modes not found for component STMicroelectronics:USB_HOST:1.0.0:STMicroelectronics:USB::USB Host:MSC FS::1.0:USB_HOST_1_0_RESTRICTED_FS
2024-07-02 10:22:03,275 [WARN] ModelIntegratedComponent:182 - Modes not found for component STMicroelectronics:USB_HOST:1.0.0:STMicroelectronics:USB::USB Host:HID FS::1.0:USB_HOST_1_0_RESTRICTED_FS
2024-07-02 10:22:03,275 [WARN] ModelIntegratedComponent:188 - Modes not found for component STMicroelectronics:USB_HOST:1.0.0:STMicroelectronics:USB::USB Host:HID FS::1.0:USB_HOST_1_0_RESTRICTED_FS
2024-07-02 10:22:03,275 [WARN] ModelIntegratedComponent:182 - Modes not found for component STMicroelectronics:USB_HOST:1.0.0:STMicroelectronics:USB::USB Host:MTP FS::1.0:USB_HOST_1_0_RESTRICTED_FS
2024-07-02 10:22:03,275 [WARN] ModelIntegratedComponent:188 - Modes not found for component STMicroelectronics:USB_HOST:1.0.0:STMicroelectronics:USB::USB Host:MTP FS::1.0:USB_HOST_1_0_RESTRICTED_FS
2024-07-02 10:22:03,288 [WARN] ModelIntegratedComponent:63 - No mode defined for component null
2024-07-02 10:22:03,288 [WARN] ModelIntegratedComponent:63 - No mode defined for component null
2024-07-02 10:22:03,288 [WARN] ModelIntegratedComponent:63 - No mode defined for component null
2024-07-02 10:22:03,288 [WARN] ModelIntegratedComponent:63 - No mode defined for component null
2024-07-02 10:22:03,288 [WARN] ModelIntegratedComponent:63 - No mode defined for component null
2024-07-02 10:22:03,288 [WARN] ModelIntegratedComponent:63 - No mode defined for component null
2024-07-02 10:22:03,288 [WARN] ModelIntegratedComponent:63 - No mode defined for component null
2024-07-02 10:22:03,288 [WARN] ModelIntegratedComponent:63 - No mode defined for component null
2024-07-02 10:22:03,288 [WARN] ModelIntegratedComponent:63 - No mode defined for component null
2024-07-02 10:22:03,288 [WARN] ModelIntegratedComponent:63 - No mode defined for component null
2024-07-02 10:22:03,288 [WARN] ModelIntegratedComponent:63 - No mode defined for component null
2024-07-02 10:22:03,288 [WARN] ModelIntegratedComponent:63 - No mode defined for component null
2024-07-02 10:22:03,288 [WARN] ModelIntegratedComponent:63 - No mode defined for component null
2024-07-02 10:22:03,288 [WARN] ModelIntegratedComponent:63 - No mode defined for component null
2024-07-02 10:22:03,288 [WARN] ModelIntegratedComponent:63 - No mode defined for component null
2024-07-02 10:22:03,288 [WARN] ModelIntegratedComponent:63 - No mode defined for component null
2024-07-02 10:22:03,288 [WARN] ModelIntegratedComponent:63 - No mode defined for component null
2024-07-02 10:22:03,288 [WARN] ModelIntegratedComponent:63 - No mode defined for component null
2024-07-02 10:22:03,288 [WARN] ModelIntegratedComponent:63 - No mode defined for component null
2024-07-02 10:22:03,289 [WARN] ModelIntegratedComponent:63 - No mode defined for component null
2024-07-02 10:22:03,289 [WARN] ModelIntegratedComponent:63 - No mode defined for component null
2024-07-02 10:22:03,289 [WARN] ModelIntegratedComponent:63 - No mode defined for component null
2024-07-02 10:22:03,289 [WARN] ModelIntegratedComponent:63 - No mode defined for component null
2024-07-02 10:22:03,289 [WARN] ModelIntegratedComponent:63 - No mode defined for component null
2024-07-02 10:22:03,289 [WARN] ModelIntegratedComponent:63 - No mode defined for component null
2024-07-02 10:22:03,289 [WARN] ModelIntegratedComponent:63 - No mode defined for component null
2024-07-02 10:22:03,289 [WARN] ModelIntegratedComponent:63 - No mode defined for component null
2024-07-02 10:22:03,289 [WARN] ModelIntegratedComponent:63 - No mode defined for component null
2024-07-02 10:22:03,289 [WARN] ModelIntegratedComponent:63 - No mode defined for component null
2024-07-02 10:22:03,289 [WARN] ModelIntegratedComponent:63 - No mode defined for component null
2024-07-02 10:22:03,289 [WARN] ModelIntegratedComponent:63 - No mode defined for component null
2024-07-02 10:22:03,289 [WARN] ModelIntegratedComponent:63 - No mode defined for component null
2024-07-02 10:22:03,289 [WARN] ModelIntegratedComponent:63 - No mode defined for component null
2024-07-02 10:22:03,289 [WARN] ModelIntegratedComponent:63 - No mode defined for component null
2024-07-02 10:22:03,387 [WARN] ModelIntegratedComponent:182 - Modes not found for component STMicroelectronics:USB_DEVICE:1.0.0:STMicroelectronics:USB::USB Device:Audio FS::1.0:USB_DEVICE_1_0_RESTRICTED_FS
2024-07-02 10:22:03,387 [WARN] ModelIntegratedComponent:188 - Modes not found for component STMicroelectronics:USB_DEVICE:1.0.0:STMicroelectronics:USB::USB Device:Audio FS::1.0:USB_DEVICE_1_0_RESTRICTED_FS
2024-07-02 10:22:03,387 [WARN] ModelIntegratedComponent:182 - Modes not found for component STMicroelectronics:USB_DEVICE:1.0.0:STMicroelectronics:USB::USB Device:CDC FS::1.0:USB_DEVICE_1_0_RESTRICTED_FS
2024-07-02 10:22:03,387 [WARN] ModelIntegratedComponent:188 - Modes not found for component STMicroelectronics:USB_DEVICE:1.0.0:STMicroelectronics:USB::USB Device:CDC FS::1.0:USB_DEVICE_1_0_RESTRICTED_FS
2024-07-02 10:22:03,387 [WARN] ModelIntegratedComponent:182 - Modes not found for component STMicroelectronics:USB_DEVICE:1.0.0:STMicroelectronics:USB::USB Device:DFU FS::1.0:USB_DEVICE_1_0_RESTRICTED_FS
2024-07-02 10:22:03,387 [WARN] ModelIntegratedComponent:188 - Modes not found for component STMicroelectronics:USB_DEVICE:1.0.0:STMicroelectronics:USB::USB Device:DFU FS::1.0:USB_DEVICE_1_0_RESTRICTED_FS
2024-07-02 10:22:03,387 [WARN] ModelIntegratedComponent:182 - Modes not found for component STMicroelectronics:USB_DEVICE:1.0.0:STMicroelectronics:USB::USB Device:HID FS::1.0:USB_DEVICE_1_0_RESTRICTED_FS
2024-07-02 10:22:03,387 [WARN] ModelIntegratedComponent:188 - Modes not found for component STMicroelectronics:USB_DEVICE:1.0.0:STMicroelectronics:USB::USB Device:HID FS::1.0:USB_DEVICE_1_0_RESTRICTED_FS
2024-07-02 10:22:03,387 [WARN] ModelIntegratedComponent:182 - Modes not found for component STMicroelectronics:USB_DEVICE:1.0.0:STMicroelectronics:USB::USB Device:Custom HID FS::1.0:USB_DEVICE_1_0_RESTRICTED_FS
2024-07-02 10:22:03,387 [WARN] ModelIntegratedComponent:188 - Modes not found for component STMicroelectronics:USB_DEVICE:1.0.0:STMicroelectronics:USB::USB Device:Custom HID FS::1.0:USB_DEVICE_1_0_RESTRICTED_FS
2024-07-02 10:22:03,387 [WARN] ModelIntegratedComponent:182 - Modes not found for component STMicroelectronics:USB_DEVICE:1.0.0:STMicroelectronics:USB::USB Device:MSC FS::1.0:USB_DEVICE_1_0_RESTRICTED_FS
2024-07-02 10:22:03,387 [WARN] ModelIntegratedComponent:188 - Modes not found for component STMicroelectronics:USB_DEVICE:1.0.0:STMicroelectronics:USB::USB Device:MSC FS::1.0:USB_DEVICE_1_0_RESTRICTED_FS
2024-07-02 10:22:03,407 [INFO] ThirdPartyModel:298 - Start build external matchings
2024-07-02 10:22:03,676 [INFO] ThirdPartyModel:316 - End build external matchings
2024-07-02 10:22:03,713 [INFO] ImportTextPane:194 - (OptionalMessage_ERROR) IP (DMA) : Parameter (Instance) has Id (USART1_RX) currently not set
2024-07-02 10:22:03,713 [INFO] ImportTextPane:194 - (OptionalMessage_ERROR) IP (DMA) : Parameter (Request) has Id (USART1_RX) currently not set
2024-07-02 10:22:03,714 [INFO] ImportTextPane:194 - (OptionalMessage_ERROR) IP (DMA) : Parameter (Direction) has Id (USART1_RX) currently not set
2024-07-02 10:22:03,714 [INFO] ImportTextPane:194 - (OptionalMessage_ERROR) IP (DMA) : Parameter (PeriphInc) has Id (USART1_RX) currently not set
2024-07-02 10:22:03,714 [INFO] ImportTextPane:194 - (OptionalMessage_ERROR) IP (DMA) : Parameter (MemInc) has Id (USART1_RX) currently not set
2024-07-02 10:22:03,718 [INFO] ImportTextPane:194 - (OptionalMessage_ERROR) IP (DMA) : Parameter (PeriphDataAlignment) has Id (USART1_RX) currently not set
2024-07-02 10:22:03,719 [INFO] ImportTextPane:194 - (OptionalMessage_ERROR) IP (DMA) : Parameter (MemDataAlignment) has Id (USART1_RX) currently not set
2024-07-02 10:22:03,719 [INFO] ImportTextPane:194 - (OptionalMessage_ERROR) IP (DMA) : Parameter (Mode) has Id (USART1_RX) currently not set
2024-07-02 10:22:03,719 [INFO] ImportTextPane:194 - (OptionalMessage_ERROR) IP (DMA) : Parameter (Priority) has Id (USART1_RX) currently not set
2024-07-02 10:22:03,719 [INFO] ImportTextPane:194 - (OptionalMessage_ERROR) IP (DMA) : Parameter (FIFOMode) has Id (USART1_RX) currently not set
2024-07-02 10:22:03,719 [INFO] ImportTextPane:194 - (OptionalMessage_ERROR) IP (DMA) : Parameter (SignalID) has Id (USART1_RX) currently not set
2024-07-02 10:22:03,719 [INFO] ImportTextPane:194 - (OptionalMessage_ERROR) IP (DMA) : Parameter (Polarity) has Id (USART1_RX) currently not set
2024-07-02 10:22:03,719 [INFO] ImportTextPane:194 - (OptionalMessage_ERROR) IP (DMA) : Parameter (RequestNumber) has Id (USART1_RX) currently not set
2024-07-02 10:22:03,719 [INFO] ImportTextPane:194 - (OptionalMessage_ERROR) IP (DMA) : Parameter (SyncSignalID) has Id (USART1_RX) currently not set
2024-07-02 10:22:03,719 [INFO] ImportTextPane:194 - (OptionalMessage_ERROR) IP (DMA) : Parameter (SyncPolarity) has Id (USART1_RX) currently not set
2024-07-02 10:22:03,720 [INFO] ImportTextPane:194 - (OptionalMessage_ERROR) IP (DMA) : Parameter (SyncEnable) has Id (USART1_RX) currently not set
2024-07-02 10:22:03,720 [INFO] ImportTextPane:194 - (OptionalMessage_ERROR) IP (DMA) : Parameter (EventEnable) has Id (USART1_RX) currently not set
2024-07-02 10:22:03,720 [INFO] ImportTextPane:194 - (OptionalMessage_ERROR) IP (DMA) : Parameter (SyncRequestNumber) has Id (USART1_RX) currently not set
2024-07-02 10:22:03,720 [INFO] ImportTextPane:194 - (OptionalMessage_ERROR) IP (DMA) : Parameter (Instance) has Id (USART1_TX) currently not set
2024-07-02 10:22:03,720 [INFO] ImportTextPane:194 - (OptionalMessage_ERROR) IP (DMA) : Parameter (Request) has Id (USART1_TX) currently not set
2024-07-02 10:22:03,720 [INFO] ImportTextPane:194 - (OptionalMessage_ERROR) IP (DMA) : Parameter (Direction) has Id (USART1_TX) currently not set
2024-07-02 10:22:03,720 [INFO] ImportTextPane:194 - (OptionalMessage_ERROR) IP (DMA) : Parameter (PeriphInc) has Id (USART1_TX) currently not set
2024-07-02 10:22:03,720 [INFO] ImportTextPane:194 - (OptionalMessage_ERROR) IP (DMA) : Parameter (MemInc) has Id (USART1_TX) currently not set
2024-07-02 10:22:03,720 [INFO] ImportTextPane:194 - (OptionalMessage_ERROR) IP (DMA) : Parameter (PeriphDataAlignment) has Id (USART1_TX) currently not set
2024-07-02 10:22:03,720 [INFO] ImportTextPane:194 - (OptionalMessage_ERROR) IP (DMA) : Parameter (MemDataAlignment) has Id (USART1_TX) currently not set
2024-07-02 10:22:03,720 [INFO] ImportTextPane:194 - (OptionalMessage_ERROR) IP (DMA) : Parameter (Mode) has Id (USART1_TX) currently not set
2024-07-02 10:22:03,721 [INFO] ImportTextPane:194 - (OptionalMessage_ERROR) IP (DMA) : Parameter (Priority) has Id (USART1_TX) currently not set
2024-07-02 10:22:03,721 [INFO] ImportTextPane:194 - (OptionalMessage_ERROR) IP (DMA) : Parameter (FIFOMode) has Id (USART1_TX) currently not set
2024-07-02 10:22:03,721 [INFO] ImportTextPane:194 - (OptionalMessage_ERROR) IP (DMA) : Parameter (SignalID) has Id (USART1_TX) currently not set
2024-07-02 10:22:03,721 [INFO] ImportTextPane:194 - (OptionalMessage_ERROR) IP (DMA) : Parameter (Polarity) has Id (USART1_TX) currently not set
2024-07-02 10:22:03,721 [INFO] ImportTextPane:194 - (OptionalMessage_ERROR) IP (DMA) : Parameter (RequestNumber) has Id (USART1_TX) currently not set
2024-07-02 10:22:03,721 [INFO] ImportTextPane:194 - (OptionalMessage_ERROR) IP (DMA) : Parameter (SyncSignalID) has Id (USART1_TX) currently not set
2024-07-02 10:22:03,721 [INFO] ImportTextPane:194 - (OptionalMessage_ERROR) IP (DMA) : Parameter (SyncPolarity) has Id (USART1_TX) currently not set
2024-07-02 10:22:03,721 [INFO] ImportTextPane:194 - (OptionalMessage_ERROR) IP (DMA) : Parameter (SyncEnable) has Id (USART1_TX) currently not set
2024-07-02 10:22:03,721 [INFO] ImportTextPane:194 - (OptionalMessage_ERROR) IP (DMA) : Parameter (EventEnable) has Id (USART1_TX) currently not set
2024-07-02 10:22:03,721 [INFO] ImportTextPane:194 - (OptionalMessage_ERROR) IP (DMA) : Parameter (SyncRequestNumber) has Id (USART1_TX) currently not set
2024-07-02 10:22:03,721 [INFO] ImportTextPane:194 - (OptionalMessage_ERROR) IP (DMA) : Parameter (Instance) has Id (SPI2_RX) currently not set
2024-07-02 10:22:03,721 [INFO] ImportTextPane:194 - (OptionalMessage_ERROR) IP (DMA) : Parameter (Request) has Id (SPI2_RX) currently not set
2024-07-02 10:22:03,722 [INFO] ImportTextPane:194 - (OptionalMessage_ERROR) IP (DMA) : Parameter (Direction) has Id (SPI2_RX) currently not set
2024-07-02 10:22:03,722 [INFO] ImportTextPane:194 - (OptionalMessage_ERROR) IP (DMA) : Parameter (PeriphInc) has Id (SPI2_RX) currently not set
2024-07-02 10:22:03,722 [INFO] ImportTextPane:194 - (OptionalMessage_ERROR) IP (DMA) : Parameter (MemInc) has Id (SPI2_RX) currently not set
2024-07-02 10:22:03,722 [INFO] ImportTextPane:194 - (OptionalMessage_ERROR) IP (DMA) : Parameter (PeriphDataAlignment) has Id (SPI2_RX) currently not set
2024-07-02 10:22:03,722 [INFO] ImportTextPane:194 - (OptionalMessage_ERROR) IP (DMA) : Parameter (MemDataAlignment) has Id (SPI2_RX) currently not set
2024-07-02 10:22:03,722 [INFO] ImportTextPane:194 - (OptionalMessage_ERROR) IP (DMA) : Parameter (Mode) has Id (SPI2_RX) currently not set
2024-07-02 10:22:03,722 [INFO] ImportTextPane:194 - (OptionalMessage_ERROR) IP (DMA) : Parameter (Priority) has Id (SPI2_RX) currently not set
2024-07-02 10:22:03,722 [INFO] ImportTextPane:194 - (OptionalMessage_ERROR) IP (DMA) : Parameter (FIFOMode) has Id (SPI2_RX) currently not set
2024-07-02 10:22:03,722 [INFO] ImportTextPane:194 - (OptionalMessage_ERROR) IP (DMA) : Parameter (FIFOThreshold) has Id (SPI2_RX) currently not set
2024-07-02 10:22:03,723 [INFO] ImportTextPane:194 - (OptionalMessage_ERROR) IP (DMA) : Parameter (FIFOThreshold) has invalid value (null)
2024-07-02 10:22:03,723 [INFO] ImportTextPane:194 - (OptionalMessage_ERROR) IP (DMA) : Parameter (MemBurst) has Id (SPI2_RX) currently not set
2024-07-02 10:22:03,723 [INFO] ImportTextPane:194 - (OptionalMessage_ERROR) IP (DMA) : Parameter (MemBurst) has invalid value (null)
2024-07-02 10:22:03,723 [INFO] ImportTextPane:194 - (OptionalMessage_ERROR) IP (DMA) : Parameter (PeriphBurst) has Id (SPI2_RX) currently not set
2024-07-02 10:22:03,723 [INFO] ImportTextPane:194 - (OptionalMessage_ERROR) IP (DMA) : Parameter (PeriphBurst) has invalid value (null)
2024-07-02 10:22:03,723 [INFO] ImportTextPane:194 - (OptionalMessage_ERROR) IP (DMA) : Parameter (SignalID) has Id (SPI2_RX) currently not set
2024-07-02 10:22:03,723 [INFO] ImportTextPane:194 - (OptionalMessage_ERROR) IP (DMA) : Parameter (Polarity) has Id (SPI2_RX) currently not set
2024-07-02 10:22:03,723 [INFO] ImportTextPane:194 - (OptionalMessage_ERROR) IP (DMA) : Parameter (RequestNumber) has Id (SPI2_RX) currently not set
2024-07-02 10:22:03,723 [INFO] ImportTextPane:194 - (OptionalMessage_ERROR) IP (DMA) : Parameter (SyncSignalID) has Id (SPI2_RX) currently not set
2024-07-02 10:22:03,723 [INFO] ImportTextPane:194 - (OptionalMessage_ERROR) IP (DMA) : Parameter (SyncPolarity) has Id (SPI2_RX) currently not set
2024-07-02 10:22:03,723 [INFO] ImportTextPane:194 - (OptionalMessage_ERROR) IP (DMA) : Parameter (SyncEnable) has Id (SPI2_RX) currently not set
2024-07-02 10:22:03,723 [INFO] ImportTextPane:194 - (OptionalMessage_ERROR) IP (DMA) : Parameter (EventEnable) has Id (SPI2_RX) currently not set
2024-07-02 10:22:03,724 [INFO] ImportTextPane:194 - (OptionalMessage_ERROR) IP (DMA) : Parameter (SyncRequestNumber) has Id (SPI2_RX) currently not set
2024-07-02 10:22:03,745 [WARN] IP:2120 - DEVICE_SERIAL0_CDC_HS not found: check if there is a RefParameter without a condition.
2024-07-02 10:22:03,746 [WARN] IP:2120 - DEVICE_SERIAL1_CDC_HS not found: check if there is a RefParameter without a condition.
2024-07-02 10:22:03,746 [WARN] IP:2120 - DEVICE_SERIAL2_CDC_HS not found: check if there is a RefParameter without a condition.
2024-07-02 10:22:04,580 [INFO] ApiDb:581 - Connected to CubeFinder SQLite database (C:\Users\andre\.stmcufinder\plugins\mcufinder\mcu\cube-finder-db.db)
2024-07-02 10:22:04,676 [INFO] ApiDb:668 - CubeFinder database Data Model version=2.1
2024-07-02 10:22:04,676 [INFO] ApiDb:669 - CubeFinder database Configuration version=3.0.39
2024-07-02 10:22:04,678 [INFO] ApiDb:670 - CubeFinder database generation date=2024-03-01 (1709305525)
2024-07-02 10:22:04,678 [INFO] ApiDb:671 - CubeFinder database FW Pack versions=[FP-ATR-ASTRA1_V2.0.0, FP-SNS-FLIGHT1_V5.0.1, FP-SNS-FLIGHT1_V5.0.2, FP-SNS-MOTENV1_V4.3.1, FP-SNS-MOTENV1_V4.3.2, FP-SNS-MOTENVWB1_V1.3.1, FP-SNS-SMARTAG2_V1.2.0, STM32Cube_FW_C0_V1.1.0, STM32Cube_FW_F4_V1.28.0, STM32Cube_FW_F7_V1.17.0, STM32Cube_FW_G0_V1.6.2, STM32Cube_FW_G4_V1.5.2, STM32Cube_FW_H5_V0.5.1, STM32Cube_FW_H5_V1.1.1, STM32Cube_FW_H5_V1.2.0, STM32Cube_FW_H5_V1.2.0RC4, STM32Cube_FW_H7RS_V1.0.0, STM32Cube_FW_H7RS_V1.0.0RC4, STM32Cube_FW_H7_V1.11.0, STM32Cube_FW_L0_V1.12.2, STM32Cube_FW_L5_V1.5.1, STM32Cube_FW_U0_V1.0.0, STM32Cube_FW_U0_V1.0.0RC1, STM32Cube_FW_U5_V1.3.0RC4, STM32Cube_FW_U5_V1.5.0, STM32Cube_FW_U5_V1.5.0RC1, STM32Cube_FW_WBA_V1.0.0RC1, STM32Cube_FW_WBA_V1.2.0, STM32Cube_FW_WBA_V1.2.0RC2, STM32Cube_FW_WBA_V1.3.0, STM32Cube_FW_WBA_V1.3.0RC1, STM32Cube_FW_WB_V1.15.0RC1, STM32Cube_FW_WB_V1.16.0, STM32Cube_FW_WB_V1.16.0RC2, STM32Cube_FW_WB_V1.18.0, STM32Cube_FW_WB_V1.19.0, STM32Cube_FW_WL_V1.3.0, X-CUBE-ALGOBUILD_V1.3.0, X-CUBE-ALS_V1.0.1, X-CUBE-AZRTOS-F4_V1.1.0, X-CUBE-AZRTOS-F7_V1.1.0, X-CUBE-AZRTOS-G0_V1.1.0, X-CUBE-AZRTOS-G4_V2.0.0, X-CUBE-AZRTOS-H7_V3.2.0, X-CUBE-AZRTOS-L4_V1.0.0, X-CUBE-AZRTOS-L4_V2.0.0, X-CUBE-AZRTOS-L5_V1.1.0, X-CUBE-AZRTOS-WB_V2.0.0, X-CUBE-AZRTOS-WL_V2.0.0, X-CUBE-BLE1_V7.0.0, X-CUBE-BLE2_V3.3.0, X-CUBE-BLEMGR_V3.1.0, X-CUBE-EEPRMA1_V4.1.0, X-CUBE-EEPRMA1_V5.1.0, X-CUBE-FREERTOS_V1.1.0, X-CUBE-GNSS1_V6.0.0, X-CUBE-MEMS1_V10.0.0, X-CUBE-MEMS1_V9.1.0, X-CUBE-MEMS1_V9.4.0, X-CUBE-MEMS1_V9.6.0, X-CUBE-NFC4_V3.0.0, X-CUBE-NFC7_V1.0.1, X-CUBE-SFXS2LP1_V4.0.0, X-CUBE-SUBG2_V5.0.0, X-CUBE-TOF1_V3.4.0]
2024-07-02 10:22:04,857 [INFO] DbBoardsSqlite:226 - include board P-NUCLEO-WB55-NUCLEO as a kit item of type 'Nucleo-64'
2024-07-02 10:22:04,858 [INFO] DbBoardsSqlite:226 - include board P-NUCLEO-WB55-USBDONGLE as a kit item of type 'Nucleo USB Dongle'
2024-07-02 10:22:04,859 [INFO] DbBoardsSqlite:226 - include board STEVAL-IDP005V1 as a kit item of type 'Evaluation Board'
2024-07-02 10:22:04,860 [INFO] DbBoardsSqlite:226 - include board STEVAL-IDP005V2 as a kit item of type 'Evaluation Board'
2024-07-02 10:22:05,150 [INFO] ApiDb:240 - Found 483 in-development CPN: [B-G473E-ZEST1S, B-WB1M-WPAN1, B-WL5M-SUBG1, NUCLEO-C031C6, NUCLEO-H503RB, NUCLEO-H533RE, NUCLEO-H563ZI, NUCLEO-H7S3L8, NUCLEO-U031R8, NUCLEO-U083RC, NUCLEO-U545RE-Q, NUCLEO-U5A5ZJ-Q, NUCLEO-WBA52CG, NUCLEO-WBA55CG, STEVAL-PROTEUS1, STEVAL-SMARTAG2, STEVAL-STWINBX1, STM320518-EVAL, STM32C0116-DK, STM32C011D6Y3TR, STM32C011D6Y6TR, STM32C011F4P3, STM32C011F4P6, STM32C011F4U3, STM32C011F4U6TR, STM32C011F6P3, STM32C011F6P6, STM32C011F6U3, STM32C011F6U6TR, STM32C011J4M3, STM32C011J4M6, STM32C011J6M3, STM32C011J6M6, STM32C0316-DK, STM32C031C4T3, STM32C031C4T6, STM32C031C4U3, STM32C031C4U6, STM32C031C6T3, STM32C031C6T6, STM32C031C6U3, STM32C031C6U6, STM32C031F4P3, STM32C031F4P6, STM32C031F6P3, STM32C031F6P6, STM32C031G4U3, STM32C031G4U6, STM32C031G6U3, STM32C031G6U6, STM32C031K4T3, STM32C031K4T6, STM32C031K4U3, STM32C031K4U6, STM32C031K6T3, STM32C031K6T6, STM32C031K6U3, STM32C031K6U6, STM32G071K8TXN, STM32G071K8UXN, STM32G081GBU6N, STM32G081KBT6N, STM32G081KBUXN, STM32G0B1CCT6N, STM32G0B1KCT6, STM32G0B1NEY6TR, STM32G0B1RCT6N, STM32G0C1CCT6, STM32G0C1CCT6N, STM32G0C1CCU6N, STM32G0C1CET6N, STM32G0C1CEU6N, STM32G0C1KCT6, STM32G0C1NEY6TR, STM32G0C1RCI6N, STM32G0C1RCT6N, STM32G0C1REI6N, STM32G0C1RET6N, STM32G0C1VCI6, STM32G0C1VEI6, STM32G471CCT6, STM32G471CCU6, STM32G471CET3, STM32G471CET6, STM32G471CEU3, STM32G471CEU6, STM32G471MCT6, STM32G471MET3, STM32G471MET6, STM32G471MEY6TR, STM32G471QCT6, STM32G471QET3, STM32G471RCT6, STM32G471RET3, STM32G471RET6, STM32G471VCH6, STM32G471VCI6, STM32G471VCT6, STM32G471VEH3, STM32G471VEH6, STM32G471VEI3, STM32G471VEI6, STM32G471VET3, STM32G471VET6, STM32G474CCT6, STM32H503CBT6, STM32H503CBU6, STM32H503EBY6TR, STM32H503KBU6, STM32H503RBT6, STM32H523CCT6, STM32H523CCU6, STM32H523CET6, STM32H523CEU6, STM32H523HEY6TR, STM32H523RCT6, STM32H523RET6, STM32H523VCI6, STM32H523VCT6, STM32H523VEI6, STM32H523VET6, STM32H523ZCJ6, STM32H523ZCT6, STM32H523ZEJ6, STM32H523ZET6, STM32H533CET6, STM32H533CEU6, STM32H533HEY6TR, STM32H533RET6, STM32H533VEI6, STM32H533VET6, STM32H533ZEJ6, STM32H533ZET6, STM32H562AGI6, STM32H562AII6, STM32H562IGK6, STM32H562IGT6, STM32H562IIK6, STM32H562IIT6, STM32H562RGT6, STM32H562RGV6, STM32H562RIT6, STM32H562RIV6, STM32H562VGT6, STM32H562VIT6, STM32H562ZGT6, STM32H562ZIT6, STM32H563AGI6, STM32H563AII3Q, STM32H563AII6, STM32H563IGK6, STM32H563IGT6, STM32H563IIK3Q, STM32H563IIK6, STM32H563IIT3Q, STM32H563IIT6, STM32H563MIY3QTR, STM32H563RGT6, STM32H563RGV6, STM32H563RIT6, STM32H563RIV6, STM32H563VGT6, STM32H563VIT3Q, STM32H563VIT6, STM32H563ZGT6, STM32H563ZIT3Q, STM32H563ZIT6, STM32H573AII3Q, STM32H573AII6, STM32H573I-DK, STM32H573IIK3Q, STM32H573IIK6, STM32H573IIT3Q, STM32H573IIT6, STM32H573MIY3QTR, STM32H573RIT6, STM32H573RIV6, STM32H573VIT3Q, STM32H573VIT6, STM32H573ZIT3Q, STM32H573ZIT6, STM32H7R3A8I6, STM32H7R3I8K6, STM32H7R3I8T6, STM32H7R3L8H6, STM32H7R3L8H6H, STM32H7R3R8V6, STM32H7R3V8H6, STM32H7R3V8T6, STM32H7R3V8Y6, STM32H7R3Z8J6, STM32H7R3Z8T6, STM32H7R7A8I6, STM32H7R7I8K6, STM32H7R7I8T6, STM32H7R7L8H6, STM32H7R7L8H6H, STM32H7R7Z8J6, STM32H7S3A8I6, STM32H7S3I8K6, STM32H7S3I8T6, STM32H7S3L8H6, STM32H7S3L8H6H, STM32H7S3R8V6, STM32H7S3V8H6, STM32H7S3V8T6, STM32H7S3V8Y6, STM32H7S3Z8J6, STM32H7S3Z8T6, STM32H7S78-DK, STM32H7S7A8I6, STM32H7S7I8K6, STM32H7S7I8T6, STM32H7S7L8H6, STM32H7S7L8H6H, STM32H7S7Z8J6, STM32L4R5QGI6STR, STM32MP131AAE3, STM32MP131AAF3, STM32MP131AAG3, STM32MP131CAE3, STM32MP131CAF3, STM32MP131CAG3, STM32MP131DAE7, STM32MP131DAF7, STM32MP131DAG7, STM32MP131FAE7, STM32MP131FAF7, STM32MP131FAG7, STM32MP133AAE3, STM32MP133AAF3, STM32MP133AAG3, STM32MP133CAE3, STM32MP133CAF3, STM32MP133CAG3, STM32MP133DAE7, STM32MP133DAF7, STM32MP133DAG7, STM32MP133FAE7, STM32MP133FAF7, STM32MP133FAG7, STM32MP135AAE3, STM32MP135AAF3, STM32MP135AAG3, STM32MP135CAE3, STM32MP135CAF3, STM32MP135CAG3, STM32MP135DAE7, STM32MP135DAF7, STM32MP135DAG7, STM32MP135F-DK, STM32MP135FAE7, STM32MP135FAF7, STM32MP135FAF7T, STM32MP135FAF7U, STM32MP135FAG7, STM32U031C6T6, STM32U031C6U6, STM32U031C8T6, STM32U031C8U6, STM32U031F4P6, STM32U031F6P6, STM32U031F8P6, STM32U031G6Y6TR, STM32U031G8Y6TR, STM32U031K4U6, STM32U031K6U6, STM32U031K8U6, STM32U031R6I6, STM32U031R6T6, STM32U031R8I6, STM32U031R8T6, STM32U073C8T6, STM32U073C8U6, STM32U073CBT6, STM32U073CBU6, STM32U073CCT6, STM32U073CCU6, STM32U073H8Y6TR, STM32U073HBY6TR, STM32U073HCY6TR, STM32U073K8U6, STM32U073KBU6, STM32U073KCU6, STM32U073M8I6, STM32U073M8T6, STM32U073MBI6, STM32U073MBT6, STM32U073MCI6, STM32U073MCT6, STM32U073R8I6, STM32U073R8T6, STM32U073RBI6, STM32U073RBT6, STM32U073RCI6, STM32U073RCT6, STM32U083C-DK, STM32U083CCT6, STM32U083CCU6, STM32U083HCY6TR, STM32U083KCU6, STM32U083MCI6, STM32U083MCT6, STM32U083RCI6, STM32U083RCT6, STM32U535CBT6, STM32U535CBT6Q, STM32U535CBU6, STM32U535CBU6Q, STM32U535CCT6, STM32U535CCT6Q, STM32U535CCU6, STM32U535CCU6Q, STM32U535CET6, STM32U535CET6Q, STM32U535CEU6, STM32U535CEU6Q, STM32U535JEY6QTR, STM32U535NCY6QTR, STM32U535NEY6QTR, STM32U535RBI6, STM32U535RBI6Q, STM32U535RBT6, STM32U535RBT6Q, STM32U535RCI6, STM32U535RCI6Q, STM32U535RCT6, STM32U535RCT6Q, STM32U535REI6, STM32U535REI6Q, STM32U535RET6, STM32U535RET6Q, STM32U535VCI6, STM32U535VCI6Q, STM32U535VCT6, STM32U535VCT6Q, STM32U535VEI6, STM32U535VEI6Q, STM32U535VET6, STM32U535VET6Q, STM32U545CET6, STM32U545CET6Q, STM32U545CEU6, STM32U545CEU6Q, STM32U545JEY6QTR, STM32U545NEY6QTR, STM32U545REI6, STM32U545REI6Q, STM32U545RET6, STM32U545RET6Q, STM32U545VEI6, STM32U545VEI6Q, STM32U545VET6, STM32U545VET6Q, STM32U595AIH6, STM32U595AIH6Q, STM32U595AJH6, STM32U595AJH6Q, STM32U595QII6, STM32U595QII6Q, STM32U595QJI6, STM32U595QJI6Q, STM32U595RIT6, STM32U595RIT6Q, STM32U595RJT6, STM32U595RJT6Q, STM32U595VIT6, STM32U595VIT6Q, STM32U595VJT6, STM32U595VJT6Q, STM32U595ZIT6, STM32U595ZIT6Q, STM32U595ZIY6QTR, STM32U595ZJT6, STM32U595ZJT6Q, STM32U595ZJY6QTR, STM32U599BJY6QTR, STM32U599NIH6Q, STM32U599NJH6Q, STM32U599VIT6Q, STM32U599VJT6, STM32U599VJT6Q, STM32U599ZIT6Q, STM32U599ZIY6QTR, STM32U599ZJT6Q, STM32U599ZJY6QTR, STM32U5A5AJH6, STM32U5A5AJH6Q, STM32U5A5QII3Q , STM32U5A5QJI6, STM32U5A5QJI6Q, STM32U5A5RJT6, STM32U5A5RJT6Q, STM32U5A5VJT6, STM32U5A5VJT6Q, STM32U5A5ZJT6, STM32U5A5ZJT6Q, STM32U5A5ZJY6QTR, STM32U5A9BJY6QTR, STM32U5A9J-DK, STM32U5A9NJH6Q, STM32U5A9VJT6Q, STM32U5A9ZJT6Q, STM32U5A9ZJY6QTR, STM32U5F7VIT6, STM32U5F7VIT6Q, STM32U5F7VJT6, STM32U5F7VJT6Q, STM32U5F9BJY6QTR, STM32U5F9NJH6Q, STM32U5F9VIT6Q, STM32U5F9VJT6Q, STM32U5F9ZIJ6QTR, STM32U5F9ZIT6Q, STM32U5F9ZJJ6QTR, STM32U5F9ZJT6Q, STM32U5G7VJT6, STM32U5G7VJT6Q, STM32U5G9BJY6QTR, STM32U5G9J-DK1, STM32U5G9J-DK2, STM32U5G9NJH6Q, STM32U5G9VJT6Q, STM32U5G9ZJJ6QTR, STM32U5G9ZJT6Q, STM32WB1MMCH6, STM32WBA50KEU6, STM32WBA50KEU6TR, STM32WBA50KGU6, STM32WBA50KGU6TR, STM32WBA52CEU6, STM32WBA52CEU6TR, STM32WBA52CEU7, STM32WBA52CEU7TR, STM32WBA52CGU6, STM32WBA52CGU6TR, STM32WBA52CGU6U, STM32WBA52CGU7, STM32WBA52CGU7TR, STM32WBA52KEU6, STM32WBA52KEU6TR, STM32WBA52KGU6, STM32WBA52KGU6TR, STM32WBA54CEU6, STM32WBA54CEU6TR, STM32WBA54CEU7, STM32WBA54CEU7TR, STM32WBA54CGU6, STM32WBA54CGU6TR, STM32WBA54CGU7, STM32WBA54CGU7TR, STM32WBA54KEU6, STM32WBA54KEU6TR, STM32WBA54KEU7, STM32WBA54KEU7TR, STM32WBA54KGU6, STM32WBA54KGU6TR, STM32WBA54KGU7, STM32WBA54KGU7TR, STM32WBA55CEU6, STM32WBA55CEU6TR, STM32WBA55CEU7, STM32WBA55CEU7TR, STM32WBA55CGU6, STM32WBA55CGU6TR, STM32WBA55CGU6U, STM32WBA55CGU7, STM32WBA55CGU7TR, STM32WBA55G-DK1, STM32WBA55HEF6, STM32WBA55HEF7, STM32WBA55HGF6, STM32WBA55HGF7, STM32WBA55UEI6, STM32WBA55UEI6TR, STM32WBA55UEI7, STM32WBA55UEI7TR, STM32WBA55UGI6, STM32WBA55UGI6TR, STM32WBA55UGI7, STM32WBA55UGI7TR, STM32WL5MOCH6, STM32WL5MOCH6TR]
2024-07-02 10:22:05,311 [INFO] BoardInfo:889 - No configuration file found for board P-NUCLEO-WB55
2024-07-02 10:22:05,311 [INFO] DbBoards:161 - Kit is not supported: P-NUCLEO-WB55
2024-07-02 10:22:05,318 [INFO] BoardInfo:889 - No configuration file found for board STEVAL-BFA001V1B
2024-07-02 10:22:05,318 [INFO] DbBoards:161 - Kit is not supported: STEVAL-BFA001V1B
2024-07-02 10:22:05,319 [INFO] BoardInfo:889 - No configuration file found for board STEVAL-BFA001V2B
2024-07-02 10:22:05,319 [INFO] DbBoards:161 - Kit is not supported: STEVAL-BFA001V2B
2024-07-02 10:22:05,540 [INFO] DbBoards:168 - Found 199 boards, 196 are supported
2024-07-02 10:22:05,541 [INFO] DbBoards:169 - Found 199 boards, 8 of them is supported for  Bsp
2024-07-02 10:22:05,546 [INFO] ApiDb:668 - CubeFinder database Data Model version=2.1
2024-07-02 10:22:05,546 [INFO] ApiDb:669 - CubeFinder database Configuration version=3.0.39
2024-07-02 10:22:05,546 [INFO] ApiDb:670 - CubeFinder database generation date=2024-03-01 (1709305525)
2024-07-02 10:22:05,546 [INFO] ApiDb:671 - CubeFinder database FW Pack versions=[FP-ATR-ASTRA1_V2.0.0, FP-SNS-FLIGHT1_V5.0.1, FP-SNS-FLIGHT1_V5.0.2, FP-SNS-MOTENV1_V4.3.1, FP-SNS-MOTENV1_V4.3.2, FP-SNS-MOTENVWB1_V1.3.1, FP-SNS-SMARTAG2_V1.2.0, STM32Cube_FW_C0_V1.1.0, STM32Cube_FW_F4_V1.28.0, STM32Cube_FW_F7_V1.17.0, STM32Cube_FW_G0_V1.6.2, STM32Cube_FW_G4_V1.5.2, STM32Cube_FW_H5_V0.5.1, STM32Cube_FW_H5_V1.1.1, STM32Cube_FW_H5_V1.2.0, STM32Cube_FW_H5_V1.2.0RC4, STM32Cube_FW_H7RS_V1.0.0, STM32Cube_FW_H7RS_V1.0.0RC4, STM32Cube_FW_H7_V1.11.0, STM32Cube_FW_L0_V1.12.2, STM32Cube_FW_L5_V1.5.1, STM32Cube_FW_U0_V1.0.0, STM32Cube_FW_U0_V1.0.0RC1, STM32Cube_FW_U5_V1.3.0RC4, STM32Cube_FW_U5_V1.5.0, STM32Cube_FW_U5_V1.5.0RC1, STM32Cube_FW_WBA_V1.0.0RC1, STM32Cube_FW_WBA_V1.2.0, STM32Cube_FW_WBA_V1.2.0RC2, STM32Cube_FW_WBA_V1.3.0, STM32Cube_FW_WBA_V1.3.0RC1, STM32Cube_FW_WB_V1.15.0RC1, STM32Cube_FW_WB_V1.16.0, STM32Cube_FW_WB_V1.16.0RC2, STM32Cube_FW_WB_V1.18.0, STM32Cube_FW_WB_V1.19.0, STM32Cube_FW_WL_V1.3.0, X-CUBE-ALGOBUILD_V1.3.0, X-CUBE-ALS_V1.0.1, X-CUBE-AZRTOS-F4_V1.1.0, X-CUBE-AZRTOS-F7_V1.1.0, X-CUBE-AZRTOS-G0_V1.1.0, X-CUBE-AZRTOS-G4_V2.0.0, X-CUBE-AZRTOS-H7_V3.2.0, X-CUBE-AZRTOS-L4_V1.0.0, X-CUBE-AZRTOS-L4_V2.0.0, X-CUBE-AZRTOS-L5_V1.1.0, X-CUBE-AZRTOS-WB_V2.0.0, X-CUBE-AZRTOS-WL_V2.0.0, X-CUBE-BLE1_V7.0.0, X-CUBE-BLE2_V3.3.0, X-CUBE-BLEMGR_V3.1.0, X-CUBE-EEPRMA1_V4.1.0, X-CUBE-EEPRMA1_V5.1.0, X-CUBE-FREERTOS_V1.1.0, X-CUBE-GNSS1_V6.0.0, X-CUBE-MEMS1_V10.0.0, X-CUBE-MEMS1_V9.1.0, X-CUBE-MEMS1_V9.4.0, X-CUBE-MEMS1_V9.6.0, X-CUBE-NFC4_V3.0.0, X-CUBE-NFC7_V1.0.1, X-CUBE-SFXS2LP1_V4.0.0, X-CUBE-SUBG2_V5.0.0, X-CUBE-TOF1_V3.4.0]
2024-07-02 10:22:07,504 [INFO] ApiDb:240 - Found 483 in-development CPN: [B-G473E-ZEST1S, B-WB1M-WPAN1, B-WL5M-SUBG1, NUCLEO-C031C6, NUCLEO-H503RB, NUCLEO-H533RE, NUCLEO-H563ZI, NUCLEO-H7S3L8, NUCLEO-U031R8, NUCLEO-U083RC, NUCLEO-U545RE-Q, NUCLEO-U5A5ZJ-Q, NUCLEO-WBA52CG, NUCLEO-WBA55CG, STEVAL-PROTEUS1, STEVAL-SMARTAG2, STEVAL-STWINBX1, STM320518-EVAL, STM32C0116-DK, STM32C011D6Y3TR, STM32C011D6Y6TR, STM32C011F4P3, STM32C011F4P6, STM32C011F4U3, STM32C011F4U6TR, STM32C011F6P3, STM32C011F6P6, STM32C011F6U3, STM32C011F6U6TR, STM32C011J4M3, STM32C011J4M6, STM32C011J6M3, STM32C011J6M6, STM32C0316-DK, STM32C031C4T3, STM32C031C4T6, STM32C031C4U3, STM32C031C4U6, STM32C031C6T3, STM32C031C6T6, STM32C031C6U3, STM32C031C6U6, STM32C031F4P3, STM32C031F4P6, STM32C031F6P3, STM32C031F6P6, STM32C031G4U3, STM32C031G4U6, STM32C031G6U3, STM32C031G6U6, STM32C031K4T3, STM32C031K4T6, STM32C031K4U3, STM32C031K4U6, STM32C031K6T3, STM32C031K6T6, STM32C031K6U3, STM32C031K6U6, STM32G071K8TXN, STM32G071K8UXN, STM32G081GBU6N, STM32G081KBT6N, STM32G081KBUXN, STM32G0B1CCT6N, STM32G0B1KCT6, STM32G0B1NEY6TR, STM32G0B1RCT6N, STM32G0C1CCT6, STM32G0C1CCT6N, STM32G0C1CCU6N, STM32G0C1CET6N, STM32G0C1CEU6N, STM32G0C1KCT6, STM32G0C1NEY6TR, STM32G0C1RCI6N, STM32G0C1RCT6N, STM32G0C1REI6N, STM32G0C1RET6N, STM32G0C1VCI6, STM32G0C1VEI6, STM32G471CCT6, STM32G471CCU6, STM32G471CET3, STM32G471CET6, STM32G471CEU3, STM32G471CEU6, STM32G471MCT6, STM32G471MET3, STM32G471MET6, STM32G471MEY6TR, STM32G471QCT6, STM32G471QET3, STM32G471RCT6, STM32G471RET3, STM32G471RET6, STM32G471VCH6, STM32G471VCI6, STM32G471VCT6, STM32G471VEH3, STM32G471VEH6, STM32G471VEI3, STM32G471VEI6, STM32G471VET3, STM32G471VET6, STM32G474CCT6, STM32H503CBT6, STM32H503CBU6, STM32H503EBY6TR, STM32H503KBU6, STM32H503RBT6, STM32H523CCT6, STM32H523CCU6, STM32H523CET6, STM32H523CEU6, STM32H523HEY6TR, STM32H523RCT6, STM32H523RET6, STM32H523VCI6, STM32H523VCT6, STM32H523VEI6, STM32H523VET6, STM32H523ZCJ6, STM32H523ZCT6, STM32H523ZEJ6, STM32H523ZET6, STM32H533CET6, STM32H533CEU6, STM32H533HEY6TR, STM32H533RET6, STM32H533VEI6, STM32H533VET6, STM32H533ZEJ6, STM32H533ZET6, STM32H562AGI6, STM32H562AII6, STM32H562IGK6, STM32H562IGT6, STM32H562IIK6, STM32H562IIT6, STM32H562RGT6, STM32H562RGV6, STM32H562RIT6, STM32H562RIV6, STM32H562VGT6, STM32H562VIT6, STM32H562ZGT6, STM32H562ZIT6, STM32H563AGI6, STM32H563AII3Q, STM32H563AII6, STM32H563IGK6, STM32H563IGT6, STM32H563IIK3Q, STM32H563IIK6, STM32H563IIT3Q, STM32H563IIT6, STM32H563MIY3QTR, STM32H563RGT6, STM32H563RGV6, STM32H563RIT6, STM32H563RIV6, STM32H563VGT6, STM32H563VIT3Q, STM32H563VIT6, STM32H563ZGT6, STM32H563ZIT3Q, STM32H563ZIT6, STM32H573AII3Q, STM32H573AII6, STM32H573I-DK, STM32H573IIK3Q, STM32H573IIK6, STM32H573IIT3Q, STM32H573IIT6, STM32H573MIY3QTR, STM32H573RIT6, STM32H573RIV6, STM32H573VIT3Q, STM32H573VIT6, STM32H573ZIT3Q, STM32H573ZIT6, STM32H7R3A8I6, STM32H7R3I8K6, STM32H7R3I8T6, STM32H7R3L8H6, STM32H7R3L8H6H, STM32H7R3R8V6, STM32H7R3V8H6, STM32H7R3V8T6, STM32H7R3V8Y6, STM32H7R3Z8J6, STM32H7R3Z8T6, STM32H7R7A8I6, STM32H7R7I8K6, STM32H7R7I8T6, STM32H7R7L8H6, STM32H7R7L8H6H, STM32H7R7Z8J6, STM32H7S3A8I6, STM32H7S3I8K6, STM32H7S3I8T6, STM32H7S3L8H6, STM32H7S3L8H6H, STM32H7S3R8V6, STM32H7S3V8H6, STM32H7S3V8T6, STM32H7S3V8Y6, STM32H7S3Z8J6, STM32H7S3Z8T6, STM32H7S78-DK, STM32H7S7A8I6, STM32H7S7I8K6, STM32H7S7I8T6, STM32H7S7L8H6, STM32H7S7L8H6H, STM32H7S7Z8J6, STM32L4R5QGI6STR, STM32MP131AAE3, STM32MP131AAF3, STM32MP131AAG3, STM32MP131CAE3, STM32MP131CAF3, STM32MP131CAG3, STM32MP131DAE7, STM32MP131DAF7, STM32MP131DAG7, STM32MP131FAE7, STM32MP131FAF7, STM32MP131FAG7, STM32MP133AAE3, STM32MP133AAF3, STM32MP133AAG3, STM32MP133CAE3, STM32MP133CAF3, STM32MP133CAG3, STM32MP133DAE7, STM32MP133DAF7, STM32MP133DAG7, STM32MP133FAE7, STM32MP133FAF7, STM32MP133FAG7, STM32MP135AAE3, STM32MP135AAF3, STM32MP135AAG3, STM32MP135CAE3, STM32MP135CAF3, STM32MP135CAG3, STM32MP135DAE7, STM32MP135DAF7, STM32MP135DAG7, STM32MP135F-DK, STM32MP135FAE7, STM32MP135FAF7, STM32MP135FAF7T, STM32MP135FAF7U, STM32MP135FAG7, STM32U031C6T6, STM32U031C6U6, STM32U031C8T6, STM32U031C8U6, STM32U031F4P6, STM32U031F6P6, STM32U031F8P6, STM32U031G6Y6TR, STM32U031G8Y6TR, STM32U031K4U6, STM32U031K6U6, STM32U031K8U6, STM32U031R6I6, STM32U031R6T6, STM32U031R8I6, STM32U031R8T6, STM32U073C8T6, STM32U073C8U6, STM32U073CBT6, STM32U073CBU6, STM32U073CCT6, STM32U073CCU6, STM32U073H8Y6TR, STM32U073HBY6TR, STM32U073HCY6TR, STM32U073K8U6, STM32U073KBU6, STM32U073KCU6, STM32U073M8I6, STM32U073M8T6, STM32U073MBI6, STM32U073MBT6, STM32U073MCI6, STM32U073MCT6, STM32U073R8I6, STM32U073R8T6, STM32U073RBI6, STM32U073RBT6, STM32U073RCI6, STM32U073RCT6, STM32U083C-DK, STM32U083CCT6, STM32U083CCU6, STM32U083HCY6TR, STM32U083KCU6, STM32U083MCI6, STM32U083MCT6, STM32U083RCI6, STM32U083RCT6, STM32U535CBT6, STM32U535CBT6Q, STM32U535CBU6, STM32U535CBU6Q, STM32U535CCT6, STM32U535CCT6Q, STM32U535CCU6, STM32U535CCU6Q, STM32U535CET6, STM32U535CET6Q, STM32U535CEU6, STM32U535CEU6Q, STM32U535JEY6QTR, STM32U535NCY6QTR, STM32U535NEY6QTR, STM32U535RBI6, STM32U535RBI6Q, STM32U535RBT6, STM32U535RBT6Q, STM32U535RCI6, STM32U535RCI6Q, STM32U535RCT6, STM32U535RCT6Q, STM32U535REI6, STM32U535REI6Q, STM32U535RET6, STM32U535RET6Q, STM32U535VCI6, STM32U535VCI6Q, STM32U535VCT6, STM32U535VCT6Q, STM32U535VEI6, STM32U535VEI6Q, STM32U535VET6, STM32U535VET6Q, STM32U545CET6, STM32U545CET6Q, STM32U545CEU6, STM32U545CEU6Q, STM32U545JEY6QTR, STM32U545NEY6QTR, STM32U545REI6, STM32U545REI6Q, STM32U545RET6, STM32U545RET6Q, STM32U545VEI6, STM32U545VEI6Q, STM32U545VET6, STM32U545VET6Q, STM32U595AIH6, STM32U595AIH6Q, STM32U595AJH6, STM32U595AJH6Q, STM32U595QII6, STM32U595QII6Q, STM32U595QJI6, STM32U595QJI6Q, STM32U595RIT6, STM32U595RIT6Q, STM32U595RJT6, STM32U595RJT6Q, STM32U595VIT6, STM32U595VIT6Q, STM32U595VJT6, STM32U595VJT6Q, STM32U595ZIT6, STM32U595ZIT6Q, STM32U595ZIY6QTR, STM32U595ZJT6, STM32U595ZJT6Q, STM32U595ZJY6QTR, STM32U599BJY6QTR, STM32U599NIH6Q, STM32U599NJH6Q, STM32U599VIT6Q, STM32U599VJT6, STM32U599VJT6Q, STM32U599ZIT6Q, STM32U599ZIY6QTR, STM32U599ZJT6Q, STM32U599ZJY6QTR, STM32U5A5AJH6, STM32U5A5AJH6Q, STM32U5A5QII3Q , STM32U5A5QJI6, STM32U5A5QJI6Q, STM32U5A5RJT6, STM32U5A5RJT6Q, STM32U5A5VJT6, STM32U5A5VJT6Q, STM32U5A5ZJT6, STM32U5A5ZJT6Q, STM32U5A5ZJY6QTR, STM32U5A9BJY6QTR, STM32U5A9J-DK, STM32U5A9NJH6Q, STM32U5A9VJT6Q, STM32U5A9ZJT6Q, STM32U5A9ZJY6QTR, STM32U5F7VIT6, STM32U5F7VIT6Q, STM32U5F7VJT6, STM32U5F7VJT6Q, STM32U5F9BJY6QTR, STM32U5F9NJH6Q, STM32U5F9VIT6Q, STM32U5F9VJT6Q, STM32U5F9ZIJ6QTR, STM32U5F9ZIT6Q, STM32U5F9ZJJ6QTR, STM32U5F9ZJT6Q, STM32U5G7VJT6, STM32U5G7VJT6Q, STM32U5G9BJY6QTR, STM32U5G9J-DK1, STM32U5G9J-DK2, STM32U5G9NJH6Q, STM32U5G9VJT6Q, STM32U5G9ZJJ6QTR, STM32U5G9ZJT6Q, STM32WB1MMCH6, STM32WBA50KEU6, STM32WBA50KEU6TR, STM32WBA50KGU6, STM32WBA50KGU6TR, STM32WBA52CEU6, STM32WBA52CEU6TR, STM32WBA52CEU7, STM32WBA52CEU7TR, STM32WBA52CGU6, STM32WBA52CGU6TR, STM32WBA52CGU6U, STM32WBA52CGU7, STM32WBA52CGU7TR, STM32WBA52KEU6, STM32WBA52KEU6TR, STM32WBA52KGU6, STM32WBA52KGU6TR, STM32WBA54CEU6, STM32WBA54CEU6TR, STM32WBA54CEU7, STM32WBA54CEU7TR, STM32WBA54CGU6, STM32WBA54CGU6TR, STM32WBA54CGU7, STM32WBA54CGU7TR, STM32WBA54KEU6, STM32WBA54KEU6TR, STM32WBA54KEU7, STM32WBA54KEU7TR, STM32WBA54KGU6, STM32WBA54KGU6TR, STM32WBA54KGU7, STM32WBA54KGU7TR, STM32WBA55CEU6, STM32WBA55CEU6TR, STM32WBA55CEU7, STM32WBA55CEU7TR, STM32WBA55CGU6, STM32WBA55CGU6TR, STM32WBA55CGU6U, STM32WBA55CGU7, STM32WBA55CGU7TR, STM32WBA55G-DK1, STM32WBA55HEF6, STM32WBA55HEF7, STM32WBA55HGF6, STM32WBA55HGF7, STM32WBA55UEI6, STM32WBA55UEI6TR, STM32WBA55UEI7, STM32WBA55UEI7TR, STM32WBA55UGI6, STM32WBA55UGI6TR, STM32WBA55UGI7, STM32WBA55UGI7TR, STM32WL5MOCH6, STM32WL5MOCH6TR]
2024-07-02 10:22:07,508 [INFO] DbMcus:218 - Found 4091 MCUs, 4091 are supported
2024-07-02 10:22:07,509 [INFO] ApiDb:423 - Load user favorites file C:\Users\andre/.stm32cubeide/favorites.mcus.txt: 0 item(s)
2024-07-02 10:22:07,510 [INFO] ApiDb:427 - User favorites MCUs=[]
2024-07-02 10:22:07,510 [INFO] DbMcus:224 - Set 0 / 0 favorites MCUs
2024-07-02 10:22:08,110 [INFO] ApiDb:423 - Load user favorites file C:\Users\andre/.stm32cubeide/favorites.boards.txt: 1 item(s)
2024-07-02 10:22:08,111 [INFO] ApiDb:427 - User favorites Boards=[NUCLEO-H723ZG]
2024-07-02 10:22:08,111 [INFO] DbBoards:198 - Set 1 / 1 favorites Boards
2024-07-02 10:22:08,159 [INFO] UtilMem:75 - End LoadConfig() Used Memory: 844909776 Bytes (1073741824)
2024-07-02 10:22:08,353 [WARN] ThirdParty:833 - waiting for thirdparty lock release [change project]
2024-07-02 10:22:08,354 [INFO] ThirdParty:835 - entering critical section [change project]
2024-07-02 10:22:08,354 [INFO] ThirdParty:1030 - CMSIS Pack Vendor :STMicroelectronics USBPD 4.1
2024-07-02 10:22:08,354 [INFO] ThirdParty:1030 - CMSIS Pack Vendor :STMicroelectronics X-CUBE-GNSS1 6.0.0
2024-07-02 10:22:08,354 [INFO] ThirdParty:1030 - CMSIS Pack Vendor :STMicroelectronics USB_HOST 2.0.0
2024-07-02 10:22:08,354 [INFO] ThirdParty:1030 - CMSIS Pack Vendor :STMicroelectronics FP-SNS-MOTENVWB1 1.4.0
2024-07-02 10:22:08,354 [INFO] ThirdParty:1030 - CMSIS Pack Vendor :STMicroelectronics X-CUBE-AZRTOS-F4 1.1.0
2024-07-02 10:22:08,354 [INFO] ThirdParty:1030 - CMSIS Pack Vendor :STMicroelectronics LIBJPEG 8.0.0
2024-07-02 10:22:08,354 [INFO] ThirdParty:1030 - CMSIS Pack Vendor :STMicroelectronics X-CUBE-SMBUS 2.1.0
2024-07-02 10:22:08,354 [INFO] ThirdParty:1030 - CMSIS Pack Vendor :STMicroelectronics USB_DEVICE 3.0.0
2024-07-02 10:22:08,354 [INFO] ThirdParty:1030 - CMSIS Pack Vendor :STMicroelectronics X-CUBE-TCPP 4.1.0
2024-07-02 10:22:08,354 [INFO] ThirdParty:1030 - CMSIS Pack Vendor :STMicroelectronics X-CUBE-FREERTOS 1.2.0
2024-07-02 10:22:08,354 [INFO] ThirdParty:1030 - CMSIS Pack Vendor :STMicroelectronics X-CUBE-AZRTOS-WB 2.0.0
2024-07-02 10:22:08,354 [INFO] ThirdParty:1030 - CMSIS Pack Vendor :wolfSSL I-CUBE-wolfSSL 5.6.6
2024-07-02 10:22:08,354 [INFO] ThirdParty:1030 - CMSIS Pack Vendor :STMicroelectronics X-CUBE-TOUCHGFX 4.23.1
2024-07-02 10:22:08,354 [INFO] ThirdParty:1030 - CMSIS Pack Vendor :STMicroelectronics X-CUBE-TOUCHGFX 4.23.0
2024-07-02 10:22:08,354 [INFO] ThirdParty:1030 - CMSIS Pack Vendor :STMicroelectronics X-CUBE-TOUCHGFX 4.23.2
2024-07-02 10:22:08,354 [INFO] ThirdParty:1030 - CMSIS Pack Vendor :STMicroelectronics X-CUBE-AZRTOS-F7 1.1.0
2024-07-02 10:22:08,354 [INFO] ThirdParty:1030 - CMSIS Pack Vendor :STMicroelectronics X-CUBE-AZRTOS-L5 2.0.0
2024-07-02 10:22:08,354 [INFO] ThirdParty:1030 - CMSIS Pack Vendor :STMicroelectronics USB_DEVICE 2.0.0
2024-07-02 10:22:08,354 [INFO] ThirdParty:1030 - CMSIS Pack Vendor :STMicroelectronics X-CUBE-NFC6 3.1.0
2024-07-02 10:22:08,355 [INFO] ThirdParty:1030 - CMSIS Pack Vendor :ITTIA_DB I-CUBE-ITTIADB 8.8.0
2024-07-02 10:22:08,355 [INFO] ThirdParty:1030 - CMSIS Pack Vendor :STMicroelectronics FP-SNS-MOTENV1 4.3.2
2024-07-02 10:22:08,355 [INFO] ThirdParty:1030 - CMSIS Pack Vendor :STMicroelectronics X-CUBE-ALGOBUILD 1.3.0
2024-07-02 10:22:08,355 [INFO] ThirdParty:1030 - CMSIS Pack Vendor :STMicroelectronics FreeRTOS 0.0.1
2024-07-02 10:22:08,355 [INFO] ThirdParty:1030 - CMSIS Pack Vendor :STMicroelectronics X-CUBE-AZRTOS-G0 1.1.0
2024-07-02 10:22:08,355 [INFO] ThirdParty:1030 - CMSIS Pack Vendor :STMicroelectronics X-CUBE-SAFEA1 1.2.2
2024-07-02 10:22:08,355 [INFO] ThirdParty:1030 - CMSIS Pack Vendor :STMicroelectronics X-CUBE-NFC4 3.0.0
2024-07-02 10:22:08,355 [INFO] ThirdParty:1030 - CMSIS Pack Vendor :STMicroelectronics X-CUBE-SUBG2 5.0.0
2024-07-02 10:22:08,355 [INFO] ThirdParty:1030 - CMSIS Pack Vendor :STMicroelectronics STM32_WPAN 1.0.0
2024-07-02 10:22:08,355 [INFO] ThirdParty:1030 - CMSIS Pack Vendor :wolfSSL I-CUBE-wolfMQTT 1.18.0
2024-07-02 10:22:08,355 [INFO] ThirdParty:1030 - CMSIS Pack Vendor :STMicroelectronics lwIP 2.0.3
2024-07-02 10:22:08,355 [INFO] ThirdParty:1030 - CMSIS Pack Vendor :STMicroelectronics FP-SNS-FLIGHT1 5.0.2
2024-07-02 10:22:08,355 [INFO] ThirdParty:1030 - CMSIS Pack Vendor :STMicroelectronics USB_HOST 1.0.0
2024-07-02 10:22:08,355 [INFO] ThirdParty:1030 - CMSIS Pack Vendor :STMicroelectronics X-CUBE-AI 9.0.0
2024-07-02 10:22:08,355 [INFO] ThirdParty:1030 - CMSIS Pack Vendor :STMicroelectronics X-CUBE-AZRTOS-G4 2.0.0
2024-07-02 10:22:08,355 [INFO] ThirdParty:1030 - CMSIS Pack Vendor :STMicroelectronics PDM2PCM 3.1.0
2024-07-02 10:22:08,355 [INFO] ThirdParty:1030 - CMSIS Pack Vendor :Infineon AIROC-Wi-Fi-Bluetooth-STM32 1.5.1
2024-07-02 10:22:08,355 [INFO] ThirdParty:1030 - CMSIS Pack Vendor :STMicroelectronics PDM2PCM 3.3.0
2024-07-02 10:22:08,355 [INFO] ThirdParty:1030 - CMSIS Pack Vendor :STMicroelectronics X-CUBE-DISPLAY 3.0.0
2024-07-02 10:22:08,355 [INFO] ThirdParty:1030 - CMSIS Pack Vendor :STMicroelectronics FP-SNS-MOTENVWB1 1.3.1
2024-07-02 10:22:08,355 [INFO] ThirdParty:1030 - CMSIS Pack Vendor :STMicroelectronics X-CUBE-BLE1 7.0.0
2024-07-02 10:22:08,355 [INFO] ThirdParty:1030 - CMSIS Pack Vendor :STMicroelectronics FP-ATR-SIGFOX1 3.2.0
2024-07-02 10:22:08,355 [INFO] ThirdParty:1030 - CMSIS Pack Vendor :STMicroelectronics X-CUBE-ISPU 2.0.0
2024-07-02 10:22:08,355 [INFO] ThirdParty:1030 - CMSIS Pack Vendor :STMicroelectronics X-CUBE-EEPRMA1 5.1.0
2024-07-02 10:22:08,355 [INFO] ThirdParty:1030 - CMSIS Pack Vendor :STMicroelectronics HAL Drivers 0.0.0
2024-07-02 10:22:08,355 [INFO] ThirdParty:1030 - CMSIS Pack Vendor :STMicroelectronics MBEDTLS 2.16.2
2024-07-02 10:22:08,356 [INFO] ThirdParty:1030 - CMSIS Pack Vendor :STMicroelectronics X-CUBE-ALS 1.0.2
2024-07-02 10:22:08,356 [INFO] ThirdParty:1030 - CMSIS Pack Vendor :emotas I-CUBE-CANOPEN 1.3.0
2024-07-02 10:22:08,356 [INFO] ThirdParty:1030 - CMSIS Pack Vendor :STMicroelectronics X-CUBE-MEMS1 10.0.0
2024-07-02 10:22:08,356 [INFO] ThirdParty:1030 - CMSIS Pack Vendor :STMicroelectronics X-CUBE-FREERTOS 1.1.0
2024-07-02 10:22:08,356 [INFO] ThirdParty:1030 - CMSIS Pack Vendor :STMicroelectronics X-CUBE-NFC7 1.0.1
2024-07-02 10:22:08,356 [INFO] ThirdParty:1030 - CMSIS Pack Vendor :STMicroelectronics MBEDTLS 2.14.1
2024-07-02 10:22:08,356 [INFO] ThirdParty:1030 - CMSIS Pack Vendor :STMicroelectronics X-CUBE-TOUCHGFX 4.24.0
2024-07-02 10:22:08,356 [INFO] ThirdParty:1030 - CMSIS Pack Vendor :STMicroelectronics X-CUBE-NFC6 3.0.0
2024-07-02 10:22:08,356 [INFO] ThirdParty:1030 - CMSIS Pack Vendor :portGmbH I-Cube-SoM-uGOAL 1.1.0
2024-07-02 10:22:08,356 [INFO] ThirdParty:1030 - CMSIS Pack Vendor :STMicroelectronics X-CUBE-ALS 1.0.1
2024-07-02 10:22:08,356 [INFO] ThirdParty:1030 - CMSIS Pack Vendor :STMicroelectronics X-CUBE-BLEMGR 3.1.0
2024-07-02 10:22:08,356 [INFO] ThirdParty:1030 - CMSIS Pack Vendor :STMicroelectronics ThreadX 1.0.0
2024-07-02 10:22:08,356 [INFO] ThirdParty:1030 - CMSIS Pack Vendor :STMicroelectronics FP-SNS-SMARTAG2 1.2.0
2024-07-02 10:22:08,356 [INFO] ThirdParty:1030 - CMSIS Pack Vendor :STMicroelectronics X-CUBE-AZRTOS-WL 2.0.0
2024-07-02 10:22:08,356 [INFO] ThirdParty:1030 - CMSIS Pack Vendor :SEGGER I-CUBE-embOS 1.3.1
2024-07-02 10:22:08,356 [INFO] ThirdParty:1030 - CMSIS Pack Vendor :STMicroelectronics X-CUBE-ALGOBUILD 1.4.0
2024-07-02 10:22:08,356 [INFO] ThirdParty:1030 - CMSIS Pack Vendor :STMicroelectronics FP-SNS-MOTENV1 5.0.0
2024-07-02 10:22:08,357 [INFO] ThirdParty:1030 - CMSIS Pack Vendor :STMicroelectronics USB_DEVICE 1.0.0
2024-07-02 10:22:08,357 [INFO] ThirdParty:1030 - CMSIS Pack Vendor :STMicroelectronics X-CUBE-AI 8.1.0
2024-07-02 10:22:08,357 [INFO] ThirdParty:1030 - CMSIS Pack Vendor :STMicroelectronics X-CUBE-AZRTOS-H7RS 1.0.0
2024-07-02 10:22:08,357 [INFO] ThirdParty:1030 - CMSIS Pack Vendor :wolfSSL I-CUBE-wolfMQTT 1.19.0
2024-07-02 10:22:08,357 [INFO] ThirdParty:1030 - CMSIS Pack Vendor :STMicroelectronics X-CUBE-AZRTOS-L4 2.0.0
2024-07-02 10:22:08,357 [INFO] ThirdParty:1030 - CMSIS Pack Vendor :STMicroelectronics ThreadX 0.0.2
2024-07-02 10:22:08,357 [INFO] ThirdParty:1030 - CMSIS Pack Vendor :WES I-CUBE-Cesium 1.3.0
2024-07-02 10:22:08,357 [INFO] ThirdParty:1030 - CMSIS Pack Vendor :STMicroelectronics FP-ATR-ASTRA1 2.0.0
2024-07-02 10:22:08,357 [INFO] ThirdParty:1030 - CMSIS Pack Vendor :STMicroelectronics lwIP 2.1.2
2024-07-02 10:22:08,357 [INFO] ThirdParty:1030 - CMSIS Pack Vendor :STMicroelectronics X-CUBE-SFXS2LP1 4.0.0
2024-07-02 10:22:08,357 [INFO] ThirdParty:1030 - CMSIS Pack Vendor :STMicroelectronics X-CUBE-BLE2 3.3.0
2024-07-02 10:22:08,357 [INFO] ThirdParty:1030 - CMSIS Pack Vendor :STMicroelectronics X-CUBE-TOF1 3.4.1
2024-07-02 10:22:08,357 [INFO] ThirdParty:1030 - CMSIS Pack Vendor :STMicroelectronics X-CUBE-AZRTOS-H7 3.2.0
2024-07-02 10:22:08,357 [INFO] ThirdParty:1030 - CMSIS Pack Vendor :STMicroelectronics PDM2PCM 3.2.0
2024-07-02 10:22:08,357 [INFO] ThirdParty:841 - exiting critical section [change project]
2024-07-02 10:22:09,898 [INFO] PinOutPanel:1561 - setPackage(No Configuration,No Configuration)
2024-07-02 10:22:09,902 [INFO] PinOutPanel:1561 - setPackage(STM32H723ZGTx,LQFP144)
2024-07-02 10:22:11,029 [INFO] UtilMem:75 - Before build in PCC Used Memory: 755414640 Bytes (1073741824)
2024-07-02 10:22:13,470 [INFO] UtilMem:75 - After build in PCC Used Memory: 849288448 Bytes (1073741824)
2024-07-02 10:22:13,557 [INFO] ApiDbMcu:508 - Load IP Config File for FATFS
2024-07-02 10:22:13,606 [INFO] ApiDbMcu:508 - Load IP Config File for USB_DEVICE
2024-07-02 10:22:13,716 [INFO] IPUIPlugin:80 - create IPUIPlugin
2024-07-02 10:22:13,717 [INFO] IPUIPlugin:80 - create IPUIPlugin
2024-07-02 10:22:13,717 [INFO] IPUIPlugin:80 - create IPUIPlugin
2024-07-02 10:22:13,717 [INFO] IPUIPlugin:80 - create IPUIPlugin
2024-07-02 10:22:13,717 [INFO] IPUIPlugin:80 - create IPUIPlugin
2024-07-02 10:22:13,717 [INFO] IPUIPlugin:80 - create IPUIPlugin
2024-07-02 10:22:13,717 [INFO] IPUIPlugin:80 - create IPUIPlugin
2024-07-02 10:22:13,717 [INFO] IPUIPlugin:80 - create IPUIPlugin
2024-07-02 10:22:13,718 [INFO] IPUIPlugin:80 - create IPUIPlugin
2024-07-02 10:22:13,718 [INFO] IPUIPlugin:80 - create IPUIPlugin
2024-07-02 10:22:13,718 [INFO] IPUIPlugin:80 - create IPUIPlugin
2024-07-02 10:22:13,718 [INFO] IPUIPlugin:80 - create IPUIPlugin
2024-07-02 10:22:13,718 [INFO] IPUIPlugin:80 - create IPUIPlugin
2024-07-02 10:22:13,718 [INFO] IPUIPlugin:80 - create IPUIPlugin
2024-07-02 10:22:13,718 [INFO] IPUIPlugin:80 - create IPUIPlugin
2024-07-02 10:22:13,719 [INFO] IPUIPlugin:80 - create IPUIPlugin
2024-07-02 10:22:13,719 [INFO] IPUIPlugin:80 - create IPUIPlugin
2024-07-02 10:22:13,719 [INFO] IPUIPlugin:80 - create IPUIPlugin
2024-07-02 10:22:13,719 [INFO] IPUIPlugin:80 - create IPUIPlugin
2024-07-02 10:22:13,719 [INFO] IPUIPlugin:80 - create IPUIPlugin
2024-07-02 10:22:13,719 [INFO] IPUIPlugin:80 - create IPUIPlugin
2024-07-02 10:22:13,719 [INFO] IPUIPlugin:80 - create IPUIPlugin
2024-07-02 10:22:13,719 [INFO] IPUIPlugin:80 - create IPUIPlugin
2024-07-02 10:22:13,719 [INFO] IPUIPlugin:80 - create IPUIPlugin
2024-07-02 10:22:13,719 [INFO] IPUIPlugin:80 - create IPUIPlugin
2024-07-02 10:22:13,721 [INFO] IPUIPlugin:80 - create IPUIPlugin
2024-07-02 10:22:13,721 [INFO] IPUIPlugin:80 - create IPUIPlugin
2024-07-02 10:22:13,721 [INFO] IPUIPlugin:80 - create IPUIPlugin
2024-07-02 10:22:13,721 [INFO] IPUIPlugin:80 - create IPUIPlugin
2024-07-02 10:22:13,721 [INFO] IPUIPlugin:80 - create IPUIPlugin
2024-07-02 10:22:13,721 [INFO] IPUIPlugin:80 - create IPUIPlugin
2024-07-02 10:22:13,722 [INFO] IPUIPlugin:80 - create IPUIPlugin
2024-07-02 10:22:13,722 [INFO] IPUIPlugin:80 - create IPUIPlugin
2024-07-02 10:22:13,722 [INFO] IPUIPlugin:80 - create IPUIPlugin
2024-07-02 10:22:13,722 [INFO] IPUIPlugin:80 - create IPUIPlugin
2024-07-02 10:22:13,722 [INFO] IPUIPlugin:80 - create IPUIPlugin
2024-07-02 10:22:13,723 [INFO] IPUIPlugin:80 - create IPUIPlugin
2024-07-02 10:22:13,723 [INFO] IPUIPlugin:80 - create IPUIPlugin
2024-07-02 10:22:13,723 [INFO] IPUIPlugin:80 - create IPUIPlugin
2024-07-02 10:22:13,724 [INFO] IPUIPlugin:80 - create IPUIPlugin
2024-07-02 10:22:13,724 [INFO] IPUIPlugin:80 - create IPUIPlugin
2024-07-02 10:22:13,725 [INFO] IPUIPlugin:80 - create IPUIPlugin
2024-07-02 10:22:13,725 [INFO] IPUIPlugin:80 - create IPUIPlugin
2024-07-02 10:22:13,725 [INFO] IPUIPlugin:80 - create IPUIPlugin
2024-07-02 10:22:13,726 [INFO] IPUIPlugin:80 - create IPUIPlugin
2024-07-02 10:22:13,726 [INFO] IPUIPlugin:80 - create IPUIPlugin
2024-07-02 10:22:13,726 [INFO] IPUIPlugin:80 - create IPUIPlugin
2024-07-02 10:22:13,727 [INFO] IPUIPlugin:80 - create IPUIPlugin
2024-07-02 10:22:13,727 [INFO] IPUIPlugin:80 - create IPUIPlugin
2024-07-02 10:22:13,727 [INFO] IPUIPlugin:80 - create IPUIPlugin
2024-07-02 10:22:13,727 [INFO] IPUIPlugin:80 - create IPUIPlugin
2024-07-02 10:22:13,727 [INFO] IPUIPlugin:80 - create IPUIPlugin
2024-07-02 10:22:13,728 [INFO] IPUIPlugin:80 - create IPUIPlugin
2024-07-02 10:22:13,728 [INFO] IPUIPlugin:80 - create IPUIPlugin
2024-07-02 10:22:13,728 [INFO] IPUIPlugin:80 - create IPUIPlugin
2024-07-02 10:22:13,728 [INFO] IPUIPlugin:80 - create IPUIPlugin
2024-07-02 10:22:13,728 [INFO] IPUIPlugin:80 - create IPUIPlugin
2024-07-02 10:22:13,729 [INFO] IPUIPlugin:80 - create IPUIPlugin
2024-07-02 10:22:13,729 [INFO] IPUIPlugin:80 - create IPUIPlugin
2024-07-02 10:22:13,729 [INFO] IPUIPlugin:80 - create IPUIPlugin
2024-07-02 10:22:13,729 [INFO] IPUIPlugin:80 - create IPUIPlugin
2024-07-02 10:22:13,730 [INFO] IPUIPlugin:80 - create IPUIPlugin
2024-07-02 10:22:13,730 [INFO] IPUIPlugin:80 - create IPUIPlugin
2024-07-02 10:22:13,730 [INFO] IPUIPlugin:80 - create IPUIPlugin
2024-07-02 10:22:13,730 [INFO] IPUIPlugin:80 - create IPUIPlugin
2024-07-02 10:22:13,734 [INFO] IPUIPlugin:80 - create IPUIPlugin
2024-07-02 10:22:13,735 [INFO] IPUIPlugin:80 - create IPUIPlugin
2024-07-02 10:22:13,735 [INFO] IPUIPlugin:80 - create IPUIPlugin
2024-07-02 10:22:13,736 [INFO] IPUIPlugin:80 - create IPUIPlugin
2024-07-02 10:22:13,736 [INFO] IPUIPlugin:80 - create IPUIPlugin
2024-07-02 10:22:13,737 [INFO] IPUIPlugin:80 - create IPUIPlugin
2024-07-02 10:22:13,737 [INFO] IPUIPlugin:80 - create IPUIPlugin
2024-07-02 10:22:13,737 [INFO] IPUIPlugin:80 - create IPUIPlugin
2024-07-02 10:22:13,738 [INFO] IPUIPlugin:80 - create IPUIPlugin
2024-07-02 10:22:13,738 [INFO] IPUIPlugin:80 - create IPUIPlugin
2024-07-02 10:22:13,738 [INFO] IPUIPlugin:80 - create IPUIPlugin
2024-07-02 10:22:13,738 [INFO] IPUIPlugin:80 - create IPUIPlugin
2024-07-02 10:22:13,739 [INFO] IPUIPlugin:80 - create IPUIPlugin
2024-07-02 10:22:13,739 [INFO] IPUIPlugin:80 - create IPUIPlugin
2024-07-02 10:22:13,739 [INFO] IPUIPlugin:80 - create IPUIPlugin
2024-07-02 10:22:13,739 [INFO] IPUIPlugin:80 - create IPUIPlugin
2024-07-02 10:22:13,740 [INFO] IPUIPlugin:80 - create IPUIPlugin
2024-07-02 10:22:13,740 [INFO] IPUIPlugin:80 - create IPUIPlugin
2024-07-02 10:22:13,740 [INFO] IPUIPlugin:80 - create IPUIPlugin
2024-07-02 10:22:13,741 [INFO] IPUIPlugin:80 - create IPUIPlugin
2024-07-02 10:22:13,741 [INFO] IPUIPlugin:80 - create IPUIPlugin
2024-07-02 10:22:13,741 [INFO] IPUIPlugin:80 - create IPUIPlugin
2024-07-02 10:22:13,742 [INFO] IPUIPlugin:80 - create IPUIPlugin
2024-07-02 10:22:13,742 [INFO] IPUIPlugin:80 - create IPUIPlugin
2024-07-02 10:22:13,743 [INFO] IPUIPlugin:80 - create IPUIPlugin
2024-07-02 10:22:13,743 [INFO] IPUIPlugin:80 - create IPUIPlugin
2024-07-02 10:22:13,761 [INFO] IPUIPlugin:80 - create IPUIPlugin
2024-07-02 10:22:13,762 [INFO] IPUIPlugin:80 - create IPUIPlugin
2024-07-02 10:22:13,763 [INFO] IPUIPlugin:80 - create IPUIPlugin
2024-07-02 10:22:13,763 [INFO] IPUIPlugin:80 - create IPUIPlugin
2024-07-02 10:22:13,764 [INFO] IPUIPlugin:80 - create IPUIPlugin
2024-07-02 10:22:13,766 [INFO] IPUIPlugin:80 - create IPUIPlugin
2024-07-02 10:22:13,767 [INFO] IPUIPlugin:80 - create IPUIPlugin
2024-07-02 10:22:13,767 [INFO] IPUIPlugin:80 - create IPUIPlugin
2024-07-02 10:22:13,769 [INFO] IPUIPlugin:80 - create IPUIPlugin
2024-07-02 10:22:13,769 [INFO] IPUIPlugin:80 - create IPUIPlugin
2024-07-02 10:22:13,770 [INFO] IPUIPlugin:80 - create IPUIPlugin
2024-07-02 10:22:13,771 [INFO] IPUIPlugin:80 - create IPUIPlugin
2024-07-02 10:22:13,771 [INFO] IPUIPlugin:80 - create IPUIPlugin
2024-07-02 10:22:13,772 [INFO] IPUIPlugin:80 - create IPUIPlugin
2024-07-02 10:22:13,797 [INFO] ApiDbMcu:508 - Load IP Config File for PDM2PCM
2024-07-02 10:22:14,197 [INFO] CADModel:165 - CPN selected for project levelSTM32H723ZGT6
2024-07-02 10:22:14,197 [INFO] CADModel:114 - Register for checkConnection events
2024-07-02 10:22:14,242 [INFO] OpenFileManager:343 - Restore cursor
2024-07-02 10:22:14,760 [WARN] IP:2120 - DEVICE_SERIAL0_CDC_HS not found: check if there is a RefParameter without a condition.
2024-07-02 10:22:14,760 [WARN] IP:2120 - DEVICE_SERIAL1_CDC_HS not found: check if there is a RefParameter without a condition.
2024-07-02 10:22:14,760 [WARN] IP:2120 - DEVICE_SERIAL2_CDC_HS not found: check if there is a RefParameter without a condition.
2024-07-02 10:22:14,761 [WARN] IP:2120 - DEVICE_SERIAL0_CDC_HS not found: check if there is a RefParameter without a condition.
2024-07-02 10:22:14,761 [WARN] IP:2120 - DEVICE_SERIAL1_CDC_HS not found: check if there is a RefParameter without a condition.
2024-07-02 10:22:14,761 [WARN] IP:2120 - DEVICE_SERIAL2_CDC_HS not found: check if there is a RefParameter without a condition.
2024-07-02 10:24:19,196 [ERROR] LogOutputStream:75 - [STDERR_REDIRECT] java.lang.Error: no ComponentUI class for: com.st.microxplorer.plugins.ip.nvic.CheckBoxHeader[,0,0,0x0,invalid,alignmentX=0.0,alignmentY=0.0,border=,flags=0,maximumSize=,minimumSize=,preferredSize=,defaultIcon=,disabledIcon=,disabledSelectedIcon=,margin=null,paintBorder=true,paintFocus=true,pressedIcon=,rolloverEnabled=false,rolloverIcon=,rolloverSelectedIcon=,selectedIcon=,text=]
2024-07-02 10:24:19,197 [ERROR] LogOutputStream:75 - [STDERR_REDIRECT] 	at java.desktop/javax.swing.UIDefaults.getUIError(UIDefaults.java:763)
2024-07-02 10:24:19,197 [ERROR] LogOutputStream:75 - [STDERR_REDIRECT] 	at java.desktop/javax.swing.MultiUIDefaults.getUIError(MultiUIDefaults.java:144)
2024-07-02 10:24:19,199 [ERROR] LogOutputStream:75 - [STDERR_REDIRECT] 	at java.desktop/javax.swing.UIDefaults.getUI(UIDefaults.java:793)
2024-07-02 10:24:19,201 [ERROR] LogOutputStream:75 - [STDERR_REDIRECT] 	at java.desktop/javax.swing.UIManager.getUI(UIManager.java:1073)
2024-07-02 10:24:19,202 [ERROR] LogOutputStream:75 - [STDERR_REDIRECT] 	at java.desktop/javax.swing.JCheckBox.updateUI(JCheckBox.java:228)
2024-07-02 10:24:19,203 [ERROR] LogOutputStream:75 - [STDERR_REDIRECT] 	at java.desktop/javax.swing.AbstractButton.init(AbstractButton.java:2141)
2024-07-02 10:24:19,204 [ERROR] LogOutputStream:75 - [STDERR_REDIRECT] 	at java.desktop/javax.swing.JToggleButton.<init>(JToggleButton.java:187)
2024-07-02 10:24:19,205 [ERROR] LogOutputStream:75 - [STDERR_REDIRECT] 	at java.desktop/javax.swing.JCheckBox.<init>(JCheckBox.java:176)
2024-07-02 10:24:19,205 [ERROR] LogOutputStream:75 - [STDERR_REDIRECT] 	at java.desktop/javax.swing.JCheckBox.<init>(JCheckBox.java:97)
2024-07-02 10:24:19,206 [ERROR] LogOutputStream:75 - [STDERR_REDIRECT] 	at com.st.microxplorer.plugins.ip.nvic.CheckBoxHeader.<init>(CheckBoxHeader.java:55)
2024-07-02 10:24:19,207 [ERROR] LogOutputStream:75 - [STDERR_REDIRECT] 	at com.st.microxplorer.plugins.ip.nvic.NvicCodeSelectionTable.<init>(NvicCodeSelectionTable.java:75)
2024-07-02 10:24:19,208 [ERROR] LogOutputStream:75 - [STDERR_REDIRECT] 	at com.st.microxplorer.plugins.ip.nvic.NvicCodePanel.initComponents(NvicCodePanel.java:102)
2024-07-02 10:24:19,209 [ERROR] LogOutputStream:75 - [STDERR_REDIRECT] 	at com.st.microxplorer.plugins.ip.nvic.NvicCodePanel.<init>(NvicCodePanel.java:78)
2024-07-02 10:24:19,210 [ERROR] LogOutputStream:75 - [STDERR_REDIRECT] 	at com.st.microxplorer.plugins.ip.nvic.NvicTabbedPanel.<init>(NvicTabbedPanel.java:57)
2024-07-02 10:24:19,210 [ERROR] LogOutputStream:75 - [STDERR_REDIRECT] 	at com.st.microxplorer.plugins.ip.nvic.Nvic.getUI(Nvic.java:73)
2024-07-02 10:24:19,211 [ERROR] LogOutputStream:75 - [STDERR_REDIRECT] 	at com.st.microxplorer.plugins.ipmanager.gui.BlockDiagram.createIpPanel(BlockDiagram.java:422)
2024-07-02 10:24:19,212 [ERROR] LogOutputStream:75 - [STDERR_REDIRECT] 	at com.st.microxplorer.plugins.ipmanager.gui.BlockDiagram.getIPConfigPanel(BlockDiagram.java:560)
2024-07-02 10:24:19,213 [ERROR] LogOutputStream:75 - [STDERR_REDIRECT] 	at com.st.microxplorer.plugins.ipmanager.gui.BlockDiagram.getIPConfigPanel(BlockDiagram.java:466)
2024-07-02 10:24:19,214 [ERROR] LogOutputStream:75 - [STDERR_REDIRECT] 	at com.st.microxplorer.plugins.ipmanager.gui.BlockDiagram.propertyChange(BlockDiagram.java:1390)
2024-07-02 10:24:19,216 [ERROR] LogOutputStream:75 - [STDERR_REDIRECT] 	at java.desktop/java.beans.PropertyChangeSupport.fire(PropertyChangeSupport.java:343)
2024-07-02 10:24:19,218 [ERROR] LogOutputStream:75 - [STDERR_REDIRECT] 	at java.desktop/java.beans.PropertyChangeSupport.firePropertyChange(PropertyChangeSupport.java:335)
2024-07-02 10:24:19,219 [ERROR] LogOutputStream:75 - [STDERR_REDIRECT] 	at java.desktop/java.beans.PropertyChangeSupport.firePropertyChange(PropertyChangeSupport.java:268)
2024-07-02 10:24:19,221 [ERROR] LogOutputStream:75 - [STDERR_REDIRECT] 	at com.st.microxplorer.util.MXPropertyChangeSupport.firePropertyChange(MXPropertyChangeSupport.java:54)
2024-07-02 10:24:19,222 [ERROR] LogOutputStream:75 - [STDERR_REDIRECT] 	at com.st.microxplorer.mxsystem.MxSystem.firePropertyChange(MxSystem.java:358)
2024-07-02 10:24:19,223 [ERROR] LogOutputStream:75 - [STDERR_REDIRECT] 	at com.st.microxplorer.plugins.pinoutconfig.guiV5.PeripheralsSelectionPanel.selectIP(PeripheralsSelectionPanel.java:409)
2024-07-02 10:24:19,224 [ERROR] LogOutputStream:75 - [STDERR_REDIRECT] 	at com.st.microxplorer.plugins.pinoutconfig.guiV5.PeripheralsListListener.mouseClicked(PeripheralsListListener.java:103)
2024-07-02 10:24:19,225 [ERROR] LogOutputStream:75 - [STDERR_REDIRECT] 	at java.desktop/java.awt.AWTEventMulticaster.mouseClicked(AWTEventMulticaster.java:278)
2024-07-02 10:24:19,226 [ERROR] LogOutputStream:75 - [STDERR_REDIRECT] 	at java.desktop/java.awt.AWTEventMulticaster.mouseClicked(AWTEventMulticaster.java:277)
2024-07-02 10:24:19,227 [ERROR] LogOutputStream:75 - [STDERR_REDIRECT] 	at java.desktop/java.awt.AWTEventMulticaster.mouseClicked(AWTEventMulticaster.java:277)
2024-07-02 10:24:19,228 [ERROR] LogOutputStream:75 - [STDERR_REDIRECT] 	at java.desktop/java.awt.AWTEventMulticaster.mouseClicked(AWTEventMulticaster.java:277)
2024-07-02 10:24:19,228 [ERROR] LogOutputStream:75 - [STDERR_REDIRECT] 	at java.desktop/java.awt.Component.processMouseEvent(Component.java:6629)
2024-07-02 10:24:19,229 [ERROR] LogOutputStream:75 - [STDERR_REDIRECT] 	at java.desktop/javax.swing.JComponent.processMouseEvent(JComponent.java:3389)
2024-07-02 10:24:19,230 [ERROR] LogOutputStream:75 - [STDERR_REDIRECT] 	at java.desktop/java.awt.Component.processEvent(Component.java:6391)
2024-07-02 10:24:19,230 [ERROR] LogOutputStream:75 - [STDERR_REDIRECT] 	at java.desktop/java.awt.Container.processEvent(Container.java:2266)
2024-07-02 10:24:19,233 [ERROR] LogOutputStream:75 - [STDERR_REDIRECT] 	at java.desktop/java.awt.Component.dispatchEventImpl(Component.java:5001)
2024-07-02 10:24:19,234 [ERROR] LogOutputStream:75 - [STDERR_REDIRECT] 	at java.desktop/java.awt.Container.dispatchEventImpl(Container.java:2324)
2024-07-02 10:24:19,235 [ERROR] LogOutputStream:75 - [STDERR_REDIRECT] 	at java.desktop/java.awt.Component.dispatchEvent(Component.java:4833)
2024-07-02 10:24:19,236 [ERROR] LogOutputStream:75 - [STDERR_REDIRECT] 	at java.desktop/java.awt.LightweightDispatcher.retargetMouseEvent(Container.java:4948)
2024-07-02 10:24:19,237 [ERROR] LogOutputStream:75 - [STDERR_REDIRECT] 	at java.desktop/java.awt.LightweightDispatcher.processMouseEvent(Container.java:4584)
2024-07-02 10:24:19,238 [ERROR] LogOutputStream:75 - [STDERR_REDIRECT] 	at java.desktop/java.awt.LightweightDispatcher.dispatchEvent(Container.java:4516)
2024-07-02 10:24:19,239 [ERROR] LogOutputStream:75 - [STDERR_REDIRECT] 	at java.desktop/java.awt.Container.dispatchEventImpl(Container.java:2310)
2024-07-02 10:24:19,240 [ERROR] LogOutputStream:75 - [STDERR_REDIRECT] 	at java.desktop/java.awt.Component.dispatchEvent(Component.java:4833)
2024-07-02 10:24:19,240 [ERROR] LogOutputStream:75 - [STDERR_REDIRECT] 	at java.desktop/java.awt.EventQueue.dispatchEventImpl(EventQueue.java:775)
2024-07-02 10:24:19,241 [ERROR] LogOutputStream:75 - [STDERR_REDIRECT] 	at java.desktop/java.awt.EventQueue$4.run(EventQueue.java:720)
2024-07-02 10:24:19,242 [ERROR] LogOutputStream:75 - [STDERR_REDIRECT] 	at java.desktop/java.awt.EventQueue$4.run(EventQueue.java:714)
2024-07-02 10:24:19,243 [ERROR] LogOutputStream:75 - [STDERR_REDIRECT] 	at java.base/java.security.AccessController.doPrivileged(AccessController.java:399)
2024-07-02 10:24:19,244 [ERROR] LogOutputStream:75 - [STDERR_REDIRECT] 	at java.base/java.security.ProtectionDomain$JavaSecurityAccessImpl.doIntersectionPrivilege(ProtectionDomain.java:86)
2024-07-02 10:24:19,245 [ERROR] LogOutputStream:75 - [STDERR_REDIRECT] 	at java.base/java.security.ProtectionDomain$JavaSecurityAccessImpl.doIntersectionPrivilege(ProtectionDomain.java:97)
2024-07-02 10:24:19,246 [ERROR] LogOutputStream:75 - [STDERR_REDIRECT] 	at java.desktop/java.awt.EventQueue$5.run(EventQueue.java:747)
2024-07-02 10:24:19,246 [ERROR] LogOutputStream:75 - [STDERR_REDIRECT] 	at java.desktop/java.awt.EventQueue$5.run(EventQueue.java:745)
2024-07-02 10:24:19,247 [ERROR] LogOutputStream:75 - [STDERR_REDIRECT] 	at java.base/java.security.AccessController.doPrivileged(AccessController.java:399)
2024-07-02 10:24:19,250 [ERROR] LogOutputStream:75 - [STDERR_REDIRECT] 	at java.base/java.security.ProtectionDomain$JavaSecurityAccessImpl.doIntersectionPrivilege(ProtectionDomain.java:86)
2024-07-02 10:24:19,251 [ERROR] LogOutputStream:75 - [STDERR_REDIRECT] 	at java.desktop/java.awt.EventQueue.dispatchEvent(EventQueue.java:744)
2024-07-02 10:24:19,252 [ERROR] LogOutputStream:75 - [STDERR_REDIRECT] 	at java.desktop/java.awt.EventDispatchThread.pumpOneEventForFilters(EventDispatchThread.java:203)
2024-07-02 10:24:19,253 [ERROR] LogOutputStream:75 - [STDERR_REDIRECT] 	at java.desktop/java.awt.EventDispatchThread.pumpEventsForFilter(EventDispatchThread.java:124)
2024-07-02 10:24:19,254 [ERROR] LogOutputStream:75 - [STDERR_REDIRECT] 	at java.desktop/java.awt.EventDispatchThread.pumpEventsForHierarchy(EventDispatchThread.java:113)
2024-07-02 10:24:19,255 [ERROR] LogOutputStream:75 - [STDERR_REDIRECT] 	at java.desktop/java.awt.EventDispatchThread.pumpEvents(EventDispatchThread.java:109)
2024-07-02 10:24:19,256 [ERROR] LogOutputStream:75 - [STDERR_REDIRECT] 	at java.desktop/java.awt.EventDispatchThread.pumpEvents(EventDispatchThread.java:101)
2024-07-02 10:24:19,257 [ERROR] LogOutputStream:75 - [STDERR_REDIRECT] 	at java.desktop/java.awt.EventDispatchThread.run(EventDispatchThread.java:90)
2024-07-02 10:24:19,261 [ERROR] LogOutputStream:75 - [STDERR_REDIRECT] java.lang.Error: no ComponentUI class for: com.st.microxplorer.plugins.ip.nvic.CheckBoxHeader[,0,0,0x0,invalid,alignmentX=0.0,alignmentY=0.0,border=,flags=0,maximumSize=,minimumSize=,preferredSize=,defaultIcon=,disabledIcon=,disabledSelectedIcon=,margin=null,paintBorder=true,paintFocus=true,pressedIcon=,rolloverEnabled=false,rolloverIcon=,rolloverSelectedIcon=,selectedIcon=,text=]
2024-07-02 10:24:19,261 [ERROR] LogOutputStream:75 - [STDERR_REDIRECT] 	at java.desktop/javax.swing.UIDefaults.getUIError(UIDefaults.java:763)
2024-07-02 10:24:19,262 [ERROR] LogOutputStream:75 - [STDERR_REDIRECT] 	at java.desktop/javax.swing.MultiUIDefaults.getUIError(MultiUIDefaults.java:144)
2024-07-02 10:24:19,263 [ERROR] LogOutputStream:75 - [STDERR_REDIRECT] 	at java.desktop/javax.swing.UIDefaults.getUI(UIDefaults.java:793)
2024-07-02 10:24:19,264 [ERROR] LogOutputStream:75 - [STDERR_REDIRECT] 	at java.desktop/javax.swing.UIManager.getUI(UIManager.java:1073)
2024-07-02 10:24:19,265 [ERROR] LogOutputStream:75 - [STDERR_REDIRECT] 	at java.desktop/javax.swing.JCheckBox.updateUI(JCheckBox.java:228)
2024-07-02 10:24:19,266 [ERROR] LogOutputStream:75 - [STDERR_REDIRECT] 	at java.desktop/javax.swing.AbstractButton.init(AbstractButton.java:2141)
2024-07-02 10:24:19,267 [ERROR] LogOutputStream:75 - [STDERR_REDIRECT] 	at java.desktop/javax.swing.JToggleButton.<init>(JToggleButton.java:187)
2024-07-02 10:24:19,268 [ERROR] LogOutputStream:75 - [STDERR_REDIRECT] 	at java.desktop/javax.swing.JCheckBox.<init>(JCheckBox.java:176)
2024-07-02 10:24:19,269 [ERROR] LogOutputStream:75 - [STDERR_REDIRECT] 	at java.desktop/javax.swing.JCheckBox.<init>(JCheckBox.java:97)
2024-07-02 10:24:19,270 [ERROR] LogOutputStream:75 - [STDERR_REDIRECT] 	at com.st.microxplorer.plugins.ip.nvic.CheckBoxHeader.<init>(CheckBoxHeader.java:55)
2024-07-02 10:24:19,272 [ERROR] LogOutputStream:75 - [STDERR_REDIRECT] 	at com.st.microxplorer.plugins.ip.nvic.NvicCodeSelectionTable.<init>(NvicCodeSelectionTable.java:78)
2024-07-02 10:24:19,273 [ERROR] LogOutputStream:75 - [STDERR_REDIRECT] 	at com.st.microxplorer.plugins.ip.nvic.NvicCodePanel.initComponents(NvicCodePanel.java:102)
2024-07-02 10:24:19,274 [ERROR] LogOutputStream:75 - [STDERR_REDIRECT] 	at com.st.microxplorer.plugins.ip.nvic.NvicCodePanel.<init>(NvicCodePanel.java:78)
2024-07-02 10:24:19,275 [ERROR] LogOutputStream:75 - [STDERR_REDIRECT] 	at com.st.microxplorer.plugins.ip.nvic.NvicTabbedPanel.<init>(NvicTabbedPanel.java:57)
2024-07-02 10:24:19,275 [ERROR] LogOutputStream:75 - [STDERR_REDIRECT] 	at com.st.microxplorer.plugins.ip.nvic.Nvic.getUI(Nvic.java:73)
2024-07-02 10:24:19,276 [ERROR] LogOutputStream:75 - [STDERR_REDIRECT] 	at com.st.microxplorer.plugins.ipmanager.gui.BlockDiagram.createIpPanel(BlockDiagram.java:422)
2024-07-02 10:24:19,277 [ERROR] LogOutputStream:75 - [STDERR_REDIRECT] 	at com.st.microxplorer.plugins.ipmanager.gui.BlockDiagram.getIPConfigPanel(BlockDiagram.java:560)
2024-07-02 10:24:19,278 [ERROR] LogOutputStream:75 - [STDERR_REDIRECT] 	at com.st.microxplorer.plugins.ipmanager.gui.BlockDiagram.getIPConfigPanel(BlockDiagram.java:466)
2024-07-02 10:24:19,279 [ERROR] LogOutputStream:75 - [STDERR_REDIRECT] 	at com.st.microxplorer.plugins.ipmanager.gui.BlockDiagram.propertyChange(BlockDiagram.java:1390)
2024-07-02 10:24:19,280 [ERROR] LogOutputStream:75 - [STDERR_REDIRECT] 	at java.desktop/java.beans.PropertyChangeSupport.fire(PropertyChangeSupport.java:343)
2024-07-02 10:24:19,281 [ERROR] LogOutputStream:75 - [STDERR_REDIRECT] 	at java.desktop/java.beans.PropertyChangeSupport.firePropertyChange(PropertyChangeSupport.java:335)
2024-07-02 10:24:19,283 [ERROR] LogOutputStream:75 - [STDERR_REDIRECT] 	at java.desktop/java.beans.PropertyChangeSupport.firePropertyChange(PropertyChangeSupport.java:268)
2024-07-02 10:24:19,285 [ERROR] LogOutputStream:75 - [STDERR_REDIRECT] 	at com.st.microxplorer.util.MXPropertyChangeSupport.firePropertyChange(MXPropertyChangeSupport.java:54)
2024-07-02 10:24:19,287 [ERROR] LogOutputStream:75 - [STDERR_REDIRECT] 	at com.st.microxplorer.mxsystem.MxSystem.firePropertyChange(MxSystem.java:358)
2024-07-02 10:24:19,289 [ERROR] LogOutputStream:75 - [STDERR_REDIRECT] 	at com.st.microxplorer.plugins.pinoutconfig.guiV5.PeripheralsSelectionPanel.selectIP(PeripheralsSelectionPanel.java:409)
2024-07-02 10:24:19,290 [ERROR] LogOutputStream:75 - [STDERR_REDIRECT] 	at com.st.microxplorer.plugins.pinoutconfig.guiV5.PeripheralsListListener.mouseClicked(PeripheralsListListener.java:103)
2024-07-02 10:24:19,292 [ERROR] LogOutputStream:75 - [STDERR_REDIRECT] 	at java.desktop/java.awt.AWTEventMulticaster.mouseClicked(AWTEventMulticaster.java:278)
2024-07-02 10:24:19,293 [ERROR] LogOutputStream:75 - [STDERR_REDIRECT] 	at java.desktop/java.awt.AWTEventMulticaster.mouseClicked(AWTEventMulticaster.java:277)
2024-07-02 10:24:19,294 [ERROR] LogOutputStream:75 - [STDERR_REDIRECT] 	at java.desktop/java.awt.AWTEventMulticaster.mouseClicked(AWTEventMulticaster.java:277)
2024-07-02 10:24:19,294 [ERROR] LogOutputStream:75 - [STDERR_REDIRECT] 	at java.desktop/java.awt.AWTEventMulticaster.mouseClicked(AWTEventMulticaster.java:277)
2024-07-02 10:24:19,295 [ERROR] LogOutputStream:75 - [STDERR_REDIRECT] 	at java.desktop/java.awt.Component.processMouseEvent(Component.java:6629)
2024-07-02 10:24:19,296 [ERROR] LogOutputStream:75 - [STDERR_REDIRECT] 	at java.desktop/javax.swing.JComponent.processMouseEvent(JComponent.java:3389)
2024-07-02 10:24:19,297 [ERROR] LogOutputStream:75 - [STDERR_REDIRECT] 	at java.desktop/java.awt.Component.processEvent(Component.java:6391)
2024-07-02 10:24:19,297 [ERROR] LogOutputStream:75 - [STDERR_REDIRECT] 	at java.desktop/java.awt.Container.processEvent(Container.java:2266)
2024-07-02 10:24:19,299 [ERROR] LogOutputStream:75 - [STDERR_REDIRECT] 	at java.desktop/java.awt.Component.dispatchEventImpl(Component.java:5001)
2024-07-02 10:24:19,300 [ERROR] LogOutputStream:75 - [STDERR_REDIRECT] 	at java.desktop/java.awt.Container.dispatchEventImpl(Container.java:2324)
2024-07-02 10:24:19,301 [ERROR] LogOutputStream:75 - [STDERR_REDIRECT] 	at java.desktop/java.awt.Component.dispatchEvent(Component.java:4833)
2024-07-02 10:24:19,302 [ERROR] LogOutputStream:75 - [STDERR_REDIRECT] 	at java.desktop/java.awt.LightweightDispatcher.retargetMouseEvent(Container.java:4948)
2024-07-02 10:24:19,303 [ERROR] LogOutputStream:75 - [STDERR_REDIRECT] 	at java.desktop/java.awt.LightweightDispatcher.processMouseEvent(Container.java:4584)
2024-07-02 10:24:19,304 [ERROR] LogOutputStream:75 - [STDERR_REDIRECT] 	at java.desktop/java.awt.LightweightDispatcher.dispatchEvent(Container.java:4516)
2024-07-02 10:24:19,305 [ERROR] LogOutputStream:75 - [STDERR_REDIRECT] 	at java.desktop/java.awt.Container.dispatchEventImpl(Container.java:2310)
2024-07-02 10:24:19,305 [ERROR] LogOutputStream:75 - [STDERR_REDIRECT] 	at java.desktop/java.awt.Component.dispatchEvent(Component.java:4833)
2024-07-02 10:24:19,306 [ERROR] LogOutputStream:75 - [STDERR_REDIRECT] 	at java.desktop/java.awt.EventQueue.dispatchEventImpl(EventQueue.java:775)
2024-07-02 10:24:19,307 [ERROR] LogOutputStream:75 - [STDERR_REDIRECT] 	at java.desktop/java.awt.EventQueue$4.run(EventQueue.java:720)
2024-07-02 10:24:19,308 [ERROR] LogOutputStream:75 - [STDERR_REDIRECT] 	at java.desktop/java.awt.EventQueue$4.run(EventQueue.java:714)
2024-07-02 10:24:19,309 [ERROR] LogOutputStream:75 - [STDERR_REDIRECT] 	at java.base/java.security.AccessController.doPrivileged(AccessController.java:399)
2024-07-02 10:24:19,310 [ERROR] LogOutputStream:75 - [STDERR_REDIRECT] 	at java.base/java.security.ProtectionDomain$JavaSecurityAccessImpl.doIntersectionPrivilege(ProtectionDomain.java:86)
2024-07-02 10:24:19,311 [ERROR] LogOutputStream:75 - [STDERR_REDIRECT] 	at java.base/java.security.ProtectionDomain$JavaSecurityAccessImpl.doIntersectionPrivilege(ProtectionDomain.java:97)
2024-07-02 10:24:19,312 [ERROR] LogOutputStream:75 - [STDERR_REDIRECT] 	at java.desktop/java.awt.EventQueue$5.run(EventQueue.java:747)
2024-07-02 10:24:19,313 [ERROR] LogOutputStream:75 - [STDERR_REDIRECT] 	at java.desktop/java.awt.EventQueue$5.run(EventQueue.java:745)
2024-07-02 10:24:19,314 [ERROR] LogOutputStream:75 - [STDERR_REDIRECT] 	at java.base/java.security.AccessController.doPrivileged(AccessController.java:399)
2024-07-02 10:24:19,316 [ERROR] LogOutputStream:75 - [STDERR_REDIRECT] 	at java.base/java.security.ProtectionDomain$JavaSecurityAccessImpl.doIntersectionPrivilege(ProtectionDomain.java:86)
2024-07-02 10:24:19,317 [ERROR] LogOutputStream:75 - [STDERR_REDIRECT] 	at java.desktop/java.awt.EventQueue.dispatchEvent(EventQueue.java:744)
2024-07-02 10:24:19,318 [ERROR] LogOutputStream:75 - [STDERR_REDIRECT] 	at java.desktop/java.awt.EventDispatchThread.pumpOneEventForFilters(EventDispatchThread.java:203)
2024-07-02 10:24:19,319 [ERROR] LogOutputStream:75 - [STDERR_REDIRECT] 	at java.desktop/java.awt.EventDispatchThread.pumpEventsForFilter(EventDispatchThread.java:124)
2024-07-02 10:24:19,320 [ERROR] LogOutputStream:75 - [STDERR_REDIRECT] 	at java.desktop/java.awt.EventDispatchThread.pumpEventsForHierarchy(EventDispatchThread.java:113)
2024-07-02 10:24:19,322 [ERROR] LogOutputStream:75 - [STDERR_REDIRECT] 	at java.desktop/java.awt.EventDispatchThread.pumpEvents(EventDispatchThread.java:109)
2024-07-02 10:24:19,323 [ERROR] LogOutputStream:75 - [STDERR_REDIRECT] 	at java.desktop/java.awt.EventDispatchThread.pumpEvents(EventDispatchThread.java:101)
2024-07-02 10:24:19,324 [ERROR] LogOutputStream:75 - [STDERR_REDIRECT] 	at java.desktop/java.awt.EventDispatchThread.run(EventDispatchThread.java:90)
2024-07-02 10:24:35,549 [INFO] Gpio:277 - dependency for GPIO [SPI2, USART1, USART3, USB_OTG_HS]
2024-07-02 10:24:55,326 [INFO] NvicIntPanel:101 - NVIC parent = com.st.microxplorer.plugins.ip.nvic.MultiNvicIntPanel[,2,27,674x580,layout=javax.swing.BoxLayout,alignmentX=0.0,alignmentY=0.0,border=,flags=9,maximumSize=,minimumSize=,preferredSize=]
2024-07-02 10:25:05,108 [INFO] Gpio:277 - dependency for GPIO [SPI2, USART1, USART3, USB_OTG_HS]
2024-07-02 10:25:06,757 [INFO] Gpio:277 - dependency for GPIO [SPI2, USART1, USART3, USB_OTG_HS]
2024-07-02 10:29:01,999 [INFO] UtilMem:75 - End SaveConfig() Used Memory: 810063688 Bytes (1073741824)
2024-07-02 10:29:03,799 [INFO] UtilMem:75 - End SaveConfig() Used Memory: 733996032 Bytes (1073741824)
2024-07-02 10:29:04,087 [INFO] UtilMem:75 - End SaveConfig() Used Memory: 776461312 Bytes (1073741824)
2024-07-02 10:29:04,650 [INFO] BlockDiagram:2759 - set Specific Code input for plugin: SPI
2024-07-02 10:29:04,650 [INFO] BlockDiagram:2759 - set Specific Code input for plugin: USB_OTG_HS
2024-07-02 10:29:04,650 [INFO] BlockDiagram:2759 - set Specific Code input for plugin: RCC
2024-07-02 10:29:04,650 [INFO] BlockDiagram:2759 - set Specific Code input for plugin: USART
2024-07-02 10:29:04,650 [INFO] BlockDiagram:2759 - set Specific Code input for plugin: USART
2024-07-02 10:29:04,650 [INFO] BlockDiagram:2759 - set Specific Code input for plugin: TIM1_8H7
2024-07-02 10:29:04,650 [INFO] BlockDiagram:2759 - set Specific Code input for plugin: FATFS
2024-07-02 10:29:04,650 [INFO] BlockDiagram:2759 - set Specific Code input for plugin: USB_DEVICE
2024-07-02 10:29:04,650 [INFO] BlockDiagram:2759 - set Specific Code input for plugin: SYS
2024-07-02 10:29:04,650 [INFO] BlockDiagram:2759 - set Specific Code input for plugin: NVIC
2024-07-02 10:29:04,650 [INFO] BlockDiagram:2759 - set Specific Code input for plugin: DMA
2024-07-02 10:29:04,652 [INFO] BlockDiagram:2759 - set Specific Code input for plugin: GPIO
2024-07-02 10:29:04,653 [INFO] CodeGenerator:807 - code generatio: config db path: C:/Users/andre/.stm32cubemx/databases/DB.6.0.110/db/
2024-07-02 10:29:04,755 [WARN] IP:2120 - DEVICE_SERIAL0_CDC_HS not found: check if there is a RefParameter without a condition.
2024-07-02 10:29:04,755 [WARN] IP:2120 - DEVICE_SERIAL1_CDC_HS not found: check if there is a RefParameter without a condition.
2024-07-02 10:29:04,755 [WARN] IP:2120 - DEVICE_SERIAL2_CDC_HS not found: check if there is a RefParameter without a condition.
2024-07-02 10:29:05,044 [INFO] CodeEngine:255 - oldGeneratedFile, C:\Users\andre\Documents\GitHub\TS_Nucleo\TS_STM-H7\TS_STM-H7\TS_STM-H7\MXTmpFiles\license.tmp_save
2024-07-02 10:29:05,471 [INFO] CodeEngine:279 - Generated code: C:\Users\andre\Documents\GitHub\TS_Nucleo\TS_STM-H7\TS_STM-H7\TS_STM-H7\MXTmpFiles\license.tmp
2024-07-02 10:29:05,677 [INFO] CodeEngine:255 - oldGeneratedFile, C:\Users\andre\Documents\GitHub\TS_Nucleo\TS_STM-H7\TS_STM-H7\TS_STM-H7\MXTmpFiles\gpio.tmp_save
2024-07-02 10:29:05,849 [INFO] CodeEngine:279 - Generated code: C:\Users\andre\Documents\GitHub\TS_Nucleo\TS_STM-H7\TS_STM-H7\TS_STM-H7\MXTmpFiles\gpio.tmp
2024-07-02 10:29:06,185 [INFO] CodeEngine:255 - oldGeneratedFile, C:\Users\andre\Documents\GitHub\TS_Nucleo\TS_STM-H7\TS_STM-H7\TS_STM-H7\MXTmpFiles\usb_otg_hs_vars.tmp_save
2024-07-02 10:29:06,283 [INFO] CodeEngine:279 - Generated code: C:\Users\andre\Documents\GitHub\TS_Nucleo\TS_STM-H7\TS_STM-H7\TS_STM-H7\MXTmpFiles\usb_otg_hs_vars.tmp
2024-07-02 10:29:06,294 [INFO] CodeEngine:255 - oldGeneratedFile, C:\Users\andre\Documents\GitHub\TS_Nucleo\TS_STM-H7\TS_STM-H7\TS_STM-H7\MXTmpFiles\usb_otg_hs_inc.tmp_save
2024-07-02 10:29:06,371 [INFO] CodeEngine:279 - Generated code: C:\Users\andre\Documents\GitHub\TS_Nucleo\TS_STM-H7\TS_STM-H7\TS_STM-H7\MXTmpFiles\usb_otg_hs_inc.tmp
2024-07-02 10:29:06,391 [INFO] CodeEngine:255 - oldGeneratedFile, C:\Users\andre\Documents\GitHub\TS_Nucleo\TS_STM-H7\TS_STM-H7\TS_STM-H7\MXTmpFiles\usb_otg_hs_HalInit.tmp_save
2024-07-02 10:29:06,509 [INFO] CodeEngine:279 - Generated code: C:\Users\andre\Documents\GitHub\TS_Nucleo\TS_STM-H7\TS_STM-H7\TS_STM-H7\MXTmpFiles\usb_otg_hs_HalInit.tmp
2024-07-02 10:29:06,523 [INFO] CodeEngine:255 - oldGeneratedFile, C:\Users\andre\Documents\GitHub\TS_Nucleo\TS_STM-H7\TS_STM-H7\TS_STM-H7\MXTmpFiles\usb_otg_hs_Msp.tmp_save
2024-07-02 10:29:06,689 [INFO] CodeEngine:279 - Generated code: C:\Users\andre\Documents\GitHub\TS_Nucleo\TS_STM-H7\TS_STM-H7\TS_STM-H7\MXTmpFiles\usb_otg_hs_Msp.tmp
2024-07-02 10:29:08,448 [INFO] Middleware:1439 - No code input for Bsp Dependency
2024-07-02 10:29:08,467 [INFO] CodeEngine:255 - oldGeneratedFile, C:\Users\andre\Documents\GitHub\TS_Nucleo\TS_STM-H7\TS_STM-H7\TS_STM-H7\MXTmpFiles\fatfs_HalInit.tmp_save
2024-07-02 10:29:08,574 [INFO] CodeEngine:279 - Generated code: C:\Users\andre\Documents\GitHub\TS_Nucleo\TS_STM-H7\TS_STM-H7\TS_STM-H7\MXTmpFiles\fatfs_HalInit.tmp
2024-07-02 10:29:08,585 [INFO] CodeEngine:255 - oldGeneratedFile, C:\Users\andre\Documents\GitHub\TS_Nucleo\TS_STM-H7\TS_STM-H7\TS_STM-H7\MXTmpFiles\fatfs_vars.tmp_save
2024-07-02 10:29:08,661 [INFO] CodeEngine:279 - Generated code: C:\Users\andre\Documents\GitHub\TS_Nucleo\TS_STM-H7\TS_STM-H7\TS_STM-H7\MXTmpFiles\fatfs_vars.tmp
2024-07-02 10:29:08,673 [INFO] CodeEngine:255 - oldGeneratedFile, C:\Users\andre\Documents\GitHub\TS_Nucleo\TS_STM-H7\TS_STM-H7\TS_STM-H7\MXTmpFiles\fatfs_ext_vars.tmp_save
2024-07-02 10:29:08,737 [INFO] CodeEngine:279 - Generated code: C:\Users\andre\Documents\GitHub\TS_Nucleo\TS_STM-H7\TS_STM-H7\TS_STM-H7\MXTmpFiles\fatfs_ext_vars.tmp
2024-07-02 10:29:08,748 [INFO] CodeEngine:255 - oldGeneratedFile, C:\Users\andre\Documents\GitHub\TS_Nucleo\TS_STM-H7\TS_STM-H7\TS_STM-H7\MXTmpFiles\fatfs_inc.tmp_save
2024-07-02 10:29:08,817 [INFO] CodeEngine:279 - Generated code: C:\Users\andre\Documents\GitHub\TS_Nucleo\TS_STM-H7\TS_STM-H7\TS_STM-H7\MXTmpFiles\fatfs_inc.tmp
2024-07-02 10:29:08,833 [INFO] Middleware:1439 - No code input for Bsp Dependency
2024-07-02 10:29:08,835 [ERROR] SWIPConfigModel:147 - Object (RefParameter) name : DEVICE_SERIAL1_CDC_HS  is not a String or a Boolean
2024-07-02 10:29:08,835 [ERROR] SWIPConfigModel:147 - Object (RefParameter) name : DEVICE_SERIAL2_CDC_HS  is not a String or a Boolean
2024-07-02 10:29:08,835 [ERROR] SWIPConfigModel:147 - Object (RefParameter) name : DEVICE_SERIAL0_CDC_HS  is not a String or a Boolean
2024-07-02 10:29:08,857 [INFO] CodeEngine:255 - oldGeneratedFile, C:\Users\andre\Documents\GitHub\TS_Nucleo\TS_STM-H7\TS_STM-H7\TS_STM-H7\MXTmpFiles\cortex.tmp_save
2024-07-02 10:29:08,940 [INFO] CodeEngine:279 - Generated code: C:\Users\andre\Documents\GitHub\TS_Nucleo\TS_STM-H7\TS_STM-H7\TS_STM-H7\MXTmpFiles\cortex.tmp
2024-07-02 10:29:09,075 [INFO] CodeEngine:255 - oldGeneratedFile, C:\Users\andre\Documents\GitHub\TS_Nucleo\TS_STM-H7\TS_STM-H7\TS_STM-H7\MXTmpFiles\dma.tmp_save
2024-07-02 10:29:09,156 [INFO] CodeEngine:279 - Generated code: C:\Users\andre\Documents\GitHub\TS_Nucleo\TS_STM-H7\TS_STM-H7\TS_STM-H7\MXTmpFiles\dma.tmp
2024-07-02 10:29:09,165 [INFO] CodeEngine:255 - oldGeneratedFile, C:\Users\andre\Documents\GitHub\TS_Nucleo\TS_STM-H7\TS_STM-H7\TS_STM-H7\MXTmpFiles\dma_GV.tmp_save
2024-07-02 10:29:09,220 [INFO] CodeEngine:279 - Generated code: C:\Users\andre\Documents\GitHub\TS_Nucleo\TS_STM-H7\TS_STM-H7\TS_STM-H7\MXTmpFiles\dma_GV.tmp
2024-07-02 10:29:09,224 [INFO] Middleware:1439 - No code input for Bsp Dependency
2024-07-02 10:29:09,230 [INFO] CodeEngine:255 - oldGeneratedFile, C:\Users\andre\Documents\GitHub\TS_Nucleo\TS_STM-H7\TS_STM-H7\TS_STM-H7\MXTmpFiles\fatfs_HalInit.tmp_save
2024-07-02 10:29:09,311 [INFO] CodeEngine:279 - Generated code: C:\Users\andre\Documents\GitHub\TS_Nucleo\TS_STM-H7\TS_STM-H7\TS_STM-H7\MXTmpFiles\fatfs_HalInit.tmp
2024-07-02 10:29:09,317 [INFO] CodeEngine:255 - oldGeneratedFile, C:\Users\andre\Documents\GitHub\TS_Nucleo\TS_STM-H7\TS_STM-H7\TS_STM-H7\MXTmpFiles\fatfs_vars.tmp_save
2024-07-02 10:29:09,360 [INFO] CodeEngine:279 - Generated code: C:\Users\andre\Documents\GitHub\TS_Nucleo\TS_STM-H7\TS_STM-H7\TS_STM-H7\MXTmpFiles\fatfs_vars.tmp
2024-07-02 10:29:09,367 [INFO] CodeEngine:255 - oldGeneratedFile, C:\Users\andre\Documents\GitHub\TS_Nucleo\TS_STM-H7\TS_STM-H7\TS_STM-H7\MXTmpFiles\fatfs_ext_vars.tmp_save
2024-07-02 10:29:09,411 [INFO] CodeEngine:279 - Generated code: C:\Users\andre\Documents\GitHub\TS_Nucleo\TS_STM-H7\TS_STM-H7\TS_STM-H7\MXTmpFiles\fatfs_ext_vars.tmp
2024-07-02 10:29:09,417 [INFO] CodeEngine:255 - oldGeneratedFile, C:\Users\andre\Documents\GitHub\TS_Nucleo\TS_STM-H7\TS_STM-H7\TS_STM-H7\MXTmpFiles\fatfs_inc.tmp_save
2024-07-02 10:29:09,461 [INFO] CodeEngine:279 - Generated code: C:\Users\andre\Documents\GitHub\TS_Nucleo\TS_STM-H7\TS_STM-H7\TS_STM-H7\MXTmpFiles\fatfs_inc.tmp
2024-07-02 10:29:09,479 [INFO] CodeEngine:255 - oldGeneratedFile, C:\Users\andre\Documents\GitHub\TS_Nucleo\TS_STM-H7\TS_STM-H7\TS_STM-H7\FATFS\Target\ffconf.h_save
2024-07-02 10:29:09,573 [INFO] CodeEngine:279 - Generated code: C:\Users\andre\Documents\GitHub\TS_Nucleo\TS_STM-H7\TS_STM-H7\TS_STM-H7\FATFS\Target\ffconf.h
2024-07-02 10:29:09,592 [INFO] CodeEngine:255 - oldGeneratedFile, C:\Users\andre\Documents\GitHub\TS_Nucleo\TS_STM-H7\TS_STM-H7\TS_STM-H7\FATFS\Target\user_diskio.c_save
2024-07-02 10:29:09,672 [INFO] CodeEngine:279 - Generated code: C:\Users\andre\Documents\GitHub\TS_Nucleo\TS_STM-H7\TS_STM-H7\TS_STM-H7\FATFS\Target\user_diskio.c
2024-07-02 10:29:09,690 [INFO] CodeEngine:255 - oldGeneratedFile, C:\Users\andre\Documents\GitHub\TS_Nucleo\TS_STM-H7\TS_STM-H7\TS_STM-H7\FATFS\Target\user_diskio.h_save
2024-07-02 10:29:09,754 [INFO] CodeEngine:279 - Generated code: C:\Users\andre\Documents\GitHub\TS_Nucleo\TS_STM-H7\TS_STM-H7\TS_STM-H7\FATFS\Target\user_diskio.h
2024-07-02 10:29:09,776 [INFO] CodeEngine:255 - oldGeneratedFile, C:\Users\andre\Documents\GitHub\TS_Nucleo\TS_STM-H7\TS_STM-H7\TS_STM-H7\FATFS\App\fatfs.c_save
2024-07-02 10:29:09,845 [INFO] CodeEngine:279 - Generated code: C:\Users\andre\Documents\GitHub\TS_Nucleo\TS_STM-H7\TS_STM-H7\TS_STM-H7\FATFS\App\fatfs.c
2024-07-02 10:29:09,863 [INFO] CodeEngine:255 - oldGeneratedFile, C:\Users\andre\Documents\GitHub\TS_Nucleo\TS_STM-H7\TS_STM-H7\TS_STM-H7\FATFS\App\fatfs.h_save
2024-07-02 10:29:09,934 [INFO] CodeEngine:279 - Generated code: C:\Users\andre\Documents\GitHub\TS_Nucleo\TS_STM-H7\TS_STM-H7\TS_STM-H7\FATFS\App\fatfs.h
2024-07-02 10:29:09,943 [INFO] Middleware:1439 - No code input for Bsp Dependency
2024-07-02 10:29:09,944 [ERROR] SWIPConfigModel:147 - Object (RefParameter) name : DEVICE_SERIAL1_CDC_HS  is not a String or a Boolean
2024-07-02 10:29:09,944 [ERROR] SWIPConfigModel:147 - Object (RefParameter) name : DEVICE_SERIAL2_CDC_HS  is not a String or a Boolean
2024-07-02 10:29:09,944 [ERROR] SWIPConfigModel:147 - Object (RefParameter) name : DEVICE_SERIAL0_CDC_HS  is not a String or a Boolean
2024-07-02 10:29:09,968 [INFO] CodeEngine:255 - oldGeneratedFile, C:\Users\andre\Documents\GitHub\TS_Nucleo\TS_STM-H7\TS_STM-H7\TS_STM-H7\USB_DEVICE\App\usb_device.c_save
2024-07-02 10:29:10,052 [INFO] CodeEngine:279 - Generated code: C:\Users\andre\Documents\GitHub\TS_Nucleo\TS_STM-H7\TS_STM-H7\TS_STM-H7\USB_DEVICE\App\usb_device.c
2024-07-02 10:29:10,071 [INFO] CodeEngine:255 - oldGeneratedFile, C:\Users\andre\Documents\GitHub\TS_Nucleo\TS_STM-H7\TS_STM-H7\TS_STM-H7\USB_DEVICE\App\usb_device.h_save
2024-07-02 10:29:10,136 [INFO] CodeEngine:279 - Generated code: C:\Users\andre\Documents\GitHub\TS_Nucleo\TS_STM-H7\TS_STM-H7\TS_STM-H7\USB_DEVICE\App\usb_device.h
2024-07-02 10:29:10,155 [INFO] CodeEngine:255 - oldGeneratedFile, C:\Users\andre\Documents\GitHub\TS_Nucleo\TS_STM-H7\TS_STM-H7\TS_STM-H7\USB_DEVICE\Target\usbd_conf.h_save
2024-07-02 10:29:10,227 [INFO] CodeEngine:279 - Generated code: C:\Users\andre\Documents\GitHub\TS_Nucleo\TS_STM-H7\TS_STM-H7\TS_STM-H7\USB_DEVICE\Target\usbd_conf.h
2024-07-02 10:29:10,246 [INFO] CodeEngine:255 - oldGeneratedFile, C:\Users\andre\Documents\GitHub\TS_Nucleo\TS_STM-H7\TS_STM-H7\TS_STM-H7\USB_DEVICE\Target\usbd_conf.c_save
2024-07-02 10:29:10,330 [INFO] CodeEngine:279 - Generated code: C:\Users\andre\Documents\GitHub\TS_Nucleo\TS_STM-H7\TS_STM-H7\TS_STM-H7\USB_DEVICE\Target\usbd_conf.c
2024-07-02 10:29:10,351 [INFO] CodeEngine:255 - oldGeneratedFile, C:\Users\andre\Documents\GitHub\TS_Nucleo\TS_STM-H7\TS_STM-H7\TS_STM-H7\USB_DEVICE\App\usbd_desc.h_save
2024-07-02 10:29:10,414 [INFO] CodeEngine:279 - Generated code: C:\Users\andre\Documents\GitHub\TS_Nucleo\TS_STM-H7\TS_STM-H7\TS_STM-H7\USB_DEVICE\App\usbd_desc.h
2024-07-02 10:29:10,433 [INFO] CodeEngine:255 - oldGeneratedFile, C:\Users\andre\Documents\GitHub\TS_Nucleo\TS_STM-H7\TS_STM-H7\TS_STM-H7\USB_DEVICE\App\usbd_desc.c_save
2024-07-02 10:29:10,517 [INFO] CodeEngine:279 - Generated code: C:\Users\andre\Documents\GitHub\TS_Nucleo\TS_STM-H7\TS_STM-H7\TS_STM-H7\USB_DEVICE\App\usbd_desc.c
2024-07-02 10:29:10,540 [INFO] CodeEngine:255 - oldGeneratedFile, C:\Users\andre\Documents\GitHub\TS_Nucleo\TS_STM-H7\TS_STM-H7\TS_STM-H7\USB_DEVICE\App\usbd_cdc_if.h_save
2024-07-02 10:29:10,603 [INFO] CodeEngine:279 - Generated code: C:\Users\andre\Documents\GitHub\TS_Nucleo\TS_STM-H7\TS_STM-H7\TS_STM-H7\USB_DEVICE\App\usbd_cdc_if.h
2024-07-02 10:29:10,622 [INFO] CodeEngine:255 - oldGeneratedFile, C:\Users\andre\Documents\GitHub\TS_Nucleo\TS_STM-H7\TS_STM-H7\TS_STM-H7\USB_DEVICE\App\usbd_cdc_if.c_save
2024-07-02 10:29:10,710 [INFO] CodeEngine:279 - Generated code: C:\Users\andre\Documents\GitHub\TS_Nucleo\TS_STM-H7\TS_STM-H7\TS_STM-H7\USB_DEVICE\App\usbd_cdc_if.c
2024-07-02 10:29:10,755 [INFO] CodeEngine:255 - oldGeneratedFile, C:\Users\andre\Documents\GitHub\TS_Nucleo\TS_STM-H7\TS_STM-H7\TS_STM-H7\Core\Src\stm32h7xx_it.c_save
2024-07-02 10:29:10,891 [INFO] CodeEngine:279 - Generated code: C:\Users\andre\Documents\GitHub\TS_Nucleo\TS_STM-H7\TS_STM-H7\TS_STM-H7\Core\Src\stm32h7xx_it.c
2024-07-02 10:29:10,913 [INFO] CodeEngine:255 - oldGeneratedFile, C:\Users\andre\Documents\GitHub\TS_Nucleo\TS_STM-H7\TS_STM-H7\TS_STM-H7\Core\Inc\stm32h7xx_it.h_save
2024-07-02 10:29:10,994 [INFO] CodeEngine:279 - Generated code: C:\Users\andre\Documents\GitHub\TS_Nucleo\TS_STM-H7\TS_STM-H7\TS_STM-H7\Core\Inc\stm32h7xx_it.h
2024-07-02 10:29:11,194 [INFO] CodeEngine:255 - oldGeneratedFile, C:\Users\andre\Documents\GitHub\TS_Nucleo\TS_STM-H7\TS_STM-H7\TS_STM-H7\Core\Src\stm32h7xx_hal_msp.c_save
2024-07-02 10:29:11,321 [INFO] CodeEngine:279 - Generated code: C:\Users\andre\Documents\GitHub\TS_Nucleo\TS_STM-H7\TS_STM-H7\TS_STM-H7\Core\Src\stm32h7xx_hal_msp.c
2024-07-02 10:29:11,337 [INFO] CodeEngine:255 - oldGeneratedFile, C:\Users\andre\Documents\GitHub\TS_Nucleo\TS_STM-H7\TS_STM-H7\TS_STM-H7\MXTmpFiles\system.tmp_save
2024-07-02 10:29:11,399 [INFO] CodeEngine:279 - Generated code: C:\Users\andre\Documents\GitHub\TS_Nucleo\TS_STM-H7\TS_STM-H7\TS_STM-H7\MXTmpFiles\system.tmp
2024-07-02 10:29:11,428 [INFO] CodeEngine:311 - oldGeneratedFile, C:\Users\andre\Documents\GitHub\TS_Nucleo\TS_STM-H7\TS_STM-H7\TS_STM-H7\Core\Inc\stm32h7xx_hal_conf.h_save
2024-07-02 10:29:11,521 [INFO] CodeEngine:335 - Generated code: C:\Users\andre\Documents\GitHub\TS_Nucleo\TS_STM-H7\TS_STM-H7\TS_STM-H7\Core\Inc\stm32h7xx_hal_conf.h
2024-07-02 10:29:11,573 [WARN] IPConfigManager:3513 - IP not found : TIM
2024-07-02 10:29:11,574 [WARN] CodeGenerator:3951 - IP not found : null
2024-07-02 10:29:11,601 [INFO] CodeEngine:255 - oldGeneratedFile, C:\Users\andre\Documents\GitHub\TS_Nucleo\TS_STM-H7\TS_STM-H7\TS_STM-H7\Core\Inc\main.h_save
2024-07-02 10:29:11,694 [INFO] CodeEngine:279 - Generated code: C:\Users\andre\Documents\GitHub\TS_Nucleo\TS_STM-H7\TS_STM-H7\TS_STM-H7\Core\Inc\main.h
2024-07-02 10:29:11,716 [INFO] CodeEngine:255 - oldGeneratedFile, C:\Users\andre\Documents\GitHub\TS_Nucleo\TS_STM-H7\TS_STM-H7\TS_STM-H7\Core\Src\main.c_save
2024-07-02 10:29:11,898 [INFO] CodeEngine:279 - Generated code: C:\Users\andre\Documents\GitHub\TS_Nucleo\TS_STM-H7\TS_STM-H7\TS_STM-H7\Core\Src\main.c
2024-07-02 10:29:12,421 [INFO] ProjectBuilder:3163 - Time for Copy HAL[1] : 313mS.
2024-07-02 10:29:12,434 [INFO] ProjectBuilder:4736 - Project Generator version: 4.3.0-B58
2024-07-02 10:29:12,538 [INFO] ConfigFileManager:1503 - The Die is : DIE483
2024-07-02 10:29:12,557 [INFO] ApiDbMcu:508 - Load IP Config File for FREERTOS
2024-07-02 10:29:12,572 [INFO] ApiDbMcu:508 - Load IP Config File for LIBJPEG
2024-07-02 10:29:12,593 [INFO] ApiDbMcu:508 - Load IP Config File for LWIP
2024-07-02 10:29:12,617 [INFO] ApiDbMcu:508 - Load IP Config File for MBEDTLS
2024-07-02 10:29:12,633 [INFO] ApiDbMcu:508 - Load IP Config File for USB_HOST
2024-07-02 10:29:13,374 [INFO] LogOutputStream:77 - [STDOUT_REDIRECT] 
2024-07-02 10:29:17,205 [INFO] ProjectBuilder:5002 - Time for Generating toolchain IDE Files: 4770mS.
2024-07-02 10:29:17,206 [INFO] ProjectBuilder:3034 - Time for Copy CMSIS : 0mS.
2024-07-02 10:29:17,212 [INFO] ProjectBuilder:3034 - Time for Copy CMSIS : 0mS.
2024-07-02 12:28:16,146 [INFO] Gpio:277 - dependency for GPIO [SPI2, USART1, USART3, USB_OTG_HS]
2024-07-02 12:28:16,335 [ERROR] LogOutputStream:75 - [STDERR_REDIRECT] java.lang.Error: no ComponentUI class for: com.st.microxplorer.plugins.ip.nvic.CheckBoxHeader[,0,0,0x0,invalid,alignmentX=0.0,alignmentY=0.0,border=,flags=0,maximumSize=,minimumSize=,preferredSize=,defaultIcon=,disabledIcon=,disabledSelectedIcon=,margin=null,paintBorder=true,paintFocus=true,pressedIcon=,rolloverEnabled=false,rolloverIcon=,rolloverSelectedIcon=,selectedIcon=,text=]
2024-07-02 12:28:16,336 [ERROR] LogOutputStream:75 - [STDERR_REDIRECT] 	at java.desktop/javax.swing.UIDefaults.getUIError(UIDefaults.java:763)
2024-07-02 12:28:16,338 [ERROR] LogOutputStream:75 - [STDERR_REDIRECT] 	at java.desktop/javax.swing.MultiUIDefaults.getUIError(MultiUIDefaults.java:144)
2024-07-02 12:28:16,340 [ERROR] LogOutputStream:75 - [STDERR_REDIRECT] 	at java.desktop/javax.swing.UIDefaults.getUI(UIDefaults.java:793)
2024-07-02 12:28:16,341 [ERROR] LogOutputStream:75 - [STDERR_REDIRECT] 	at java.desktop/javax.swing.UIManager.getUI(UIManager.java:1073)
2024-07-02 12:28:16,341 [ERROR] LogOutputStream:75 - [STDERR_REDIRECT] 	at java.desktop/javax.swing.JCheckBox.updateUI(JCheckBox.java:228)
2024-07-02 12:28:16,342 [ERROR] LogOutputStream:75 - [STDERR_REDIRECT] 	at java.desktop/javax.swing.AbstractButton.init(AbstractButton.java:2141)
2024-07-02 12:28:16,343 [ERROR] LogOutputStream:75 - [STDERR_REDIRECT] 	at java.desktop/javax.swing.JToggleButton.<init>(JToggleButton.java:187)
2024-07-02 12:28:16,343 [ERROR] LogOutputStream:75 - [STDERR_REDIRECT] 	at java.desktop/javax.swing.JCheckBox.<init>(JCheckBox.java:176)
2024-07-02 12:28:16,344 [ERROR] LogOutputStream:75 - [STDERR_REDIRECT] 	at java.desktop/javax.swing.JCheckBox.<init>(JCheckBox.java:97)
2024-07-02 12:28:16,344 [ERROR] LogOutputStream:75 - [STDERR_REDIRECT] 	at com.st.microxplorer.plugins.ip.nvic.CheckBoxHeader.<init>(CheckBoxHeader.java:55)
2024-07-02 12:28:16,345 [ERROR] LogOutputStream:75 - [STDERR_REDIRECT] 	at com.st.microxplorer.plugins.ip.nvic.NvicCodeSelectionTable.<init>(NvicCodeSelectionTable.java:75)
2024-07-02 12:28:16,346 [ERROR] LogOutputStream:75 - [STDERR_REDIRECT] 	at com.st.microxplorer.plugins.ip.nvic.NvicCodePanel.initComponents(NvicCodePanel.java:102)
2024-07-02 12:28:16,347 [ERROR] LogOutputStream:75 - [STDERR_REDIRECT] 	at com.st.microxplorer.plugins.ip.nvic.NvicCodePanel.<init>(NvicCodePanel.java:78)
2024-07-02 12:28:16,348 [ERROR] LogOutputStream:75 - [STDERR_REDIRECT] 	at com.st.microxplorer.plugins.ip.nvic.NvicTabbedPanel.<init>(NvicTabbedPanel.java:57)
2024-07-02 12:28:16,349 [ERROR] LogOutputStream:75 - [STDERR_REDIRECT] 	at com.st.microxplorer.plugins.ip.nvic.Nvic.getUI(Nvic.java:73)
2024-07-02 12:28:16,350 [ERROR] LogOutputStream:75 - [STDERR_REDIRECT] 	at com.st.microxplorer.plugins.ipmanager.gui.BlockDiagram.createIpPanel(BlockDiagram.java:422)
2024-07-02 12:28:16,351 [ERROR] LogOutputStream:75 - [STDERR_REDIRECT] 	at com.st.microxplorer.plugins.ipmanager.gui.BlockDiagram.getIPConfigPanel(BlockDiagram.java:560)
2024-07-02 12:28:16,352 [ERROR] LogOutputStream:75 - [STDERR_REDIRECT] 	at com.st.microxplorer.plugins.ipmanager.gui.BlockDiagram.getIPConfigPanel(BlockDiagram.java:466)
2024-07-02 12:28:16,355 [ERROR] LogOutputStream:75 - [STDERR_REDIRECT] 	at com.st.microxplorer.plugins.ipmanager.gui.BlockDiagram.propertyChange(BlockDiagram.java:1390)
2024-07-02 12:28:16,356 [ERROR] LogOutputStream:75 - [STDERR_REDIRECT] 	at java.desktop/java.beans.PropertyChangeSupport.fire(PropertyChangeSupport.java:343)
2024-07-02 12:28:16,357 [ERROR] LogOutputStream:75 - [STDERR_REDIRECT] 	at java.desktop/java.beans.PropertyChangeSupport.firePropertyChange(PropertyChangeSupport.java:335)
2024-07-02 12:28:16,358 [ERROR] LogOutputStream:75 - [STDERR_REDIRECT] 	at java.desktop/java.beans.PropertyChangeSupport.firePropertyChange(PropertyChangeSupport.java:268)
2024-07-02 12:28:16,359 [ERROR] LogOutputStream:75 - [STDERR_REDIRECT] 	at com.st.microxplorer.util.MXPropertyChangeSupport.firePropertyChange(MXPropertyChangeSupport.java:54)
2024-07-02 12:28:16,360 [ERROR] LogOutputStream:75 - [STDERR_REDIRECT] 	at com.st.microxplorer.mxsystem.MxSystem.firePropertyChange(MxSystem.java:358)
2024-07-02 12:28:16,361 [ERROR] LogOutputStream:75 - [STDERR_REDIRECT] 	at com.st.microxplorer.plugins.pinoutconfig.guiV5.PeripheralsSelectionPanel.selectIP(PeripheralsSelectionPanel.java:409)
2024-07-02 12:28:16,362 [ERROR] LogOutputStream:75 - [STDERR_REDIRECT] 	at com.st.microxplorer.plugins.pinoutconfig.guiV5.PeripheralsListListener.mouseClicked(PeripheralsListListener.java:103)
2024-07-02 12:28:16,363 [ERROR] LogOutputStream:75 - [STDERR_REDIRECT] 	at java.desktop/java.awt.AWTEventMulticaster.mouseClicked(AWTEventMulticaster.java:278)
2024-07-02 12:28:16,364 [ERROR] LogOutputStream:75 - [STDERR_REDIRECT] 	at java.desktop/java.awt.AWTEventMulticaster.mouseClicked(AWTEventMulticaster.java:277)
2024-07-02 12:28:16,364 [ERROR] LogOutputStream:75 - [STDERR_REDIRECT] 	at java.desktop/java.awt.AWTEventMulticaster.mouseClicked(AWTEventMulticaster.java:277)
2024-07-02 12:28:16,365 [ERROR] LogOutputStream:75 - [STDERR_REDIRECT] 	at java.desktop/java.awt.AWTEventMulticaster.mouseClicked(AWTEventMulticaster.java:277)
2024-07-02 12:28:16,366 [ERROR] LogOutputStream:75 - [STDERR_REDIRECT] 	at java.desktop/java.awt.AWTEventMulticaster.mouseClicked(AWTEventMulticaster.java:277)
2024-07-02 12:28:16,367 [ERROR] LogOutputStream:75 - [STDERR_REDIRECT] 	at java.desktop/java.awt.AWTEventMulticaster.mouseClicked(AWTEventMulticaster.java:277)
2024-07-02 12:28:16,367 [ERROR] LogOutputStream:75 - [STDERR_REDIRECT] 	at java.desktop/java.awt.Component.processMouseEvent(Component.java:6629)
2024-07-02 12:28:16,368 [ERROR] LogOutputStream:75 - [STDERR_REDIRECT] 	at java.desktop/javax.swing.JComponent.processMouseEvent(JComponent.java:3389)
2024-07-02 12:28:16,371 [ERROR] LogOutputStream:75 - [STDERR_REDIRECT] 	at java.desktop/java.awt.Component.processEvent(Component.java:6391)
2024-07-02 12:28:16,372 [ERROR] LogOutputStream:75 - [STDERR_REDIRECT] 	at java.desktop/java.awt.Container.processEvent(Container.java:2266)
2024-07-02 12:28:16,373 [ERROR] LogOutputStream:75 - [STDERR_REDIRECT] 	at java.desktop/java.awt.Component.dispatchEventImpl(Component.java:5001)
2024-07-02 12:28:16,374 [ERROR] LogOutputStream:75 - [STDERR_REDIRECT] 	at java.desktop/java.awt.Container.dispatchEventImpl(Container.java:2324)
2024-07-02 12:28:16,375 [ERROR] LogOutputStream:75 - [STDERR_REDIRECT] 	at java.desktop/java.awt.Component.dispatchEvent(Component.java:4833)
2024-07-02 12:28:16,376 [ERROR] LogOutputStream:75 - [STDERR_REDIRECT] 	at java.desktop/java.awt.LightweightDispatcher.retargetMouseEvent(Container.java:4948)
2024-07-02 12:28:16,376 [ERROR] LogOutputStream:75 - [STDERR_REDIRECT] 	at java.desktop/java.awt.LightweightDispatcher.processMouseEvent(Container.java:4584)
2024-07-02 12:28:16,377 [ERROR] LogOutputStream:75 - [STDERR_REDIRECT] 	at java.desktop/java.awt.LightweightDispatcher.dispatchEvent(Container.java:4516)
2024-07-02 12:28:16,378 [ERROR] LogOutputStream:75 - [STDERR_REDIRECT] 	at java.desktop/java.awt.Container.dispatchEventImpl(Container.java:2310)
2024-07-02 12:28:16,378 [ERROR] LogOutputStream:75 - [STDERR_REDIRECT] 	at java.desktop/java.awt.Component.dispatchEvent(Component.java:4833)
2024-07-02 12:28:16,379 [ERROR] LogOutputStream:75 - [STDERR_REDIRECT] 	at java.desktop/java.awt.EventQueue.dispatchEventImpl(EventQueue.java:775)
2024-07-02 12:28:16,380 [ERROR] LogOutputStream:75 - [STDERR_REDIRECT] 	at java.desktop/java.awt.EventQueue$4.run(EventQueue.java:720)
2024-07-02 12:28:16,381 [ERROR] LogOutputStream:75 - [STDERR_REDIRECT] 	at java.desktop/java.awt.EventQueue$4.run(EventQueue.java:714)
2024-07-02 12:28:16,381 [ERROR] LogOutputStream:75 - [STDERR_REDIRECT] 	at java.base/java.security.AccessController.doPrivileged(AccessController.java:399)
2024-07-02 12:28:16,382 [ERROR] LogOutputStream:75 - [STDERR_REDIRECT] 	at java.base/java.security.ProtectionDomain$JavaSecurityAccessImpl.doIntersectionPrivilege(ProtectionDomain.java:86)
2024-07-02 12:28:16,383 [ERROR] LogOutputStream:75 - [STDERR_REDIRECT] 	at java.base/java.security.ProtectionDomain$JavaSecurityAccessImpl.doIntersectionPrivilege(ProtectionDomain.java:97)
2024-07-02 12:28:16,384 [ERROR] LogOutputStream:75 - [STDERR_REDIRECT] 	at java.desktop/java.awt.EventQueue$5.run(EventQueue.java:747)
2024-07-02 12:28:16,385 [ERROR] LogOutputStream:75 - [STDERR_REDIRECT] 	at java.desktop/java.awt.EventQueue$5.run(EventQueue.java:745)
2024-07-02 12:28:16,386 [ERROR] LogOutputStream:75 - [STDERR_REDIRECT] 	at java.base/java.security.AccessController.doPrivileged(AccessController.java:399)
2024-07-02 12:28:16,389 [ERROR] LogOutputStream:75 - [STDERR_REDIRECT] 	at java.base/java.security.ProtectionDomain$JavaSecurityAccessImpl.doIntersectionPrivilege(ProtectionDomain.java:86)
2024-07-02 12:28:16,390 [ERROR] LogOutputStream:75 - [STDERR_REDIRECT] 	at java.desktop/java.awt.EventQueue.dispatchEvent(EventQueue.java:744)
2024-07-02 12:28:16,391 [ERROR] LogOutputStream:75 - [STDERR_REDIRECT] 	at java.desktop/java.awt.EventDispatchThread.pumpOneEventForFilters(EventDispatchThread.java:203)
2024-07-02 12:28:16,392 [ERROR] LogOutputStream:75 - [STDERR_REDIRECT] 	at java.desktop/java.awt.EventDispatchThread.pumpEventsForFilter(EventDispatchThread.java:124)
2024-07-02 12:28:16,393 [ERROR] LogOutputStream:75 - [STDERR_REDIRECT] 	at java.desktop/java.awt.EventDispatchThread.pumpEventsForHierarchy(EventDispatchThread.java:113)
2024-07-02 12:28:16,394 [ERROR] LogOutputStream:75 - [STDERR_REDIRECT] 	at java.desktop/java.awt.EventDispatchThread.pumpEvents(EventDispatchThread.java:109)
2024-07-02 12:28:16,394 [ERROR] LogOutputStream:75 - [STDERR_REDIRECT] 	at java.desktop/java.awt.EventDispatchThread.pumpEvents(EventDispatchThread.java:101)
2024-07-02 12:28:16,395 [ERROR] LogOutputStream:75 - [STDERR_REDIRECT] 	at java.desktop/java.awt.EventDispatchThread.run(EventDispatchThread.java:90)
2024-07-02 12:28:16,409 [ERROR] LogOutputStream:75 - [STDERR_REDIRECT] java.lang.Error: no ComponentUI class for: com.st.microxplorer.plugins.ip.nvic.CheckBoxHeader[,0,0,0x0,invalid,alignmentX=0.0,alignmentY=0.0,border=,flags=0,maximumSize=,minimumSize=,preferredSize=,defaultIcon=,disabledIcon=,disabledSelectedIcon=,margin=null,paintBorder=true,paintFocus=true,pressedIcon=,rolloverEnabled=false,rolloverIcon=,rolloverSelectedIcon=,selectedIcon=,text=]
2024-07-02 12:28:16,409 [ERROR] LogOutputStream:75 - [STDERR_REDIRECT] 	at java.desktop/javax.swing.UIDefaults.getUIError(UIDefaults.java:763)
2024-07-02 12:28:16,410 [ERROR] LogOutputStream:75 - [STDERR_REDIRECT] 	at java.desktop/javax.swing.MultiUIDefaults.getUIError(MultiUIDefaults.java:144)
2024-07-02 12:28:16,411 [ERROR] LogOutputStream:75 - [STDERR_REDIRECT] 	at java.desktop/javax.swing.UIDefaults.getUI(UIDefaults.java:793)
2024-07-02 12:28:16,412 [ERROR] LogOutputStream:75 - [STDERR_REDIRECT] 	at java.desktop/javax.swing.UIManager.getUI(UIManager.java:1073)
2024-07-02 12:28:16,412 [ERROR] LogOutputStream:75 - [STDERR_REDIRECT] 	at java.desktop/javax.swing.JCheckBox.updateUI(JCheckBox.java:228)
2024-07-02 12:28:16,413 [ERROR] LogOutputStream:75 - [STDERR_REDIRECT] 	at java.desktop/javax.swing.AbstractButton.init(AbstractButton.java:2141)
2024-07-02 12:28:16,414 [ERROR] LogOutputStream:75 - [STDERR_REDIRECT] 	at java.desktop/javax.swing.JToggleButton.<init>(JToggleButton.java:187)
2024-07-02 12:28:16,414 [ERROR] LogOutputStream:75 - [STDERR_REDIRECT] 	at java.desktop/javax.swing.JCheckBox.<init>(JCheckBox.java:176)
2024-07-02 12:28:16,415 [ERROR] LogOutputStream:75 - [STDERR_REDIRECT] 	at java.desktop/javax.swing.JCheckBox.<init>(JCheckBox.java:97)
2024-07-02 12:28:16,416 [ERROR] LogOutputStream:75 - [STDERR_REDIRECT] 	at com.st.microxplorer.plugins.ip.nvic.CheckBoxHeader.<init>(CheckBoxHeader.java:55)
2024-07-02 12:28:16,417 [ERROR] LogOutputStream:75 - [STDERR_REDIRECT] 	at com.st.microxplorer.plugins.ip.nvic.NvicCodeSelectionTable.<init>(NvicCodeSelectionTable.java:78)
2024-07-02 12:28:16,418 [ERROR] LogOutputStream:75 - [STDERR_REDIRECT] 	at com.st.microxplorer.plugins.ip.nvic.NvicCodePanel.initComponents(NvicCodePanel.java:102)
2024-07-02 12:28:16,419 [ERROR] LogOutputStream:75 - [STDERR_REDIRECT] 	at com.st.microxplorer.plugins.ip.nvic.NvicCodePanel.<init>(NvicCodePanel.java:78)
2024-07-02 12:28:16,421 [ERROR] LogOutputStream:75 - [STDERR_REDIRECT] 	at com.st.microxplorer.plugins.ip.nvic.NvicTabbedPanel.<init>(NvicTabbedPanel.java:57)
2024-07-02 12:28:16,423 [ERROR] LogOutputStream:75 - [STDERR_REDIRECT] 	at com.st.microxplorer.plugins.ip.nvic.Nvic.getUI(Nvic.java:73)
2024-07-02 12:28:16,424 [ERROR] LogOutputStream:75 - [STDERR_REDIRECT] 	at com.st.microxplorer.plugins.ipmanager.gui.BlockDiagram.createIpPanel(BlockDiagram.java:422)
2024-07-02 12:28:16,425 [ERROR] LogOutputStream:75 - [STDERR_REDIRECT] 	at com.st.microxplorer.plugins.ipmanager.gui.BlockDiagram.getIPConfigPanel(BlockDiagram.java:560)
2024-07-02 12:28:16,426 [ERROR] LogOutputStream:75 - [STDERR_REDIRECT] 	at com.st.microxplorer.plugins.ipmanager.gui.BlockDiagram.getIPConfigPanel(BlockDiagram.java:466)
2024-07-02 12:28:16,428 [ERROR] LogOutputStream:75 - [STDERR_REDIRECT] 	at com.st.microxplorer.plugins.ipmanager.gui.BlockDiagram.propertyChange(BlockDiagram.java:1390)
2024-07-02 12:28:16,428 [ERROR] LogOutputStream:75 - [STDERR_REDIRECT] 	at java.desktop/java.beans.PropertyChangeSupport.fire(PropertyChangeSupport.java:343)
2024-07-02 12:28:16,429 [ERROR] LogOutputStream:75 - [STDERR_REDIRECT] 	at java.desktop/java.beans.PropertyChangeSupport.firePropertyChange(PropertyChangeSupport.java:335)
2024-07-02 12:28:16,430 [ERROR] LogOutputStream:75 - [STDERR_REDIRECT] 	at java.desktop/java.beans.PropertyChangeSupport.firePropertyChange(PropertyChangeSupport.java:268)
2024-07-02 12:28:16,431 [ERROR] LogOutputStream:75 - [STDERR_REDIRECT] 	at com.st.microxplorer.util.MXPropertyChangeSupport.firePropertyChange(MXPropertyChangeSupport.java:54)
2024-07-02 12:28:16,432 [ERROR] LogOutputStream:75 - [STDERR_REDIRECT] 	at com.st.microxplorer.mxsystem.MxSystem.firePropertyChange(MxSystem.java:358)
2024-07-02 12:28:16,433 [ERROR] LogOutputStream:75 - [STDERR_REDIRECT] 	at com.st.microxplorer.plugins.pinoutconfig.guiV5.PeripheralsSelectionPanel.selectIP(PeripheralsSelectionPanel.java:409)
2024-07-02 12:28:16,434 [ERROR] LogOutputStream:75 - [STDERR_REDIRECT] 	at com.st.microxplorer.plugins.pinoutconfig.guiV5.PeripheralsListListener.mouseClicked(PeripheralsListListener.java:103)
2024-07-02 12:28:16,435 [ERROR] LogOutputStream:75 - [STDERR_REDIRECT] 	at java.desktop/java.awt.AWTEventMulticaster.mouseClicked(AWTEventMulticaster.java:278)
2024-07-02 12:28:16,439 [ERROR] LogOutputStream:75 - [STDERR_REDIRECT] 	at java.desktop/java.awt.AWTEventMulticaster.mouseClicked(AWTEventMulticaster.java:277)
2024-07-02 12:28:16,441 [ERROR] LogOutputStream:75 - [STDERR_REDIRECT] 	at java.desktop/java.awt.AWTEventMulticaster.mouseClicked(AWTEventMulticaster.java:277)
2024-07-02 12:28:16,442 [ERROR] LogOutputStream:75 - [STDERR_REDIRECT] 	at java.desktop/java.awt.AWTEventMulticaster.mouseClicked(AWTEventMulticaster.java:277)
2024-07-02 12:28:16,444 [ERROR] LogOutputStream:75 - [STDERR_REDIRECT] 	at java.desktop/java.awt.AWTEventMulticaster.mouseClicked(AWTEventMulticaster.java:277)
2024-07-02 12:28:16,445 [ERROR] LogOutputStream:75 - [STDERR_REDIRECT] 	at java.desktop/java.awt.AWTEventMulticaster.mouseClicked(AWTEventMulticaster.java:277)
2024-07-02 12:28:16,446 [ERROR] LogOutputStream:75 - [STDERR_REDIRECT] 	at java.desktop/java.awt.Component.processMouseEvent(Component.java:6629)
2024-07-02 12:28:16,447 [ERROR] LogOutputStream:75 - [STDERR_REDIRECT] 	at java.desktop/javax.swing.JComponent.processMouseEvent(JComponent.java:3389)
2024-07-02 12:28:16,449 [ERROR] LogOutputStream:75 - [STDERR_REDIRECT] 	at java.desktop/java.awt.Component.processEvent(Component.java:6391)
2024-07-02 12:28:16,450 [ERROR] LogOutputStream:75 - [STDERR_REDIRECT] 	at java.desktop/java.awt.Container.processEvent(Container.java:2266)
2024-07-02 12:28:16,451 [ERROR] LogOutputStream:75 - [STDERR_REDIRECT] 	at java.desktop/java.awt.Component.dispatchEventImpl(Component.java:5001)
2024-07-02 12:28:16,452 [ERROR] LogOutputStream:75 - [STDERR_REDIRECT] 	at java.desktop/java.awt.Container.dispatchEventImpl(Container.java:2324)
2024-07-02 12:28:16,454 [ERROR] LogOutputStream:75 - [STDERR_REDIRECT] 	at java.desktop/java.awt.Component.dispatchEvent(Component.java:4833)
2024-07-02 12:28:16,456 [ERROR] LogOutputStream:75 - [STDERR_REDIRECT] 	at java.desktop/java.awt.LightweightDispatcher.retargetMouseEvent(Container.java:4948)
2024-07-02 12:28:16,457 [ERROR] LogOutputStream:75 - [STDERR_REDIRECT] 	at java.desktop/java.awt.LightweightDispatcher.processMouseEvent(Container.java:4584)
2024-07-02 12:28:16,458 [ERROR] LogOutputStream:75 - [STDERR_REDIRECT] 	at java.desktop/java.awt.LightweightDispatcher.dispatchEvent(Container.java:4516)
2024-07-02 12:28:16,459 [ERROR] LogOutputStream:75 - [STDERR_REDIRECT] 	at java.desktop/java.awt.Container.dispatchEventImpl(Container.java:2310)
2024-07-02 12:28:16,459 [ERROR] LogOutputStream:75 - [STDERR_REDIRECT] 	at java.desktop/java.awt.Component.dispatchEvent(Component.java:4833)
2024-07-02 12:28:16,460 [ERROR] LogOutputStream:75 - [STDERR_REDIRECT] 	at java.desktop/java.awt.EventQueue.dispatchEventImpl(EventQueue.java:775)
2024-07-02 12:28:16,461 [ERROR] LogOutputStream:75 - [STDERR_REDIRECT] 	at java.desktop/java.awt.EventQueue$4.run(EventQueue.java:720)
2024-07-02 12:28:16,461 [ERROR] LogOutputStream:75 - [STDERR_REDIRECT] 	at java.desktop/java.awt.EventQueue$4.run(EventQueue.java:714)
2024-07-02 12:28:16,462 [ERROR] LogOutputStream:75 - [STDERR_REDIRECT] 	at java.base/java.security.AccessController.doPrivileged(AccessController.java:399)
2024-07-02 12:28:16,463 [ERROR] LogOutputStream:75 - [STDERR_REDIRECT] 	at java.base/java.security.ProtectionDomain$JavaSecurityAccessImpl.doIntersectionPrivilege(ProtectionDomain.java:86)
2024-07-02 12:28:16,464 [ERROR] LogOutputStream:75 - [STDERR_REDIRECT] 	at java.base/java.security.ProtectionDomain$JavaSecurityAccessImpl.doIntersectionPrivilege(ProtectionDomain.java:97)
2024-07-02 12:28:16,465 [ERROR] LogOutputStream:75 - [STDERR_REDIRECT] 	at java.desktop/java.awt.EventQueue$5.run(EventQueue.java:747)
2024-07-02 12:28:16,465 [ERROR] LogOutputStream:75 - [STDERR_REDIRECT] 	at java.desktop/java.awt.EventQueue$5.run(EventQueue.java:745)
2024-07-02 12:28:16,466 [ERROR] LogOutputStream:75 - [STDERR_REDIRECT] 	at java.base/java.security.AccessController.doPrivileged(AccessController.java:399)
2024-07-02 12:28:16,467 [ERROR] LogOutputStream:75 - [STDERR_REDIRECT] 	at java.base/java.security.ProtectionDomain$JavaSecurityAccessImpl.doIntersectionPrivilege(ProtectionDomain.java:86)
2024-07-02 12:28:16,468 [ERROR] LogOutputStream:75 - [STDERR_REDIRECT] 	at java.desktop/java.awt.EventQueue.dispatchEvent(EventQueue.java:744)
2024-07-02 12:28:16,469 [ERROR] LogOutputStream:75 - [STDERR_REDIRECT] 	at java.desktop/java.awt.EventDispatchThread.pumpOneEventForFilters(EventDispatchThread.java:203)
2024-07-02 12:28:16,472 [ERROR] LogOutputStream:75 - [STDERR_REDIRECT] 	at java.desktop/java.awt.EventDispatchThread.pumpEventsForFilter(EventDispatchThread.java:124)
2024-07-02 12:28:16,473 [ERROR] LogOutputStream:75 - [STDERR_REDIRECT] 	at java.desktop/java.awt.EventDispatchThread.pumpEventsForHierarchy(EventDispatchThread.java:113)
2024-07-02 12:28:16,475 [ERROR] LogOutputStream:75 - [STDERR_REDIRECT] 	at java.desktop/java.awt.EventDispatchThread.pumpEvents(EventDispatchThread.java:109)
2024-07-02 12:28:16,476 [ERROR] LogOutputStream:75 - [STDERR_REDIRECT] 	at java.desktop/java.awt.EventDispatchThread.pumpEvents(EventDispatchThread.java:101)
2024-07-02 12:28:16,476 [ERROR] LogOutputStream:75 - [STDERR_REDIRECT] 	at java.desktop/java.awt.EventDispatchThread.run(EventDispatchThread.java:90)
2024-07-02 12:29:21,368 [INFO] Gpio:277 - dependency for GPIO [SPI2, USART1, USART3, USB_OTG_HS]
2024-07-02 12:30:01,281 [INFO] NvicIntPanel:101 - NVIC parent = com.st.microxplorer.plugins.ip.nvic.MultiNvicIntPanel[,2,27,674x580,layout=javax.swing.BoxLayout,alignmentX=0.0,alignmentY=0.0,border=,flags=9,maximumSize=,minimumSize=,preferredSize=]
2024-07-02 12:30:11,195 [INFO] TabbedPanel:365 - Index of the selected tab is wrong..
2024-07-02 12:30:11,313 [INFO] Gpio:277 - dependency for GPIO [SPI2, USART1, USART3, USB_OTG_HS]
2024-07-02 12:30:20,011 [INFO] Gpio:277 - dependency for GPIO [SPI2, USART1, USART3, USB_OTG_HS]
2024-07-02 12:30:35,713 [INFO] Gpio:277 - dependency for GPIO [SPI2, USART1, USART3, USB_OTG_HS]
2024-07-02 12:30:43,075 [INFO] UtilMem:75 - End SaveConfig() Used Memory: 955748200 Bytes (1073741824)
2024-07-02 12:30:45,342 [INFO] UtilMem:75 - End SaveConfig() Used Memory: 770461232 Bytes (1073741824)
2024-07-02 12:30:46,814 [INFO] UtilMem:75 - End SaveConfig() Used Memory: 831278640 Bytes (1073741824)
2024-07-02 12:30:47,008 [INFO] BlockDiagram:2759 - set Specific Code input for plugin: SPI
2024-07-02 12:30:47,008 [INFO] BlockDiagram:2759 - set Specific Code input for plugin: USB_OTG_HS
2024-07-02 12:30:47,008 [INFO] BlockDiagram:2759 - set Specific Code input for plugin: RCC
2024-07-02 12:30:47,008 [INFO] BlockDiagram:2759 - set Specific Code input for plugin: USART
2024-07-02 12:30:47,008 [INFO] BlockDiagram:2759 - set Specific Code input for plugin: USART
2024-07-02 12:30:47,008 [INFO] BlockDiagram:2759 - set Specific Code input for plugin: TIM1_8H7
2024-07-02 12:30:47,008 [INFO] BlockDiagram:2759 - set Specific Code input for plugin: FATFS
2024-07-02 12:30:47,008 [INFO] BlockDiagram:2759 - set Specific Code input for plugin: USB_DEVICE
2024-07-02 12:30:47,008 [INFO] BlockDiagram:2759 - set Specific Code input for plugin: SYS
2024-07-02 12:30:47,008 [INFO] BlockDiagram:2759 - set Specific Code input for plugin: NVIC
2024-07-02 12:30:47,008 [INFO] BlockDiagram:2759 - set Specific Code input for plugin: DMA
2024-07-02 12:30:47,009 [INFO] BlockDiagram:2759 - set Specific Code input for plugin: GPIO
2024-07-02 12:30:47,010 [INFO] CodeGenerator:807 - code generatio: config db path: C:/Users/andre/.stm32cubemx/databases/DB.6.0.110/db/
2024-07-02 12:30:47,081 [INFO] Argument:325 - Argument : hdmavalue: null
2024-07-02 12:30:47,081 [INFO] Argument:327 - 	 sub Args: 
2024-07-02 12:30:47,081 [INFO] Argument:325 - Argument : Instancevalue: DMA1_Stream2
2024-07-02 12:30:47,081 [INFO] Argument:335 - Argument : Instancevalue: DMA1_Stream2
2024-07-02 12:30:47,081 [INFO] Argument:325 - Argument : Initvalue: null
2024-07-02 12:30:47,081 [INFO] Argument:327 - 	 sub Args: 
2024-07-02 12:30:47,081 [INFO] Argument:325 - Argument : Requestvalue: DMA_REQUEST_SPI2_RX
2024-07-02 12:30:47,081 [INFO] Argument:335 - Argument : Requestvalue: DMA_REQUEST_SPI2_RX
2024-07-02 12:30:47,081 [INFO] Argument:325 - Argument : Directionvalue: DMA_PERIPH_TO_MEMORY
2024-07-02 12:30:47,081 [INFO] Argument:335 - Argument : Directionvalue: DMA_PERIPH_TO_MEMORY
2024-07-02 12:30:47,081 [INFO] Argument:325 - Argument : PeriphIncvalue: DMA_PINC_DISABLE
2024-07-02 12:30:47,081 [INFO] Argument:335 - Argument : PeriphIncvalue: DMA_PINC_DISABLE
2024-07-02 12:30:47,081 [INFO] Argument:325 - Argument : MemIncvalue: DMA_MINC_ENABLE
2024-07-02 12:30:47,081 [INFO] Argument:335 - Argument : MemIncvalue: DMA_MINC_ENABLE
2024-07-02 12:30:47,081 [INFO] Argument:325 - Argument : PeriphDataAlignmentvalue: DMA_PDATAALIGN_BYTE
2024-07-02 12:30:47,081 [INFO] Argument:335 - Argument : PeriphDataAlignmentvalue: DMA_PDATAALIGN_BYTE
2024-07-02 12:30:47,081 [INFO] Argument:325 - Argument : MemDataAlignmentvalue: DMA_MDATAALIGN_BYTE
2024-07-02 12:30:47,081 [INFO] Argument:335 - Argument : MemDataAlignmentvalue: DMA_MDATAALIGN_BYTE
2024-07-02 12:30:47,081 [INFO] Argument:325 - Argument : Modevalue: DMA_CIRCULAR
2024-07-02 12:30:47,081 [INFO] Argument:335 - Argument : Modevalue: DMA_CIRCULAR
2024-07-02 12:30:47,081 [INFO] Argument:325 - Argument : Priorityvalue: DMA_PRIORITY_LOW
2024-07-02 12:30:47,081 [INFO] Argument:335 - Argument : Priorityvalue: DMA_PRIORITY_LOW
2024-07-02 12:30:47,081 [INFO] Argument:325 - Argument : FIFOModevalue: DMA_FIFOMODE_ENABLE
2024-07-02 12:30:47,081 [INFO] Argument:335 - Argument : FIFOModevalue: DMA_FIFOMODE_ENABLE
2024-07-02 12:30:47,081 [INFO] Argument:325 - Argument : FIFOThresholdvalue: DMA_FIFO_THRESHOLD_FULL
2024-07-02 12:30:47,081 [INFO] Argument:335 - Argument : FIFOThresholdvalue: DMA_FIFO_THRESHOLD_FULL
2024-07-02 12:30:47,081 [INFO] Argument:325 - Argument : MemBurstvalue: DMA_MBURST_SINGLE
2024-07-02 12:30:47,081 [INFO] Argument:335 - Argument : MemBurstvalue: DMA_MBURST_SINGLE
2024-07-02 12:30:47,082 [INFO] Argument:325 - Argument : PeriphBurstvalue: DMA_PBURST_SINGLE
2024-07-02 12:30:47,082 [INFO] Argument:335 - Argument : PeriphBurstvalue: DMA_PBURST_SINGLE
2024-07-02 12:30:47,082 [INFO] Argument:325 - Argument : Lockvalue: null
2024-07-02 12:30:47,082 [INFO] Argument:335 - Argument : Lockvalue: null
2024-07-02 12:30:47,082 [INFO] Argument:325 - Argument : Statevalue: null
2024-07-02 12:30:47,082 [INFO] Argument:335 - Argument : Statevalue: null
2024-07-02 12:30:47,082 [INFO] Argument:325 - Argument : Parentvalue: null
2024-07-02 12:30:47,082 [INFO] Argument:335 - Argument : Parentvalue: null
2024-07-02 12:30:47,082 [INFO] Argument:325 - Argument : XferCpltCallbackvalue: null
2024-07-02 12:30:47,082 [INFO] Argument:335 - Argument : XferCpltCallbackvalue: null
2024-07-02 12:30:47,082 [INFO] Argument:325 - Argument : XferHalfCpltCallbackvalue: null
2024-07-02 12:30:47,082 [INFO] Argument:335 - Argument : XferHalfCpltCallbackvalue: null
2024-07-02 12:30:47,082 [INFO] Argument:325 - Argument : XferM1CpltCallbackvalue: null
2024-07-02 12:30:47,082 [INFO] Argument:335 - Argument : XferM1CpltCallbackvalue: null
2024-07-02 12:30:47,082 [INFO] Argument:325 - Argument : XferM1HalfCpltCallbackvalue: null
2024-07-02 12:30:47,082 [INFO] Argument:335 - Argument : XferM1HalfCpltCallbackvalue: null
2024-07-02 12:30:47,082 [INFO] Argument:325 - Argument : XferErrorCallbackvalue: null
2024-07-02 12:30:47,082 [INFO] Argument:335 - Argument : XferErrorCallbackvalue: null
2024-07-02 12:30:47,082 [INFO] Argument:325 - Argument : XferAbortCallbackvalue: null
2024-07-02 12:30:47,082 [INFO] Argument:335 - Argument : XferAbortCallbackvalue: null
2024-07-02 12:30:47,082 [INFO] Argument:325 - Argument : ErrorCodevalue: null
2024-07-02 12:30:47,082 [INFO] Argument:335 - Argument : ErrorCodevalue: null
2024-07-02 12:30:47,082 [INFO] Argument:325 - Argument : StreamBaseAddressvalue: null
2024-07-02 12:30:47,082 [INFO] Argument:335 - Argument : StreamBaseAddressvalue: null
2024-07-02 12:30:47,082 [INFO] Argument:325 - Argument : StreamIndexvalue: null
2024-07-02 12:30:47,082 [INFO] Argument:335 - Argument : StreamIndexvalue: null
2024-07-02 12:30:47,090 [INFO] Argument:325 - Argument : hdmavalue: null
2024-07-02 12:30:47,090 [INFO] Argument:327 - 	 sub Args: 
2024-07-02 12:30:47,090 [INFO] Argument:325 - Argument : Instancevalue: DMA1_Stream0
2024-07-02 12:30:47,090 [INFO] Argument:335 - Argument : Instancevalue: DMA1_Stream0
2024-07-02 12:30:47,090 [INFO] Argument:325 - Argument : Initvalue: null
2024-07-02 12:30:47,090 [INFO] Argument:327 - 	 sub Args: 
2024-07-02 12:30:47,090 [INFO] Argument:325 - Argument : Requestvalue: DMA_REQUEST_USART1_RX
2024-07-02 12:30:47,090 [INFO] Argument:335 - Argument : Requestvalue: DMA_REQUEST_USART1_RX
2024-07-02 12:30:47,090 [INFO] Argument:325 - Argument : Directionvalue: DMA_PERIPH_TO_MEMORY
2024-07-02 12:30:47,090 [INFO] Argument:335 - Argument : Directionvalue: DMA_PERIPH_TO_MEMORY
2024-07-02 12:30:47,090 [INFO] Argument:325 - Argument : PeriphIncvalue: DMA_PINC_DISABLE
2024-07-02 12:30:47,090 [INFO] Argument:335 - Argument : PeriphIncvalue: DMA_PINC_DISABLE
2024-07-02 12:30:47,090 [INFO] Argument:325 - Argument : MemIncvalue: DMA_MINC_ENABLE
2024-07-02 12:30:47,090 [INFO] Argument:335 - Argument : MemIncvalue: DMA_MINC_ENABLE
2024-07-02 12:30:47,090 [INFO] Argument:325 - Argument : PeriphDataAlignmentvalue: DMA_PDATAALIGN_BYTE
2024-07-02 12:30:47,090 [INFO] Argument:335 - Argument : PeriphDataAlignmentvalue: DMA_PDATAALIGN_BYTE
2024-07-02 12:30:47,090 [INFO] Argument:325 - Argument : MemDataAlignmentvalue: DMA_MDATAALIGN_BYTE
2024-07-02 12:30:47,090 [INFO] Argument:335 - Argument : MemDataAlignmentvalue: DMA_MDATAALIGN_BYTE
2024-07-02 12:30:47,090 [INFO] Argument:325 - Argument : Modevalue: DMA_NORMAL
2024-07-02 12:30:47,090 [INFO] Argument:335 - Argument : Modevalue: DMA_NORMAL
2024-07-02 12:30:47,091 [INFO] Argument:325 - Argument : Priorityvalue: DMA_PRIORITY_HIGH
2024-07-02 12:30:47,091 [INFO] Argument:335 - Argument : Priorityvalue: DMA_PRIORITY_HIGH
2024-07-02 12:30:47,091 [INFO] Argument:325 - Argument : FIFOModevalue: DMA_FIFOMODE_DISABLE
2024-07-02 12:30:47,091 [INFO] Argument:335 - Argument : FIFOModevalue: DMA_FIFOMODE_DISABLE
2024-07-02 12:30:47,091 [INFO] Argument:325 - Argument : FIFOThresholdvalue: null
2024-07-02 12:30:47,091 [INFO] Argument:335 - Argument : FIFOThresholdvalue: null
2024-07-02 12:30:47,091 [INFO] Argument:325 - Argument : MemBurstvalue: null
2024-07-02 12:30:47,091 [INFO] Argument:335 - Argument : MemBurstvalue: null
2024-07-02 12:30:47,091 [INFO] Argument:325 - Argument : PeriphBurstvalue: null
2024-07-02 12:30:47,091 [INFO] Argument:335 - Argument : PeriphBurstvalue: null
2024-07-02 12:30:47,091 [INFO] Argument:325 - Argument : Lockvalue: null
2024-07-02 12:30:47,091 [INFO] Argument:335 - Argument : Lockvalue: null
2024-07-02 12:30:47,091 [INFO] Argument:325 - Argument : Statevalue: null
2024-07-02 12:30:47,091 [INFO] Argument:335 - Argument : Statevalue: null
2024-07-02 12:30:47,091 [INFO] Argument:325 - Argument : Parentvalue: null
2024-07-02 12:30:47,091 [INFO] Argument:335 - Argument : Parentvalue: null
2024-07-02 12:30:47,091 [INFO] Argument:325 - Argument : XferCpltCallbackvalue: null
2024-07-02 12:30:47,091 [INFO] Argument:335 - Argument : XferCpltCallbackvalue: null
2024-07-02 12:30:47,091 [INFO] Argument:325 - Argument : XferHalfCpltCallbackvalue: null
2024-07-02 12:30:47,091 [INFO] Argument:335 - Argument : XferHalfCpltCallbackvalue: null
2024-07-02 12:30:47,091 [INFO] Argument:325 - Argument : XferM1CpltCallbackvalue: null
2024-07-02 12:30:47,091 [INFO] Argument:335 - Argument : XferM1CpltCallbackvalue: null
2024-07-02 12:30:47,091 [INFO] Argument:325 - Argument : XferM1HalfCpltCallbackvalue: null
2024-07-02 12:30:47,091 [INFO] Argument:335 - Argument : XferM1HalfCpltCallbackvalue: null
2024-07-02 12:30:47,091 [INFO] Argument:325 - Argument : XferErrorCallbackvalue: null
2024-07-02 12:30:47,091 [INFO] Argument:335 - Argument : XferErrorCallbackvalue: null
2024-07-02 12:30:47,091 [INFO] Argument:325 - Argument : XferAbortCallbackvalue: null
2024-07-02 12:30:47,091 [INFO] Argument:335 - Argument : XferAbortCallbackvalue: null
2024-07-02 12:30:47,091 [INFO] Argument:325 - Argument : ErrorCodevalue: null
2024-07-02 12:30:47,091 [INFO] Argument:335 - Argument : ErrorCodevalue: null
2024-07-02 12:30:47,091 [INFO] Argument:325 - Argument : StreamBaseAddressvalue: null
2024-07-02 12:30:47,091 [INFO] Argument:335 - Argument : StreamBaseAddressvalue: null
2024-07-02 12:30:47,091 [INFO] Argument:325 - Argument : StreamIndexvalue: null
2024-07-02 12:30:47,091 [INFO] Argument:335 - Argument : StreamIndexvalue: null
2024-07-02 12:30:47,092 [INFO] Argument:325 - Argument : hdmavalue: null
2024-07-02 12:30:47,092 [INFO] Argument:327 - 	 sub Args: 
2024-07-02 12:30:47,092 [INFO] Argument:325 - Argument : Instancevalue: DMA1_Stream1
2024-07-02 12:30:47,092 [INFO] Argument:335 - Argument : Instancevalue: DMA1_Stream1
2024-07-02 12:30:47,092 [INFO] Argument:325 - Argument : Initvalue: null
2024-07-02 12:30:47,092 [INFO] Argument:327 - 	 sub Args: 
2024-07-02 12:30:47,092 [INFO] Argument:325 - Argument : Requestvalue: DMA_REQUEST_USART1_TX
2024-07-02 12:30:47,092 [INFO] Argument:335 - Argument : Requestvalue: DMA_REQUEST_USART1_TX
2024-07-02 12:30:47,092 [INFO] Argument:325 - Argument : Directionvalue: DMA_MEMORY_TO_PERIPH
2024-07-02 12:30:47,092 [INFO] Argument:335 - Argument : Directionvalue: DMA_MEMORY_TO_PERIPH
2024-07-02 12:30:47,092 [INFO] Argument:325 - Argument : PeriphIncvalue: DMA_PINC_DISABLE
2024-07-02 12:30:47,092 [INFO] Argument:335 - Argument : PeriphIncvalue: DMA_PINC_DISABLE
2024-07-02 12:30:47,092 [INFO] Argument:325 - Argument : MemIncvalue: DMA_MINC_ENABLE
2024-07-02 12:30:47,092 [INFO] Argument:335 - Argument : MemIncvalue: DMA_MINC_ENABLE
2024-07-02 12:30:47,092 [INFO] Argument:325 - Argument : PeriphDataAlignmentvalue: DMA_PDATAALIGN_BYTE
2024-07-02 12:30:47,092 [INFO] Argument:335 - Argument : PeriphDataAlignmentvalue: DMA_PDATAALIGN_BYTE
2024-07-02 12:30:47,092 [INFO] Argument:325 - Argument : MemDataAlignmentvalue: DMA_MDATAALIGN_BYTE
2024-07-02 12:30:47,092 [INFO] Argument:335 - Argument : MemDataAlignmentvalue: DMA_MDATAALIGN_BYTE
2024-07-02 12:30:47,092 [INFO] Argument:325 - Argument : Modevalue: DMA_NORMAL
2024-07-02 12:30:47,092 [INFO] Argument:335 - Argument : Modevalue: DMA_NORMAL
2024-07-02 12:30:47,092 [INFO] Argument:325 - Argument : Priorityvalue: DMA_PRIORITY_LOW
2024-07-02 12:30:47,092 [INFO] Argument:335 - Argument : Priorityvalue: DMA_PRIORITY_LOW
2024-07-02 12:30:47,092 [INFO] Argument:325 - Argument : FIFOModevalue: DMA_FIFOMODE_DISABLE
2024-07-02 12:30:47,092 [INFO] Argument:335 - Argument : FIFOModevalue: DMA_FIFOMODE_DISABLE
2024-07-02 12:30:47,092 [INFO] Argument:325 - Argument : FIFOThresholdvalue: null
2024-07-02 12:30:47,092 [INFO] Argument:335 - Argument : FIFOThresholdvalue: null
2024-07-02 12:30:47,092 [INFO] Argument:325 - Argument : MemBurstvalue: null
2024-07-02 12:30:47,092 [INFO] Argument:335 - Argument : MemBurstvalue: null
2024-07-02 12:30:47,092 [INFO] Argument:325 - Argument : PeriphBurstvalue: null
2024-07-02 12:30:47,092 [INFO] Argument:335 - Argument : PeriphBurstvalue: null
2024-07-02 12:30:47,092 [INFO] Argument:325 - Argument : Lockvalue: null
2024-07-02 12:30:47,092 [INFO] Argument:335 - Argument : Lockvalue: null
2024-07-02 12:30:47,092 [INFO] Argument:325 - Argument : Statevalue: null
2024-07-02 12:30:47,092 [INFO] Argument:335 - Argument : Statevalue: null
2024-07-02 12:30:47,092 [INFO] Argument:325 - Argument : Parentvalue: null
2024-07-02 12:30:47,092 [INFO] Argument:335 - Argument : Parentvalue: null
2024-07-02 12:30:47,092 [INFO] Argument:325 - Argument : XferCpltCallbackvalue: null
2024-07-02 12:30:47,092 [INFO] Argument:335 - Argument : XferCpltCallbackvalue: null
2024-07-02 12:30:47,092 [INFO] Argument:325 - Argument : XferHalfCpltCallbackvalue: null
2024-07-02 12:30:47,092 [INFO] Argument:335 - Argument : XferHalfCpltCallbackvalue: null
2024-07-02 12:30:47,092 [INFO] Argument:325 - Argument : XferM1CpltCallbackvalue: null
2024-07-02 12:30:47,092 [INFO] Argument:335 - Argument : XferM1CpltCallbackvalue: null
2024-07-02 12:30:47,092 [INFO] Argument:325 - Argument : XferM1HalfCpltCallbackvalue: null
2024-07-02 12:30:47,093 [INFO] Argument:335 - Argument : XferM1HalfCpltCallbackvalue: null
2024-07-02 12:30:47,093 [INFO] Argument:325 - Argument : XferErrorCallbackvalue: null
2024-07-02 12:30:47,093 [INFO] Argument:335 - Argument : XferErrorCallbackvalue: null
2024-07-02 12:30:47,093 [INFO] Argument:325 - Argument : XferAbortCallbackvalue: null
2024-07-02 12:30:47,093 [INFO] Argument:335 - Argument : XferAbortCallbackvalue: null
2024-07-02 12:30:47,093 [INFO] Argument:325 - Argument : ErrorCodevalue: null
2024-07-02 12:30:47,093 [INFO] Argument:335 - Argument : ErrorCodevalue: null
2024-07-02 12:30:47,093 [INFO] Argument:325 - Argument : StreamBaseAddressvalue: null
2024-07-02 12:30:47,093 [INFO] Argument:335 - Argument : StreamBaseAddressvalue: null
2024-07-02 12:30:47,093 [INFO] Argument:325 - Argument : StreamIndexvalue: null
2024-07-02 12:30:47,093 [INFO] Argument:335 - Argument : StreamIndexvalue: null
2024-07-02 12:30:47,098 [WARN] IP:2120 - DEVICE_SERIAL0_CDC_HS not found: check if there is a RefParameter without a condition.
2024-07-02 12:30:47,098 [WARN] IP:2120 - DEVICE_SERIAL1_CDC_HS not found: check if there is a RefParameter without a condition.
2024-07-02 12:30:47,098 [WARN] IP:2120 - DEVICE_SERIAL2_CDC_HS not found: check if there is a RefParameter without a condition.
2024-07-02 12:30:47,240 [INFO] CodeEngine:255 - oldGeneratedFile, C:\Users\andre\Documents\GitHub\TS_Nucleo\TS_STM-H7\TS_STM-H7\TS_STM-H7\MXTmpFiles\license.tmp_save
2024-07-02 12:30:47,416 [INFO] CodeEngine:279 - Generated code: C:\Users\andre\Documents\GitHub\TS_Nucleo\TS_STM-H7\TS_STM-H7\TS_STM-H7\MXTmpFiles\license.tmp
2024-07-02 12:30:47,565 [INFO] CodeEngine:255 - oldGeneratedFile, C:\Users\andre\Documents\GitHub\TS_Nucleo\TS_STM-H7\TS_STM-H7\TS_STM-H7\MXTmpFiles\gpio.tmp_save
2024-07-02 12:30:47,721 [INFO] CodeEngine:279 - Generated code: C:\Users\andre\Documents\GitHub\TS_Nucleo\TS_STM-H7\TS_STM-H7\TS_STM-H7\MXTmpFiles\gpio.tmp
2024-07-02 12:30:48,001 [INFO] CodeEngine:255 - oldGeneratedFile, C:\Users\andre\Documents\GitHub\TS_Nucleo\TS_STM-H7\TS_STM-H7\TS_STM-H7\MXTmpFiles\usb_otg_hs_vars.tmp_save
2024-07-02 12:30:48,114 [INFO] CodeEngine:279 - Generated code: C:\Users\andre\Documents\GitHub\TS_Nucleo\TS_STM-H7\TS_STM-H7\TS_STM-H7\MXTmpFiles\usb_otg_hs_vars.tmp
2024-07-02 12:30:48,118 [INFO] CodeEngine:255 - oldGeneratedFile, C:\Users\andre\Documents\GitHub\TS_Nucleo\TS_STM-H7\TS_STM-H7\TS_STM-H7\MXTmpFiles\usb_otg_hs_inc.tmp_save
2024-07-02 12:30:48,180 [INFO] CodeEngine:279 - Generated code: C:\Users\andre\Documents\GitHub\TS_Nucleo\TS_STM-H7\TS_STM-H7\TS_STM-H7\MXTmpFiles\usb_otg_hs_inc.tmp
2024-07-02 12:30:48,183 [INFO] CodeEngine:255 - oldGeneratedFile, C:\Users\andre\Documents\GitHub\TS_Nucleo\TS_STM-H7\TS_STM-H7\TS_STM-H7\MXTmpFiles\usb_otg_hs_HalInit.tmp_save
2024-07-02 12:30:48,278 [INFO] CodeEngine:279 - Generated code: C:\Users\andre\Documents\GitHub\TS_Nucleo\TS_STM-H7\TS_STM-H7\TS_STM-H7\MXTmpFiles\usb_otg_hs_HalInit.tmp
2024-07-02 12:30:48,282 [INFO] CodeEngine:255 - oldGeneratedFile, C:\Users\andre\Documents\GitHub\TS_Nucleo\TS_STM-H7\TS_STM-H7\TS_STM-H7\MXTmpFiles\usb_otg_hs_Msp.tmp_save
2024-07-02 12:30:48,359 [INFO] CodeEngine:279 - Generated code: C:\Users\andre\Documents\GitHub\TS_Nucleo\TS_STM-H7\TS_STM-H7\TS_STM-H7\MXTmpFiles\usb_otg_hs_Msp.tmp
2024-07-02 12:30:49,440 [INFO] Middleware:1439 - No code input for Bsp Dependency
2024-07-02 12:30:49,446 [INFO] CodeEngine:255 - oldGeneratedFile, C:\Users\andre\Documents\GitHub\TS_Nucleo\TS_STM-H7\TS_STM-H7\TS_STM-H7\MXTmpFiles\fatfs_HalInit.tmp_save
2024-07-02 12:30:49,533 [INFO] CodeEngine:279 - Generated code: C:\Users\andre\Documents\GitHub\TS_Nucleo\TS_STM-H7\TS_STM-H7\TS_STM-H7\MXTmpFiles\fatfs_HalInit.tmp
2024-07-02 12:30:49,537 [INFO] CodeEngine:255 - oldGeneratedFile, C:\Users\andre\Documents\GitHub\TS_Nucleo\TS_STM-H7\TS_STM-H7\TS_STM-H7\MXTmpFiles\fatfs_vars.tmp_save
2024-07-02 12:30:49,611 [INFO] CodeEngine:279 - Generated code: C:\Users\andre\Documents\GitHub\TS_Nucleo\TS_STM-H7\TS_STM-H7\TS_STM-H7\MXTmpFiles\fatfs_vars.tmp
2024-07-02 12:30:49,614 [INFO] CodeEngine:255 - oldGeneratedFile, C:\Users\andre\Documents\GitHub\TS_Nucleo\TS_STM-H7\TS_STM-H7\TS_STM-H7\MXTmpFiles\fatfs_ext_vars.tmp_save
2024-07-02 12:30:49,673 [INFO] CodeEngine:279 - Generated code: C:\Users\andre\Documents\GitHub\TS_Nucleo\TS_STM-H7\TS_STM-H7\TS_STM-H7\MXTmpFiles\fatfs_ext_vars.tmp
2024-07-02 12:30:49,676 [INFO] CodeEngine:255 - oldGeneratedFile, C:\Users\andre\Documents\GitHub\TS_Nucleo\TS_STM-H7\TS_STM-H7\TS_STM-H7\MXTmpFiles\fatfs_inc.tmp_save
2024-07-02 12:30:49,730 [INFO] CodeEngine:279 - Generated code: C:\Users\andre\Documents\GitHub\TS_Nucleo\TS_STM-H7\TS_STM-H7\TS_STM-H7\MXTmpFiles\fatfs_inc.tmp
2024-07-02 12:30:49,742 [INFO] Middleware:1439 - No code input for Bsp Dependency
2024-07-02 12:30:49,743 [ERROR] SWIPConfigModel:147 - Object (RefParameter) name : DEVICE_SERIAL1_CDC_HS  is not a String or a Boolean
2024-07-02 12:30:49,743 [ERROR] SWIPConfigModel:147 - Object (RefParameter) name : DEVICE_SERIAL2_CDC_HS  is not a String or a Boolean
2024-07-02 12:30:49,743 [ERROR] SWIPConfigModel:147 - Object (RefParameter) name : DEVICE_SERIAL0_CDC_HS  is not a String or a Boolean
2024-07-02 12:30:49,748 [INFO] CodeEngine:255 - oldGeneratedFile, C:\Users\andre\Documents\GitHub\TS_Nucleo\TS_STM-H7\TS_STM-H7\TS_STM-H7\MXTmpFiles\cortex.tmp_save
2024-07-02 12:30:49,830 [INFO] CodeEngine:279 - Generated code: C:\Users\andre\Documents\GitHub\TS_Nucleo\TS_STM-H7\TS_STM-H7\TS_STM-H7\MXTmpFiles\cortex.tmp
2024-07-02 12:30:49,926 [INFO] CodeEngine:255 - oldGeneratedFile, C:\Users\andre\Documents\GitHub\TS_Nucleo\TS_STM-H7\TS_STM-H7\TS_STM-H7\MXTmpFiles\dma.tmp_save
2024-07-02 12:30:49,999 [INFO] CodeEngine:279 - Generated code: C:\Users\andre\Documents\GitHub\TS_Nucleo\TS_STM-H7\TS_STM-H7\TS_STM-H7\MXTmpFiles\dma.tmp
2024-07-02 12:30:50,001 [INFO] CodeEngine:255 - oldGeneratedFile, C:\Users\andre\Documents\GitHub\TS_Nucleo\TS_STM-H7\TS_STM-H7\TS_STM-H7\MXTmpFiles\dma_GV.tmp_save
2024-07-02 12:30:50,048 [INFO] CodeEngine:279 - Generated code: C:\Users\andre\Documents\GitHub\TS_Nucleo\TS_STM-H7\TS_STM-H7\TS_STM-H7\MXTmpFiles\dma_GV.tmp
2024-07-02 12:30:50,050 [INFO] Middleware:1439 - No code input for Bsp Dependency
2024-07-02 12:30:50,060 [INFO] CodeEngine:255 - oldGeneratedFile, C:\Users\andre\Documents\GitHub\TS_Nucleo\TS_STM-H7\TS_STM-H7\TS_STM-H7\MXTmpFiles\fatfs_HalInit.tmp_save
2024-07-02 12:30:50,123 [INFO] CodeEngine:279 - Generated code: C:\Users\andre\Documents\GitHub\TS_Nucleo\TS_STM-H7\TS_STM-H7\TS_STM-H7\MXTmpFiles\fatfs_HalInit.tmp
2024-07-02 12:30:50,128 [INFO] CodeEngine:255 - oldGeneratedFile, C:\Users\andre\Documents\GitHub\TS_Nucleo\TS_STM-H7\TS_STM-H7\TS_STM-H7\MXTmpFiles\fatfs_vars.tmp_save
2024-07-02 12:30:50,174 [INFO] CodeEngine:279 - Generated code: C:\Users\andre\Documents\GitHub\TS_Nucleo\TS_STM-H7\TS_STM-H7\TS_STM-H7\MXTmpFiles\fatfs_vars.tmp
2024-07-02 12:30:50,178 [INFO] CodeEngine:255 - oldGeneratedFile, C:\Users\andre\Documents\GitHub\TS_Nucleo\TS_STM-H7\TS_STM-H7\TS_STM-H7\MXTmpFiles\fatfs_ext_vars.tmp_save
2024-07-02 12:30:50,225 [INFO] CodeEngine:279 - Generated code: C:\Users\andre\Documents\GitHub\TS_Nucleo\TS_STM-H7\TS_STM-H7\TS_STM-H7\MXTmpFiles\fatfs_ext_vars.tmp
2024-07-02 12:30:50,230 [INFO] CodeEngine:255 - oldGeneratedFile, C:\Users\andre\Documents\GitHub\TS_Nucleo\TS_STM-H7\TS_STM-H7\TS_STM-H7\MXTmpFiles\fatfs_inc.tmp_save
2024-07-02 12:30:50,274 [INFO] CodeEngine:279 - Generated code: C:\Users\andre\Documents\GitHub\TS_Nucleo\TS_STM-H7\TS_STM-H7\TS_STM-H7\MXTmpFiles\fatfs_inc.tmp
2024-07-02 12:30:50,285 [INFO] CodeEngine:255 - oldGeneratedFile, C:\Users\andre\Documents\GitHub\TS_Nucleo\TS_STM-H7\TS_STM-H7\TS_STM-H7\FATFS\Target\ffconf.h_save
2024-07-02 12:30:50,380 [INFO] CodeEngine:279 - Generated code: C:\Users\andre\Documents\GitHub\TS_Nucleo\TS_STM-H7\TS_STM-H7\TS_STM-H7\FATFS\Target\ffconf.h
2024-07-02 12:30:50,395 [INFO] CodeEngine:255 - oldGeneratedFile, C:\Users\andre\Documents\GitHub\TS_Nucleo\TS_STM-H7\TS_STM-H7\TS_STM-H7\FATFS\Target\user_diskio.c_save
2024-07-02 12:30:50,465 [INFO] CodeEngine:279 - Generated code: C:\Users\andre\Documents\GitHub\TS_Nucleo\TS_STM-H7\TS_STM-H7\TS_STM-H7\FATFS\Target\user_diskio.c
2024-07-02 12:30:50,480 [INFO] CodeEngine:255 - oldGeneratedFile, C:\Users\andre\Documents\GitHub\TS_Nucleo\TS_STM-H7\TS_STM-H7\TS_STM-H7\FATFS\Target\user_diskio.h_save
2024-07-02 12:30:50,543 [INFO] CodeEngine:279 - Generated code: C:\Users\andre\Documents\GitHub\TS_Nucleo\TS_STM-H7\TS_STM-H7\TS_STM-H7\FATFS\Target\user_diskio.h
2024-07-02 12:30:50,553 [INFO] CodeEngine:255 - oldGeneratedFile, C:\Users\andre\Documents\GitHub\TS_Nucleo\TS_STM-H7\TS_STM-H7\TS_STM-H7\FATFS\App\fatfs.c_save
2024-07-02 12:30:50,618 [INFO] CodeEngine:279 - Generated code: C:\Users\andre\Documents\GitHub\TS_Nucleo\TS_STM-H7\TS_STM-H7\TS_STM-H7\FATFS\App\fatfs.c
2024-07-02 12:30:50,630 [INFO] CodeEngine:255 - oldGeneratedFile, C:\Users\andre\Documents\GitHub\TS_Nucleo\TS_STM-H7\TS_STM-H7\TS_STM-H7\FATFS\App\fatfs.h_save
2024-07-02 12:30:50,698 [INFO] CodeEngine:279 - Generated code: C:\Users\andre\Documents\GitHub\TS_Nucleo\TS_STM-H7\TS_STM-H7\TS_STM-H7\FATFS\App\fatfs.h
2024-07-02 12:30:50,712 [INFO] Middleware:1439 - No code input for Bsp Dependency
2024-07-02 12:30:50,713 [ERROR] SWIPConfigModel:147 - Object (RefParameter) name : DEVICE_SERIAL1_CDC_HS  is not a String or a Boolean
2024-07-02 12:30:50,713 [ERROR] SWIPConfigModel:147 - Object (RefParameter) name : DEVICE_SERIAL2_CDC_HS  is not a String or a Boolean
2024-07-02 12:30:50,713 [ERROR] SWIPConfigModel:147 - Object (RefParameter) name : DEVICE_SERIAL0_CDC_HS  is not a String or a Boolean
2024-07-02 12:30:50,731 [INFO] CodeEngine:255 - oldGeneratedFile, C:\Users\andre\Documents\GitHub\TS_Nucleo\TS_STM-H7\TS_STM-H7\TS_STM-H7\USB_DEVICE\App\usb_device.c_save
2024-07-02 12:30:50,798 [INFO] CodeEngine:279 - Generated code: C:\Users\andre\Documents\GitHub\TS_Nucleo\TS_STM-H7\TS_STM-H7\TS_STM-H7\USB_DEVICE\App\usb_device.c
2024-07-02 12:30:50,812 [INFO] CodeEngine:255 - oldGeneratedFile, C:\Users\andre\Documents\GitHub\TS_Nucleo\TS_STM-H7\TS_STM-H7\TS_STM-H7\USB_DEVICE\App\usb_device.h_save
2024-07-02 12:30:50,873 [INFO] CodeEngine:279 - Generated code: C:\Users\andre\Documents\GitHub\TS_Nucleo\TS_STM-H7\TS_STM-H7\TS_STM-H7\USB_DEVICE\App\usb_device.h
2024-07-02 12:30:50,883 [INFO] CodeEngine:255 - oldGeneratedFile, C:\Users\andre\Documents\GitHub\TS_Nucleo\TS_STM-H7\TS_STM-H7\TS_STM-H7\USB_DEVICE\Target\usbd_conf.h_save
2024-07-02 12:30:50,949 [INFO] CodeEngine:279 - Generated code: C:\Users\andre\Documents\GitHub\TS_Nucleo\TS_STM-H7\TS_STM-H7\TS_STM-H7\USB_DEVICE\Target\usbd_conf.h
2024-07-02 12:30:50,961 [INFO] CodeEngine:255 - oldGeneratedFile, C:\Users\andre\Documents\GitHub\TS_Nucleo\TS_STM-H7\TS_STM-H7\TS_STM-H7\USB_DEVICE\Target\usbd_conf.c_save
2024-07-02 12:30:51,042 [INFO] CodeEngine:279 - Generated code: C:\Users\andre\Documents\GitHub\TS_Nucleo\TS_STM-H7\TS_STM-H7\TS_STM-H7\USB_DEVICE\Target\usbd_conf.c
2024-07-02 12:30:51,052 [INFO] CodeEngine:255 - oldGeneratedFile, C:\Users\andre\Documents\GitHub\TS_Nucleo\TS_STM-H7\TS_STM-H7\TS_STM-H7\USB_DEVICE\App\usbd_desc.h_save
2024-07-02 12:30:51,112 [INFO] CodeEngine:279 - Generated code: C:\Users\andre\Documents\GitHub\TS_Nucleo\TS_STM-H7\TS_STM-H7\TS_STM-H7\USB_DEVICE\App\usbd_desc.h
2024-07-02 12:30:51,127 [INFO] CodeEngine:255 - oldGeneratedFile, C:\Users\andre\Documents\GitHub\TS_Nucleo\TS_STM-H7\TS_STM-H7\TS_STM-H7\USB_DEVICE\App\usbd_desc.c_save
2024-07-02 12:30:51,202 [INFO] CodeEngine:279 - Generated code: C:\Users\andre\Documents\GitHub\TS_Nucleo\TS_STM-H7\TS_STM-H7\TS_STM-H7\USB_DEVICE\App\usbd_desc.c
2024-07-02 12:30:51,224 [INFO] CodeEngine:255 - oldGeneratedFile, C:\Users\andre\Documents\GitHub\TS_Nucleo\TS_STM-H7\TS_STM-H7\TS_STM-H7\USB_DEVICE\App\usbd_cdc_if.h_save
2024-07-02 12:30:51,295 [INFO] CodeEngine:279 - Generated code: C:\Users\andre\Documents\GitHub\TS_Nucleo\TS_STM-H7\TS_STM-H7\TS_STM-H7\USB_DEVICE\App\usbd_cdc_if.h
2024-07-02 12:30:51,308 [INFO] CodeEngine:255 - oldGeneratedFile, C:\Users\andre\Documents\GitHub\TS_Nucleo\TS_STM-H7\TS_STM-H7\TS_STM-H7\USB_DEVICE\App\usbd_cdc_if.c_save
2024-07-02 12:30:51,389 [INFO] CodeEngine:279 - Generated code: C:\Users\andre\Documents\GitHub\TS_Nucleo\TS_STM-H7\TS_STM-H7\TS_STM-H7\USB_DEVICE\App\usbd_cdc_if.c
2024-07-02 12:30:51,427 [INFO] CodeEngine:255 - oldGeneratedFile, C:\Users\andre\Documents\GitHub\TS_Nucleo\TS_STM-H7\TS_STM-H7\TS_STM-H7\Core\Src\stm32h7xx_it.c_save
2024-07-02 12:30:51,582 [INFO] CodeEngine:279 - Generated code: C:\Users\andre\Documents\GitHub\TS_Nucleo\TS_STM-H7\TS_STM-H7\TS_STM-H7\Core\Src\stm32h7xx_it.c
2024-07-02 12:30:51,596 [INFO] CodeEngine:255 - oldGeneratedFile, C:\Users\andre\Documents\GitHub\TS_Nucleo\TS_STM-H7\TS_STM-H7\TS_STM-H7\Core\Inc\stm32h7xx_it.h_save
2024-07-02 12:30:51,684 [INFO] CodeEngine:279 - Generated code: C:\Users\andre\Documents\GitHub\TS_Nucleo\TS_STM-H7\TS_STM-H7\TS_STM-H7\Core\Inc\stm32h7xx_it.h
2024-07-02 12:30:51,886 [INFO] CodeEngine:255 - oldGeneratedFile, C:\Users\andre\Documents\GitHub\TS_Nucleo\TS_STM-H7\TS_STM-H7\TS_STM-H7\Core\Src\stm32h7xx_hal_msp.c_save
2024-07-02 12:30:52,011 [INFO] CodeEngine:279 - Generated code: C:\Users\andre\Documents\GitHub\TS_Nucleo\TS_STM-H7\TS_STM-H7\TS_STM-H7\Core\Src\stm32h7xx_hal_msp.c
2024-07-02 12:30:52,014 [INFO] CodeEngine:255 - oldGeneratedFile, C:\Users\andre\Documents\GitHub\TS_Nucleo\TS_STM-H7\TS_STM-H7\TS_STM-H7\MXTmpFiles\system.tmp_save
2024-07-02 12:30:52,084 [INFO] CodeEngine:279 - Generated code: C:\Users\andre\Documents\GitHub\TS_Nucleo\TS_STM-H7\TS_STM-H7\TS_STM-H7\MXTmpFiles\system.tmp
2024-07-02 12:30:52,109 [INFO] CodeEngine:311 - oldGeneratedFile, C:\Users\andre\Documents\GitHub\TS_Nucleo\TS_STM-H7\TS_STM-H7\TS_STM-H7\Core\Inc\stm32h7xx_hal_conf.h_save
2024-07-02 12:30:52,216 [INFO] CodeEngine:335 - Generated code: C:\Users\andre\Documents\GitHub\TS_Nucleo\TS_STM-H7\TS_STM-H7\TS_STM-H7\Core\Inc\stm32h7xx_hal_conf.h
2024-07-02 12:30:52,261 [WARN] IPConfigManager:3513 - IP not found : TIM
2024-07-02 12:30:52,262 [WARN] CodeGenerator:3951 - IP not found : null
2024-07-02 12:30:52,282 [INFO] CodeEngine:255 - oldGeneratedFile, C:\Users\andre\Documents\GitHub\TS_Nucleo\TS_STM-H7\TS_STM-H7\TS_STM-H7\Core\Inc\main.h_save
2024-07-02 12:30:52,383 [INFO] CodeEngine:279 - Generated code: C:\Users\andre\Documents\GitHub\TS_Nucleo\TS_STM-H7\TS_STM-H7\TS_STM-H7\Core\Inc\main.h
2024-07-02 12:30:52,400 [INFO] CodeEngine:255 - oldGeneratedFile, C:\Users\andre\Documents\GitHub\TS_Nucleo\TS_STM-H7\TS_STM-H7\TS_STM-H7\Core\Src\main.c_save
2024-07-02 12:30:52,533 [INFO] CodeEngine:279 - Generated code: C:\Users\andre\Documents\GitHub\TS_Nucleo\TS_STM-H7\TS_STM-H7\TS_STM-H7\Core\Src\main.c
2024-07-02 12:30:52,899 [INFO] ProjectBuilder:3163 - Time for Copy HAL[1] : 215mS.
2024-07-02 12:30:52,910 [INFO] ProjectBuilder:4736 - Project Generator version: 4.3.0-B58
2024-07-02 12:30:52,977 [INFO] ConfigFileManager:1503 - The Die is : DIE483
2024-07-02 12:30:54,284 [INFO] ProjectBuilder:5002 - Time for Generating toolchain IDE Files: 1374mS.
2024-07-02 12:30:54,289 [INFO] ProjectBuilder:3034 - Time for Copy CMSIS : 3mS.
2024-07-02 12:30:54,300 [INFO] ProjectBuilder:3034 - Time for Copy CMSIS : 1mS.
2024-07-02 13:54:51,441 [INFO] Gpio:277 - dependency for GPIO [SPI2, USART1, USART3, USB_OTG_HS]
2024-07-02 13:55:59,508 [ERROR] LogOutputStream:75 - [STDERR_REDIRECT] java.lang.Error: no ComponentUI class for: com.st.microxplorer.plugins.ip.nvic.CheckBoxHeader[,0,0,0x0,invalid,alignmentX=0.0,alignmentY=0.0,border=,flags=0,maximumSize=,minimumSize=,preferredSize=,defaultIcon=,disabledIcon=,disabledSelectedIcon=,margin=null,paintBorder=true,paintFocus=true,pressedIcon=,rolloverEnabled=false,rolloverIcon=,rolloverSelectedIcon=,selectedIcon=,text=]
2024-07-02 13:55:59,509 [ERROR] LogOutputStream:75 - [STDERR_REDIRECT] 	at java.desktop/javax.swing.UIDefaults.getUIError(UIDefaults.java:763)
2024-07-02 13:55:59,512 [ERROR] LogOutputStream:75 - [STDERR_REDIRECT] 	at java.desktop/javax.swing.MultiUIDefaults.getUIError(MultiUIDefaults.java:144)
2024-07-02 13:55:59,514 [ERROR] LogOutputStream:75 - [STDERR_REDIRECT] 	at java.desktop/javax.swing.UIDefaults.getUI(UIDefaults.java:793)
2024-07-02 13:55:59,515 [ERROR] LogOutputStream:75 - [STDERR_REDIRECT] 	at java.desktop/javax.swing.UIManager.getUI(UIManager.java:1073)
2024-07-02 13:55:59,515 [ERROR] LogOutputStream:75 - [STDERR_REDIRECT] 	at java.desktop/javax.swing.JCheckBox.updateUI(JCheckBox.java:228)
2024-07-02 13:55:59,516 [ERROR] LogOutputStream:75 - [STDERR_REDIRECT] 	at java.desktop/javax.swing.AbstractButton.init(AbstractButton.java:2141)
2024-07-02 13:55:59,517 [ERROR] LogOutputStream:75 - [STDERR_REDIRECT] 	at java.desktop/javax.swing.JToggleButton.<init>(JToggleButton.java:187)
2024-07-02 13:55:59,517 [ERROR] LogOutputStream:75 - [STDERR_REDIRECT] 	at java.desktop/javax.swing.JCheckBox.<init>(JCheckBox.java:176)
2024-07-02 13:55:59,518 [ERROR] LogOutputStream:75 - [STDERR_REDIRECT] 	at java.desktop/javax.swing.JCheckBox.<init>(JCheckBox.java:97)
2024-07-02 13:55:59,519 [ERROR] LogOutputStream:75 - [STDERR_REDIRECT] 	at com.st.microxplorer.plugins.ip.nvic.CheckBoxHeader.<init>(CheckBoxHeader.java:55)
2024-07-02 13:55:59,520 [ERROR] LogOutputStream:75 - [STDERR_REDIRECT] 	at com.st.microxplorer.plugins.ip.nvic.NvicCodeSelectionTable.<init>(NvicCodeSelectionTable.java:75)
2024-07-02 13:55:59,520 [ERROR] LogOutputStream:75 - [STDERR_REDIRECT] 	at com.st.microxplorer.plugins.ip.nvic.NvicCodePanel.initComponents(NvicCodePanel.java:102)
2024-07-02 13:55:59,521 [ERROR] LogOutputStream:75 - [STDERR_REDIRECT] 	at com.st.microxplorer.plugins.ip.nvic.NvicCodePanel.<init>(NvicCodePanel.java:78)
2024-07-02 13:55:59,522 [ERROR] LogOutputStream:75 - [STDERR_REDIRECT] 	at com.st.microxplorer.plugins.ip.nvic.NvicTabbedPanel.<init>(NvicTabbedPanel.java:57)
2024-07-02 13:55:59,523 [ERROR] LogOutputStream:75 - [STDERR_REDIRECT] 	at com.st.microxplorer.plugins.ip.nvic.Nvic.getUI(Nvic.java:73)
2024-07-02 13:55:59,524 [ERROR] LogOutputStream:75 - [STDERR_REDIRECT] 	at com.st.microxplorer.plugins.ipmanager.gui.BlockDiagram.createIpPanel(BlockDiagram.java:422)
2024-07-02 13:55:59,524 [ERROR] LogOutputStream:75 - [STDERR_REDIRECT] 	at com.st.microxplorer.plugins.ipmanager.gui.BlockDiagram.getIPConfigPanel(BlockDiagram.java:560)
2024-07-02 13:55:59,525 [ERROR] LogOutputStream:75 - [STDERR_REDIRECT] 	at com.st.microxplorer.plugins.ipmanager.gui.BlockDiagram.getIPConfigPanel(BlockDiagram.java:466)
2024-07-02 13:55:59,526 [ERROR] LogOutputStream:75 - [STDERR_REDIRECT] 	at com.st.microxplorer.plugins.ipmanager.gui.BlockDiagram.propertyChange(BlockDiagram.java:1390)
2024-07-02 13:55:59,528 [ERROR] LogOutputStream:75 - [STDERR_REDIRECT] 	at java.desktop/java.beans.PropertyChangeSupport.fire(PropertyChangeSupport.java:343)
2024-07-02 13:55:59,529 [ERROR] LogOutputStream:75 - [STDERR_REDIRECT] 	at java.desktop/java.beans.PropertyChangeSupport.firePropertyChange(PropertyChangeSupport.java:335)
2024-07-02 13:55:59,530 [ERROR] LogOutputStream:75 - [STDERR_REDIRECT] 	at java.desktop/java.beans.PropertyChangeSupport.firePropertyChange(PropertyChangeSupport.java:268)
2024-07-02 13:55:59,531 [ERROR] LogOutputStream:75 - [STDERR_REDIRECT] 	at com.st.microxplorer.util.MXPropertyChangeSupport.firePropertyChange(MXPropertyChangeSupport.java:54)
2024-07-02 13:55:59,532 [ERROR] LogOutputStream:75 - [STDERR_REDIRECT] 	at com.st.microxplorer.mxsystem.MxSystem.firePropertyChange(MxSystem.java:358)
2024-07-02 13:55:59,533 [ERROR] LogOutputStream:75 - [STDERR_REDIRECT] 	at com.st.microxplorer.plugins.pinoutconfig.guiV5.PeripheralsSelectionPanel.selectIP(PeripheralsSelectionPanel.java:409)
2024-07-02 13:55:59,534 [ERROR] LogOutputStream:75 - [STDERR_REDIRECT] 	at com.st.microxplorer.plugins.pinoutconfig.guiV5.PeripheralsListListener.mouseClicked(PeripheralsListListener.java:103)
2024-07-02 13:55:59,535 [ERROR] LogOutputStream:75 - [STDERR_REDIRECT] 	at java.desktop/java.awt.AWTEventMulticaster.mouseClicked(AWTEventMulticaster.java:278)
2024-07-02 13:55:59,535 [ERROR] LogOutputStream:75 - [STDERR_REDIRECT] 	at java.desktop/java.awt.AWTEventMulticaster.mouseClicked(AWTEventMulticaster.java:277)
2024-07-02 13:55:59,536 [ERROR] LogOutputStream:75 - [STDERR_REDIRECT] 	at java.desktop/java.awt.AWTEventMulticaster.mouseClicked(AWTEventMulticaster.java:277)
2024-07-02 13:55:59,537 [ERROR] LogOutputStream:75 - [STDERR_REDIRECT] 	at java.desktop/java.awt.AWTEventMulticaster.mouseClicked(AWTEventMulticaster.java:277)
2024-07-02 13:55:59,538 [ERROR] LogOutputStream:75 - [STDERR_REDIRECT] 	at java.desktop/java.awt.AWTEventMulticaster.mouseClicked(AWTEventMulticaster.java:277)
2024-07-02 13:55:59,538 [ERROR] LogOutputStream:75 - [STDERR_REDIRECT] 	at java.desktop/java.awt.AWTEventMulticaster.mouseClicked(AWTEventMulticaster.java:277)
2024-07-02 13:55:59,539 [ERROR] LogOutputStream:75 - [STDERR_REDIRECT] 	at java.desktop/java.awt.AWTEventMulticaster.mouseClicked(AWTEventMulticaster.java:277)
2024-07-02 13:55:59,540 [ERROR] LogOutputStream:75 - [STDERR_REDIRECT] 	at java.desktop/java.awt.AWTEventMulticaster.mouseClicked(AWTEventMulticaster.java:277)
2024-07-02 13:55:59,541 [ERROR] LogOutputStream:75 - [STDERR_REDIRECT] 	at java.desktop/java.awt.AWTEventMulticaster.mouseClicked(AWTEventMulticaster.java:277)
2024-07-02 13:55:59,541 [ERROR] LogOutputStream:75 - [STDERR_REDIRECT] 	at java.desktop/java.awt.AWTEventMulticaster.mouseClicked(AWTEventMulticaster.java:277)
2024-07-02 13:55:59,544 [ERROR] LogOutputStream:75 - [STDERR_REDIRECT] 	at java.desktop/java.awt.AWTEventMulticaster.mouseClicked(AWTEventMulticaster.java:277)
2024-07-02 13:55:59,545 [ERROR] LogOutputStream:75 - [STDERR_REDIRECT] 	at java.desktop/java.awt.Component.processMouseEvent(Component.java:6629)
2024-07-02 13:55:59,547 [ERROR] LogOutputStream:75 - [STDERR_REDIRECT] 	at java.desktop/javax.swing.JComponent.processMouseEvent(JComponent.java:3389)
2024-07-02 13:55:59,547 [ERROR] LogOutputStream:75 - [STDERR_REDIRECT] 	at java.desktop/java.awt.Component.processEvent(Component.java:6391)
2024-07-02 13:55:59,548 [ERROR] LogOutputStream:75 - [STDERR_REDIRECT] 	at java.desktop/java.awt.Container.processEvent(Container.java:2266)
2024-07-02 13:55:59,549 [ERROR] LogOutputStream:75 - [STDERR_REDIRECT] 	at java.desktop/java.awt.Component.dispatchEventImpl(Component.java:5001)
2024-07-02 13:55:59,549 [ERROR] LogOutputStream:75 - [STDERR_REDIRECT] 	at java.desktop/java.awt.Container.dispatchEventImpl(Container.java:2324)
2024-07-02 13:55:59,550 [ERROR] LogOutputStream:75 - [STDERR_REDIRECT] 	at java.desktop/java.awt.Component.dispatchEvent(Component.java:4833)
2024-07-02 13:55:59,551 [ERROR] LogOutputStream:75 - [STDERR_REDIRECT] 	at java.desktop/java.awt.LightweightDispatcher.retargetMouseEvent(Container.java:4948)
2024-07-02 13:55:59,552 [ERROR] LogOutputStream:75 - [STDERR_REDIRECT] 	at java.desktop/java.awt.LightweightDispatcher.processMouseEvent(Container.java:4584)
2024-07-02 13:55:59,552 [ERROR] LogOutputStream:75 - [STDERR_REDIRECT] 	at java.desktop/java.awt.LightweightDispatcher.dispatchEvent(Container.java:4516)
2024-07-02 13:55:59,553 [ERROR] LogOutputStream:75 - [STDERR_REDIRECT] 	at java.desktop/java.awt.Container.dispatchEventImpl(Container.java:2310)
2024-07-02 13:55:59,554 [ERROR] LogOutputStream:75 - [STDERR_REDIRECT] 	at java.desktop/java.awt.Component.dispatchEvent(Component.java:4833)
2024-07-02 13:55:59,554 [ERROR] LogOutputStream:75 - [STDERR_REDIRECT] 	at java.desktop/java.awt.EventQueue.dispatchEventImpl(EventQueue.java:775)
2024-07-02 13:55:59,555 [ERROR] LogOutputStream:75 - [STDERR_REDIRECT] 	at java.desktop/java.awt.EventQueue$4.run(EventQueue.java:720)
2024-07-02 13:55:59,555 [ERROR] LogOutputStream:75 - [STDERR_REDIRECT] 	at java.desktop/java.awt.EventQueue$4.run(EventQueue.java:714)
2024-07-02 13:55:59,556 [ERROR] LogOutputStream:75 - [STDERR_REDIRECT] 	at java.base/java.security.AccessController.doPrivileged(AccessController.java:399)
2024-07-02 13:55:59,557 [ERROR] LogOutputStream:75 - [STDERR_REDIRECT] 	at java.base/java.security.ProtectionDomain$JavaSecurityAccessImpl.doIntersectionPrivilege(ProtectionDomain.java:86)
2024-07-02 13:55:59,558 [ERROR] LogOutputStream:75 - [STDERR_REDIRECT] 	at java.base/java.security.ProtectionDomain$JavaSecurityAccessImpl.doIntersectionPrivilege(ProtectionDomain.java:97)
2024-07-02 13:55:59,559 [ERROR] LogOutputStream:75 - [STDERR_REDIRECT] 	at java.desktop/java.awt.EventQueue$5.run(EventQueue.java:747)
2024-07-02 13:55:59,559 [ERROR] LogOutputStream:75 - [STDERR_REDIRECT] 	at java.desktop/java.awt.EventQueue$5.run(EventQueue.java:745)
2024-07-02 13:55:59,561 [ERROR] LogOutputStream:75 - [STDERR_REDIRECT] 	at java.base/java.security.AccessController.doPrivileged(AccessController.java:399)
2024-07-02 13:55:59,563 [ERROR] LogOutputStream:75 - [STDERR_REDIRECT] 	at java.base/java.security.ProtectionDomain$JavaSecurityAccessImpl.doIntersectionPrivilege(ProtectionDomain.java:86)
2024-07-02 13:55:59,564 [ERROR] LogOutputStream:75 - [STDERR_REDIRECT] 	at java.desktop/java.awt.EventQueue.dispatchEvent(EventQueue.java:744)
2024-07-02 13:55:59,564 [ERROR] LogOutputStream:75 - [STDERR_REDIRECT] 	at java.desktop/java.awt.EventDispatchThread.pumpOneEventForFilters(EventDispatchThread.java:203)
2024-07-02 13:55:59,565 [ERROR] LogOutputStream:75 - [STDERR_REDIRECT] 	at java.desktop/java.awt.EventDispatchThread.pumpEventsForFilter(EventDispatchThread.java:124)
2024-07-02 13:55:59,566 [ERROR] LogOutputStream:75 - [STDERR_REDIRECT] 	at java.desktop/java.awt.EventDispatchThread.pumpEventsForHierarchy(EventDispatchThread.java:113)
2024-07-02 13:55:59,567 [ERROR] LogOutputStream:75 - [STDERR_REDIRECT] 	at java.desktop/java.awt.EventDispatchThread.pumpEvents(EventDispatchThread.java:109)
2024-07-02 13:55:59,567 [ERROR] LogOutputStream:75 - [STDERR_REDIRECT] 	at java.desktop/java.awt.EventDispatchThread.pumpEvents(EventDispatchThread.java:101)
2024-07-02 13:55:59,568 [ERROR] LogOutputStream:75 - [STDERR_REDIRECT] 	at java.desktop/java.awt.EventDispatchThread.run(EventDispatchThread.java:90)
2024-07-02 13:55:59,571 [ERROR] LogOutputStream:75 - [STDERR_REDIRECT] java.lang.Error: no ComponentUI class for: com.st.microxplorer.plugins.ip.nvic.CheckBoxHeader[,0,0,0x0,invalid,alignmentX=0.0,alignmentY=0.0,border=,flags=0,maximumSize=,minimumSize=,preferredSize=,defaultIcon=,disabledIcon=,disabledSelectedIcon=,margin=null,paintBorder=true,paintFocus=true,pressedIcon=,rolloverEnabled=false,rolloverIcon=,rolloverSelectedIcon=,selectedIcon=,text=]
2024-07-02 13:55:59,572 [ERROR] LogOutputStream:75 - [STDERR_REDIRECT] 	at java.desktop/javax.swing.UIDefaults.getUIError(UIDefaults.java:763)
2024-07-02 13:55:59,573 [ERROR] LogOutputStream:75 - [STDERR_REDIRECT] 	at java.desktop/javax.swing.MultiUIDefaults.getUIError(MultiUIDefaults.java:144)
2024-07-02 13:55:59,573 [ERROR] LogOutputStream:75 - [STDERR_REDIRECT] 	at java.desktop/javax.swing.UIDefaults.getUI(UIDefaults.java:793)
2024-07-02 13:55:59,574 [ERROR] LogOutputStream:75 - [STDERR_REDIRECT] 	at java.desktop/javax.swing.UIManager.getUI(UIManager.java:1073)
2024-07-02 13:55:59,575 [ERROR] LogOutputStream:75 - [STDERR_REDIRECT] 	at java.desktop/javax.swing.JCheckBox.updateUI(JCheckBox.java:228)
2024-07-02 13:55:59,575 [ERROR] LogOutputStream:75 - [STDERR_REDIRECT] 	at java.desktop/javax.swing.AbstractButton.init(AbstractButton.java:2141)
2024-07-02 13:55:59,578 [ERROR] LogOutputStream:75 - [STDERR_REDIRECT] 	at java.desktop/javax.swing.JToggleButton.<init>(JToggleButton.java:187)
2024-07-02 13:55:59,579 [ERROR] LogOutputStream:75 - [STDERR_REDIRECT] 	at java.desktop/javax.swing.JCheckBox.<init>(JCheckBox.java:176)
2024-07-02 13:55:59,580 [ERROR] LogOutputStream:75 - [STDERR_REDIRECT] 	at java.desktop/javax.swing.JCheckBox.<init>(JCheckBox.java:97)
2024-07-02 13:55:59,581 [ERROR] LogOutputStream:75 - [STDERR_REDIRECT] 	at com.st.microxplorer.plugins.ip.nvic.CheckBoxHeader.<init>(CheckBoxHeader.java:55)
2024-07-02 13:55:59,582 [ERROR] LogOutputStream:75 - [STDERR_REDIRECT] 	at com.st.microxplorer.plugins.ip.nvic.NvicCodeSelectionTable.<init>(NvicCodeSelectionTable.java:78)
2024-07-02 13:55:59,583 [ERROR] LogOutputStream:75 - [STDERR_REDIRECT] 	at com.st.microxplorer.plugins.ip.nvic.NvicCodePanel.initComponents(NvicCodePanel.java:102)
2024-07-02 13:55:59,584 [ERROR] LogOutputStream:75 - [STDERR_REDIRECT] 	at com.st.microxplorer.plugins.ip.nvic.NvicCodePanel.<init>(NvicCodePanel.java:78)
2024-07-02 13:55:59,584 [ERROR] LogOutputStream:75 - [STDERR_REDIRECT] 	at com.st.microxplorer.plugins.ip.nvic.NvicTabbedPanel.<init>(NvicTabbedPanel.java:57)
2024-07-02 13:55:59,585 [ERROR] LogOutputStream:75 - [STDERR_REDIRECT] 	at com.st.microxplorer.plugins.ip.nvic.Nvic.getUI(Nvic.java:73)
2024-07-02 13:55:59,586 [ERROR] LogOutputStream:75 - [STDERR_REDIRECT] 	at com.st.microxplorer.plugins.ipmanager.gui.BlockDiagram.createIpPanel(BlockDiagram.java:422)
2024-07-02 13:55:59,586 [ERROR] LogOutputStream:75 - [STDERR_REDIRECT] 	at com.st.microxplorer.plugins.ipmanager.gui.BlockDiagram.getIPConfigPanel(BlockDiagram.java:560)
2024-07-02 13:55:59,587 [ERROR] LogOutputStream:75 - [STDERR_REDIRECT] 	at com.st.microxplorer.plugins.ipmanager.gui.BlockDiagram.getIPConfigPanel(BlockDiagram.java:466)
2024-07-02 13:55:59,588 [ERROR] LogOutputStream:75 - [STDERR_REDIRECT] 	at com.st.microxplorer.plugins.ipmanager.gui.BlockDiagram.propertyChange(BlockDiagram.java:1390)
2024-07-02 13:55:59,589 [ERROR] LogOutputStream:75 - [STDERR_REDIRECT] 	at java.desktop/java.beans.PropertyChangeSupport.fire(PropertyChangeSupport.java:343)
2024-07-02 13:55:59,590 [ERROR] LogOutputStream:75 - [STDERR_REDIRECT] 	at java.desktop/java.beans.PropertyChangeSupport.firePropertyChange(PropertyChangeSupport.java:335)
2024-07-02 13:55:59,591 [ERROR] LogOutputStream:75 - [STDERR_REDIRECT] 	at java.desktop/java.beans.PropertyChangeSupport.firePropertyChange(PropertyChangeSupport.java:268)
2024-07-02 13:55:59,591 [ERROR] LogOutputStream:75 - [STDERR_REDIRECT] 	at com.st.microxplorer.util.MXPropertyChangeSupport.firePropertyChange(MXPropertyChangeSupport.java:54)
2024-07-02 13:55:59,592 [ERROR] LogOutputStream:75 - [STDERR_REDIRECT] 	at com.st.microxplorer.mxsystem.MxSystem.firePropertyChange(MxSystem.java:358)
2024-07-02 13:55:59,594 [ERROR] LogOutputStream:75 - [STDERR_REDIRECT] 	at com.st.microxplorer.plugins.pinoutconfig.guiV5.PeripheralsSelectionPanel.selectIP(PeripheralsSelectionPanel.java:409)
2024-07-02 13:55:59,596 [ERROR] LogOutputStream:75 - [STDERR_REDIRECT] 	at com.st.microxplorer.plugins.pinoutconfig.guiV5.PeripheralsListListener.mouseClicked(PeripheralsListListener.java:103)
2024-07-02 13:55:59,597 [ERROR] LogOutputStream:75 - [STDERR_REDIRECT] 	at java.desktop/java.awt.AWTEventMulticaster.mouseClicked(AWTEventMulticaster.java:278)
2024-07-02 13:55:59,598 [ERROR] LogOutputStream:75 - [STDERR_REDIRECT] 	at java.desktop/java.awt.AWTEventMulticaster.mouseClicked(AWTEventMulticaster.java:277)
2024-07-02 13:55:59,599 [ERROR] LogOutputStream:75 - [STDERR_REDIRECT] 	at java.desktop/java.awt.AWTEventMulticaster.mouseClicked(AWTEventMulticaster.java:277)
2024-07-02 13:55:59,599 [ERROR] LogOutputStream:75 - [STDERR_REDIRECT] 	at java.desktop/java.awt.AWTEventMulticaster.mouseClicked(AWTEventMulticaster.java:277)
2024-07-02 13:55:59,600 [ERROR] LogOutputStream:75 - [STDERR_REDIRECT] 	at java.desktop/java.awt.AWTEventMulticaster.mouseClicked(AWTEventMulticaster.java:277)
2024-07-02 13:55:59,601 [ERROR] LogOutputStream:75 - [STDERR_REDIRECT] 	at java.desktop/java.awt.AWTEventMulticaster.mouseClicked(AWTEventMulticaster.java:277)
2024-07-02 13:55:59,601 [ERROR] LogOutputStream:75 - [STDERR_REDIRECT] 	at java.desktop/java.awt.AWTEventMulticaster.mouseClicked(AWTEventMulticaster.java:277)
2024-07-02 13:55:59,602 [ERROR] LogOutputStream:75 - [STDERR_REDIRECT] 	at java.desktop/java.awt.AWTEventMulticaster.mouseClicked(AWTEventMulticaster.java:277)
2024-07-02 13:55:59,604 [ERROR] LogOutputStream:75 - [STDERR_REDIRECT] 	at java.desktop/java.awt.AWTEventMulticaster.mouseClicked(AWTEventMulticaster.java:277)
2024-07-02 13:55:59,604 [ERROR] LogOutputStream:75 - [STDERR_REDIRECT] 	at java.desktop/java.awt.AWTEventMulticaster.mouseClicked(AWTEventMulticaster.java:277)
2024-07-02 13:55:59,605 [ERROR] LogOutputStream:75 - [STDERR_REDIRECT] 	at java.desktop/java.awt.AWTEventMulticaster.mouseClicked(AWTEventMulticaster.java:277)
2024-07-02 13:55:59,605 [ERROR] LogOutputStream:75 - [STDERR_REDIRECT] 	at java.desktop/java.awt.Component.processMouseEvent(Component.java:6629)
2024-07-02 13:55:59,606 [ERROR] LogOutputStream:75 - [STDERR_REDIRECT] 	at java.desktop/javax.swing.JComponent.processMouseEvent(JComponent.java:3389)
2024-07-02 13:55:59,607 [ERROR] LogOutputStream:75 - [STDERR_REDIRECT] 	at java.desktop/java.awt.Component.processEvent(Component.java:6391)
2024-07-02 13:55:59,607 [ERROR] LogOutputStream:75 - [STDERR_REDIRECT] 	at java.desktop/java.awt.Container.processEvent(Container.java:2266)
2024-07-02 13:55:59,608 [ERROR] LogOutputStream:75 - [STDERR_REDIRECT] 	at java.desktop/java.awt.Component.dispatchEventImpl(Component.java:5001)
2024-07-02 13:55:59,608 [ERROR] LogOutputStream:75 - [STDERR_REDIRECT] 	at java.desktop/java.awt.Container.dispatchEventImpl(Container.java:2324)
2024-07-02 13:55:59,611 [ERROR] LogOutputStream:75 - [STDERR_REDIRECT] 	at java.desktop/java.awt.Component.dispatchEvent(Component.java:4833)
2024-07-02 13:55:59,613 [ERROR] LogOutputStream:75 - [STDERR_REDIRECT] 	at java.desktop/java.awt.LightweightDispatcher.retargetMouseEvent(Container.java:4948)
2024-07-02 13:55:59,614 [ERROR] LogOutputStream:75 - [STDERR_REDIRECT] 	at java.desktop/java.awt.LightweightDispatcher.processMouseEvent(Container.java:4584)
2024-07-02 13:55:59,614 [ERROR] LogOutputStream:75 - [STDERR_REDIRECT] 	at java.desktop/java.awt.LightweightDispatcher.dispatchEvent(Container.java:4516)
2024-07-02 13:55:59,615 [ERROR] LogOutputStream:75 - [STDERR_REDIRECT] 	at java.desktop/java.awt.Container.dispatchEventImpl(Container.java:2310)
2024-07-02 13:55:59,616 [ERROR] LogOutputStream:75 - [STDERR_REDIRECT] 	at java.desktop/java.awt.Component.dispatchEvent(Component.java:4833)
2024-07-02 13:55:59,616 [ERROR] LogOutputStream:75 - [STDERR_REDIRECT] 	at java.desktop/java.awt.EventQueue.dispatchEventImpl(EventQueue.java:775)
2024-07-02 13:55:59,617 [ERROR] LogOutputStream:75 - [STDERR_REDIRECT] 	at java.desktop/java.awt.EventQueue$4.run(EventQueue.java:720)
2024-07-02 13:55:59,617 [ERROR] LogOutputStream:75 - [STDERR_REDIRECT] 	at java.desktop/java.awt.EventQueue$4.run(EventQueue.java:714)
2024-07-02 13:55:59,618 [ERROR] LogOutputStream:75 - [STDERR_REDIRECT] 	at java.base/java.security.AccessController.doPrivileged(AccessController.java:399)
2024-07-02 13:55:59,619 [ERROR] LogOutputStream:75 - [STDERR_REDIRECT] 	at java.base/java.security.ProtectionDomain$JavaSecurityAccessImpl.doIntersectionPrivilege(ProtectionDomain.java:86)
2024-07-02 13:55:59,620 [ERROR] LogOutputStream:75 - [STDERR_REDIRECT] 	at java.base/java.security.ProtectionDomain$JavaSecurityAccessImpl.doIntersectionPrivilege(ProtectionDomain.java:97)
2024-07-02 13:55:59,621 [ERROR] LogOutputStream:75 - [STDERR_REDIRECT] 	at java.desktop/java.awt.EventQueue$5.run(EventQueue.java:747)
2024-07-02 13:55:59,621 [ERROR] LogOutputStream:75 - [STDERR_REDIRECT] 	at java.desktop/java.awt.EventQueue$5.run(EventQueue.java:745)
2024-07-02 13:55:59,622 [ERROR] LogOutputStream:75 - [STDERR_REDIRECT] 	at java.base/java.security.AccessController.doPrivileged(AccessController.java:399)
2024-07-02 13:55:59,623 [ERROR] LogOutputStream:75 - [STDERR_REDIRECT] 	at java.base/java.security.ProtectionDomain$JavaSecurityAccessImpl.doIntersectionPrivilege(ProtectionDomain.java:86)
2024-07-02 13:55:59,624 [ERROR] LogOutputStream:75 - [STDERR_REDIRECT] 	at java.desktop/java.awt.EventQueue.dispatchEvent(EventQueue.java:744)
2024-07-02 13:55:59,625 [ERROR] LogOutputStream:75 - [STDERR_REDIRECT] 	at java.desktop/java.awt.EventDispatchThread.pumpOneEventForFilters(EventDispatchThread.java:203)
2024-07-02 13:55:59,626 [ERROR] LogOutputStream:75 - [STDERR_REDIRECT] 	at java.desktop/java.awt.EventDispatchThread.pumpEventsForFilter(EventDispatchThread.java:124)
2024-07-02 13:55:59,628 [ERROR] LogOutputStream:75 - [STDERR_REDIRECT] 	at java.desktop/java.awt.EventDispatchThread.pumpEventsForHierarchy(EventDispatchThread.java:113)
2024-07-02 13:55:59,629 [ERROR] LogOutputStream:75 - [STDERR_REDIRECT] 	at java.desktop/java.awt.EventDispatchThread.pumpEvents(EventDispatchThread.java:109)
2024-07-02 13:55:59,630 [ERROR] LogOutputStream:75 - [STDERR_REDIRECT] 	at java.desktop/java.awt.EventDispatchThread.pumpEvents(EventDispatchThread.java:101)
2024-07-02 13:55:59,631 [ERROR] LogOutputStream:75 - [STDERR_REDIRECT] 	at java.desktop/java.awt.EventDispatchThread.run(EventDispatchThread.java:90)
2024-07-02 13:57:37,752 [INFO] Gpio:277 - dependency for GPIO [SPI2, USART1, USART3, USB_OTG_HS]
2024-07-02 13:57:53,973 [INFO] NvicIntPanel:101 - NVIC parent = com.st.microxplorer.plugins.ip.nvic.MultiNvicIntPanel[,0,0,639x244,layout=javax.swing.BoxLayout,alignmentX=0.0,alignmentY=0.0,border=,flags=9,maximumSize=,minimumSize=,preferredSize=]
2024-07-02 13:58:15,317 [ERROR] LogOutputStream:75 - [STDERR_REDIRECT] java.lang.Error: no ComponentUI class for: com.st.microxplorer.plugins.ip.nvic.CheckBoxHeader[,0,0,0x0,invalid,alignmentX=0.0,alignmentY=0.0,border=,flags=0,maximumSize=,minimumSize=,preferredSize=,defaultIcon=,disabledIcon=,disabledSelectedIcon=,margin=null,paintBorder=true,paintFocus=true,pressedIcon=,rolloverEnabled=false,rolloverIcon=,rolloverSelectedIcon=,selectedIcon=,text=]
2024-07-02 13:58:15,318 [ERROR] LogOutputStream:75 - [STDERR_REDIRECT] 	at java.desktop/javax.swing.UIDefaults.getUIError(UIDefaults.java:763)
2024-07-02 13:58:15,319 [ERROR] LogOutputStream:75 - [STDERR_REDIRECT] 	at java.desktop/javax.swing.MultiUIDefaults.getUIError(MultiUIDefaults.java:144)
2024-07-02 13:58:15,320 [ERROR] LogOutputStream:75 - [STDERR_REDIRECT] 	at java.desktop/javax.swing.UIDefaults.getUI(UIDefaults.java:793)
2024-07-02 13:58:15,321 [ERROR] LogOutputStream:75 - [STDERR_REDIRECT] 	at java.desktop/javax.swing.UIManager.getUI(UIManager.java:1073)
2024-07-02 13:58:15,321 [ERROR] LogOutputStream:75 - [STDERR_REDIRECT] 	at java.desktop/javax.swing.JCheckBox.updateUI(JCheckBox.java:228)
2024-07-02 13:58:15,322 [ERROR] LogOutputStream:75 - [STDERR_REDIRECT] 	at java.desktop/javax.swing.AbstractButton.init(AbstractButton.java:2141)
2024-07-02 13:58:15,323 [ERROR] LogOutputStream:75 - [STDERR_REDIRECT] 	at java.desktop/javax.swing.JToggleButton.<init>(JToggleButton.java:187)
2024-07-02 13:58:15,323 [ERROR] LogOutputStream:75 - [STDERR_REDIRECT] 	at java.desktop/javax.swing.JCheckBox.<init>(JCheckBox.java:176)
2024-07-02 13:58:15,324 [ERROR] LogOutputStream:75 - [STDERR_REDIRECT] 	at java.desktop/javax.swing.JCheckBox.<init>(JCheckBox.java:97)
2024-07-02 13:58:15,325 [ERROR] LogOutputStream:75 - [STDERR_REDIRECT] 	at com.st.microxplorer.plugins.ip.nvic.CheckBoxHeader.<init>(CheckBoxHeader.java:55)
2024-07-02 13:58:15,328 [ERROR] LogOutputStream:75 - [STDERR_REDIRECT] 	at com.st.microxplorer.plugins.ip.nvic.NvicCodeSelectionTable.<init>(NvicCodeSelectionTable.java:75)
2024-07-02 13:58:15,330 [ERROR] LogOutputStream:75 - [STDERR_REDIRECT] 	at com.st.microxplorer.plugins.ip.nvic.NvicCodePanel.initComponents(NvicCodePanel.java:102)
2024-07-02 13:58:15,331 [ERROR] LogOutputStream:75 - [STDERR_REDIRECT] 	at com.st.microxplorer.plugins.ip.nvic.NvicCodePanel.<init>(NvicCodePanel.java:78)
2024-07-02 13:58:15,332 [ERROR] LogOutputStream:75 - [STDERR_REDIRECT] 	at com.st.microxplorer.plugins.ip.nvic.NvicTabbedPanel.<init>(NvicTabbedPanel.java:57)
2024-07-02 13:58:15,332 [ERROR] LogOutputStream:75 - [STDERR_REDIRECT] 	at com.st.microxplorer.plugins.ip.nvic.Nvic.getUI(Nvic.java:73)
2024-07-02 13:58:15,333 [ERROR] LogOutputStream:75 - [STDERR_REDIRECT] 	at com.st.microxplorer.plugins.ipmanager.gui.BlockDiagram.createIpPanel(BlockDiagram.java:422)
2024-07-02 13:58:15,334 [ERROR] LogOutputStream:75 - [STDERR_REDIRECT] 	at com.st.microxplorer.plugins.ipmanager.gui.BlockDiagram.getIPConfigPanel(BlockDiagram.java:560)
2024-07-02 13:58:15,335 [ERROR] LogOutputStream:75 - [STDERR_REDIRECT] 	at com.st.microxplorer.plugins.ipmanager.gui.BlockDiagram.getIPConfigPanel(BlockDiagram.java:466)
2024-07-02 13:58:15,336 [ERROR] LogOutputStream:75 - [STDERR_REDIRECT] 	at com.st.microxplorer.plugins.ipmanager.gui.BlockDiagram.propertyChange(BlockDiagram.java:1390)
2024-07-02 13:58:15,337 [ERROR] LogOutputStream:75 - [STDERR_REDIRECT] 	at java.desktop/java.beans.PropertyChangeSupport.fire(PropertyChangeSupport.java:343)
2024-07-02 13:58:15,338 [ERROR] LogOutputStream:75 - [STDERR_REDIRECT] 	at java.desktop/java.beans.PropertyChangeSupport.firePropertyChange(PropertyChangeSupport.java:335)
2024-07-02 13:58:15,339 [ERROR] LogOutputStream:75 - [STDERR_REDIRECT] 	at java.desktop/java.beans.PropertyChangeSupport.firePropertyChange(PropertyChangeSupport.java:268)
2024-07-02 13:58:15,340 [ERROR] LogOutputStream:75 - [STDERR_REDIRECT] 	at com.st.microxplorer.util.MXPropertyChangeSupport.firePropertyChange(MXPropertyChangeSupport.java:54)
2024-07-02 13:58:15,341 [ERROR] LogOutputStream:75 - [STDERR_REDIRECT] 	at com.st.microxplorer.mxsystem.MxSystem.firePropertyChange(MxSystem.java:358)
2024-07-02 13:58:15,342 [ERROR] LogOutputStream:75 - [STDERR_REDIRECT] 	at com.st.microxplorer.plugins.pinoutconfig.guiV5.PeripheralsSelectionPanel.selectIP(PeripheralsSelectionPanel.java:409)
2024-07-02 13:58:15,344 [ERROR] LogOutputStream:75 - [STDERR_REDIRECT] 	at com.st.microxplorer.plugins.pinoutconfig.guiV5.PeripheralsListListener.mouseClicked(PeripheralsListListener.java:103)
2024-07-02 13:58:15,346 [ERROR] LogOutputStream:75 - [STDERR_REDIRECT] 	at java.desktop/java.awt.AWTEventMulticaster.mouseClicked(AWTEventMulticaster.java:278)
2024-07-02 13:58:15,347 [ERROR] LogOutputStream:75 - [STDERR_REDIRECT] 	at java.desktop/java.awt.AWTEventMulticaster.mouseClicked(AWTEventMulticaster.java:277)
2024-07-02 13:58:15,348 [ERROR] LogOutputStream:75 - [STDERR_REDIRECT] 	at java.desktop/java.awt.AWTEventMulticaster.mouseClicked(AWTEventMulticaster.java:277)
2024-07-02 13:58:15,349 [ERROR] LogOutputStream:75 - [STDERR_REDIRECT] 	at java.desktop/java.awt.AWTEventMulticaster.mouseClicked(AWTEventMulticaster.java:277)
2024-07-02 13:58:15,350 [ERROR] LogOutputStream:75 - [STDERR_REDIRECT] 	at java.desktop/java.awt.AWTEventMulticaster.mouseClicked(AWTEventMulticaster.java:277)
2024-07-02 13:58:15,351 [ERROR] LogOutputStream:75 - [STDERR_REDIRECT] 	at java.desktop/java.awt.AWTEventMulticaster.mouseClicked(AWTEventMulticaster.java:277)
2024-07-02 13:58:15,352 [ERROR] LogOutputStream:75 - [STDERR_REDIRECT] 	at java.desktop/java.awt.AWTEventMulticaster.mouseClicked(AWTEventMulticaster.java:277)
2024-07-02 13:58:15,352 [ERROR] LogOutputStream:75 - [STDERR_REDIRECT] 	at java.desktop/java.awt.AWTEventMulticaster.mouseClicked(AWTEventMulticaster.java:277)
2024-07-02 13:58:15,353 [ERROR] LogOutputStream:75 - [STDERR_REDIRECT] 	at java.desktop/java.awt.AWTEventMulticaster.mouseClicked(AWTEventMulticaster.java:277)
2024-07-02 13:58:15,354 [ERROR] LogOutputStream:75 - [STDERR_REDIRECT] 	at java.desktop/java.awt.AWTEventMulticaster.mouseClicked(AWTEventMulticaster.java:277)
2024-07-02 13:58:15,355 [ERROR] LogOutputStream:75 - [STDERR_REDIRECT] 	at java.desktop/java.awt.AWTEventMulticaster.mouseClicked(AWTEventMulticaster.java:277)
2024-07-02 13:58:15,355 [ERROR] LogOutputStream:75 - [STDERR_REDIRECT] 	at java.desktop/java.awt.AWTEventMulticaster.mouseClicked(AWTEventMulticaster.java:277)
2024-07-02 13:58:15,356 [ERROR] LogOutputStream:75 - [STDERR_REDIRECT] 	at java.desktop/java.awt.AWTEventMulticaster.mouseClicked(AWTEventMulticaster.java:277)
2024-07-02 13:58:15,357 [ERROR] LogOutputStream:75 - [STDERR_REDIRECT] 	at java.desktop/java.awt.AWTEventMulticaster.mouseClicked(AWTEventMulticaster.java:277)
2024-07-02 13:58:15,357 [ERROR] LogOutputStream:75 - [STDERR_REDIRECT] 	at java.desktop/java.awt.AWTEventMulticaster.mouseClicked(AWTEventMulticaster.java:277)
2024-07-02 13:58:15,358 [ERROR] LogOutputStream:75 - [STDERR_REDIRECT] 	at java.desktop/java.awt.Component.processMouseEvent(Component.java:6629)
2024-07-02 13:58:15,359 [ERROR] LogOutputStream:75 - [STDERR_REDIRECT] 	at java.desktop/javax.swing.JComponent.processMouseEvent(JComponent.java:3389)
2024-07-02 13:58:15,360 [ERROR] LogOutputStream:75 - [STDERR_REDIRECT] 	at java.desktop/java.awt.Component.processEvent(Component.java:6391)
2024-07-02 13:58:15,362 [ERROR] LogOutputStream:75 - [STDERR_REDIRECT] 	at java.desktop/java.awt.Container.processEvent(Container.java:2266)
2024-07-02 13:58:15,364 [ERROR] LogOutputStream:75 - [STDERR_REDIRECT] 	at java.desktop/java.awt.Component.dispatchEventImpl(Component.java:5001)
2024-07-02 13:58:15,364 [ERROR] LogOutputStream:75 - [STDERR_REDIRECT] 	at java.desktop/java.awt.Container.dispatchEventImpl(Container.java:2324)
2024-07-02 13:58:15,365 [ERROR] LogOutputStream:75 - [STDERR_REDIRECT] 	at java.desktop/java.awt.Component.dispatchEvent(Component.java:4833)
2024-07-02 13:58:15,366 [ERROR] LogOutputStream:75 - [STDERR_REDIRECT] 	at java.desktop/java.awt.LightweightDispatcher.retargetMouseEvent(Container.java:4948)
2024-07-02 13:58:15,367 [ERROR] LogOutputStream:75 - [STDERR_REDIRECT] 	at java.desktop/java.awt.LightweightDispatcher.processMouseEvent(Container.java:4584)
2024-07-02 13:58:15,367 [ERROR] LogOutputStream:75 - [STDERR_REDIRECT] 	at java.desktop/java.awt.LightweightDispatcher.dispatchEvent(Container.java:4516)
2024-07-02 13:58:15,368 [ERROR] LogOutputStream:75 - [STDERR_REDIRECT] 	at java.desktop/java.awt.Container.dispatchEventImpl(Container.java:2310)
2024-07-02 13:58:15,368 [ERROR] LogOutputStream:75 - [STDERR_REDIRECT] 	at java.desktop/java.awt.Component.dispatchEvent(Component.java:4833)
2024-07-02 13:58:15,369 [ERROR] LogOutputStream:75 - [STDERR_REDIRECT] 	at java.desktop/java.awt.EventQueue.dispatchEventImpl(EventQueue.java:775)
2024-07-02 13:58:15,370 [ERROR] LogOutputStream:75 - [STDERR_REDIRECT] 	at java.desktop/java.awt.EventQueue$4.run(EventQueue.java:720)
2024-07-02 13:58:15,370 [ERROR] LogOutputStream:75 - [STDERR_REDIRECT] 	at java.desktop/java.awt.EventQueue$4.run(EventQueue.java:714)
2024-07-02 13:58:15,371 [ERROR] LogOutputStream:75 - [STDERR_REDIRECT] 	at java.base/java.security.AccessController.doPrivileged(AccessController.java:399)
2024-07-02 13:58:15,372 [ERROR] LogOutputStream:75 - [STDERR_REDIRECT] 	at java.base/java.security.ProtectionDomain$JavaSecurityAccessImpl.doIntersectionPrivilege(ProtectionDomain.java:86)
2024-07-02 13:58:15,373 [ERROR] LogOutputStream:75 - [STDERR_REDIRECT] 	at java.base/java.security.ProtectionDomain$JavaSecurityAccessImpl.doIntersectionPrivilege(ProtectionDomain.java:97)
2024-07-02 13:58:15,374 [ERROR] LogOutputStream:75 - [STDERR_REDIRECT] 	at java.desktop/java.awt.EventQueue$5.run(EventQueue.java:747)
2024-07-02 13:58:15,374 [ERROR] LogOutputStream:75 - [STDERR_REDIRECT] 	at java.desktop/java.awt.EventQueue$5.run(EventQueue.java:745)
2024-07-02 13:58:15,375 [ERROR] LogOutputStream:75 - [STDERR_REDIRECT] 	at java.base/java.security.AccessController.doPrivileged(AccessController.java:399)
2024-07-02 13:58:15,377 [ERROR] LogOutputStream:75 - [STDERR_REDIRECT] 	at java.base/java.security.ProtectionDomain$JavaSecurityAccessImpl.doIntersectionPrivilege(ProtectionDomain.java:86)
2024-07-02 13:58:15,379 [ERROR] LogOutputStream:75 - [STDERR_REDIRECT] 	at java.desktop/java.awt.EventQueue.dispatchEvent(EventQueue.java:744)
2024-07-02 13:58:15,380 [ERROR] LogOutputStream:75 - [STDERR_REDIRECT] 	at java.desktop/java.awt.EventDispatchThread.pumpOneEventForFilters(EventDispatchThread.java:203)
2024-07-02 13:58:15,381 [ERROR] LogOutputStream:75 - [STDERR_REDIRECT] 	at java.desktop/java.awt.EventDispatchThread.pumpEventsForFilter(EventDispatchThread.java:124)
2024-07-02 13:58:15,382 [ERROR] LogOutputStream:75 - [STDERR_REDIRECT] 	at java.desktop/java.awt.EventDispatchThread.pumpEventsForHierarchy(EventDispatchThread.java:113)
2024-07-02 13:58:15,383 [ERROR] LogOutputStream:75 - [STDERR_REDIRECT] 	at java.desktop/java.awt.EventDispatchThread.pumpEvents(EventDispatchThread.java:109)
2024-07-02 13:58:15,384 [ERROR] LogOutputStream:75 - [STDERR_REDIRECT] 	at java.desktop/java.awt.EventDispatchThread.pumpEvents(EventDispatchThread.java:101)
2024-07-02 13:58:15,384 [ERROR] LogOutputStream:75 - [STDERR_REDIRECT] 	at java.desktop/java.awt.EventDispatchThread.run(EventDispatchThread.java:90)
2024-07-02 13:58:15,388 [ERROR] LogOutputStream:75 - [STDERR_REDIRECT] java.lang.Error: no ComponentUI class for: com.st.microxplorer.plugins.ip.nvic.CheckBoxHeader[,0,0,0x0,invalid,alignmentX=0.0,alignmentY=0.0,border=,flags=0,maximumSize=,minimumSize=,preferredSize=,defaultIcon=,disabledIcon=,disabledSelectedIcon=,margin=null,paintBorder=true,paintFocus=true,pressedIcon=,rolloverEnabled=false,rolloverIcon=,rolloverSelectedIcon=,selectedIcon=,text=]
2024-07-02 13:58:15,389 [ERROR] LogOutputStream:75 - [STDERR_REDIRECT] 	at java.desktop/javax.swing.UIDefaults.getUIError(UIDefaults.java:763)
2024-07-02 13:58:15,390 [ERROR] LogOutputStream:75 - [STDERR_REDIRECT] 	at java.desktop/javax.swing.MultiUIDefaults.getUIError(MultiUIDefaults.java:144)
2024-07-02 13:58:15,390 [ERROR] LogOutputStream:75 - [STDERR_REDIRECT] 	at java.desktop/javax.swing.UIDefaults.getUI(UIDefaults.java:793)
2024-07-02 13:58:15,391 [ERROR] LogOutputStream:75 - [STDERR_REDIRECT] 	at java.desktop/javax.swing.UIManager.getUI(UIManager.java:1073)
2024-07-02 13:58:15,392 [ERROR] LogOutputStream:75 - [STDERR_REDIRECT] 	at java.desktop/javax.swing.JCheckBox.updateUI(JCheckBox.java:228)
2024-07-02 13:58:15,394 [ERROR] LogOutputStream:75 - [STDERR_REDIRECT] 	at java.desktop/javax.swing.AbstractButton.init(AbstractButton.java:2141)
2024-07-02 13:58:15,396 [ERROR] LogOutputStream:75 - [STDERR_REDIRECT] 	at java.desktop/javax.swing.JToggleButton.<init>(JToggleButton.java:187)
2024-07-02 13:58:15,397 [ERROR] LogOutputStream:75 - [STDERR_REDIRECT] 	at java.desktop/javax.swing.JCheckBox.<init>(JCheckBox.java:176)
2024-07-02 13:58:15,398 [ERROR] LogOutputStream:75 - [STDERR_REDIRECT] 	at java.desktop/javax.swing.JCheckBox.<init>(JCheckBox.java:97)
2024-07-02 13:58:15,399 [ERROR] LogOutputStream:75 - [STDERR_REDIRECT] 	at com.st.microxplorer.plugins.ip.nvic.CheckBoxHeader.<init>(CheckBoxHeader.java:55)
2024-07-02 13:58:15,400 [ERROR] LogOutputStream:75 - [STDERR_REDIRECT] 	at com.st.microxplorer.plugins.ip.nvic.NvicCodeSelectionTable.<init>(NvicCodeSelectionTable.java:78)
2024-07-02 13:58:15,400 [ERROR] LogOutputStream:75 - [STDERR_REDIRECT] 	at com.st.microxplorer.plugins.ip.nvic.NvicCodePanel.initComponents(NvicCodePanel.java:102)
2024-07-02 13:58:15,401 [ERROR] LogOutputStream:75 - [STDERR_REDIRECT] 	at com.st.microxplorer.plugins.ip.nvic.NvicCodePanel.<init>(NvicCodePanel.java:78)
2024-07-02 13:58:15,402 [ERROR] LogOutputStream:75 - [STDERR_REDIRECT] 	at com.st.microxplorer.plugins.ip.nvic.NvicTabbedPanel.<init>(NvicTabbedPanel.java:57)
2024-07-02 13:58:15,403 [ERROR] LogOutputStream:75 - [STDERR_REDIRECT] 	at com.st.microxplorer.plugins.ip.nvic.Nvic.getUI(Nvic.java:73)
2024-07-02 13:58:15,403 [ERROR] LogOutputStream:75 - [STDERR_REDIRECT] 	at com.st.microxplorer.plugins.ipmanager.gui.BlockDiagram.createIpPanel(BlockDiagram.java:422)
2024-07-02 13:58:15,404 [ERROR] LogOutputStream:75 - [STDERR_REDIRECT] 	at com.st.microxplorer.plugins.ipmanager.gui.BlockDiagram.getIPConfigPanel(BlockDiagram.java:560)
2024-07-02 13:58:15,405 [ERROR] LogOutputStream:75 - [STDERR_REDIRECT] 	at com.st.microxplorer.plugins.ipmanager.gui.BlockDiagram.getIPConfigPanel(BlockDiagram.java:466)
2024-07-02 13:58:15,406 [ERROR] LogOutputStream:75 - [STDERR_REDIRECT] 	at com.st.microxplorer.plugins.ipmanager.gui.BlockDiagram.propertyChange(BlockDiagram.java:1390)
2024-07-02 13:58:15,407 [ERROR] LogOutputStream:75 - [STDERR_REDIRECT] 	at java.desktop/java.beans.PropertyChangeSupport.fire(PropertyChangeSupport.java:343)
2024-07-02 13:58:15,408 [ERROR] LogOutputStream:75 - [STDERR_REDIRECT] 	at java.desktop/java.beans.PropertyChangeSupport.firePropertyChange(PropertyChangeSupport.java:335)
2024-07-02 13:58:15,409 [ERROR] LogOutputStream:75 - [STDERR_REDIRECT] 	at java.desktop/java.beans.PropertyChangeSupport.firePropertyChange(PropertyChangeSupport.java:268)
2024-07-02 13:58:15,410 [ERROR] LogOutputStream:75 - [STDERR_REDIRECT] 	at com.st.microxplorer.util.MXPropertyChangeSupport.firePropertyChange(MXPropertyChangeSupport.java:54)
2024-07-02 13:58:15,411 [ERROR] LogOutputStream:75 - [STDERR_REDIRECT] 	at com.st.microxplorer.mxsystem.MxSystem.firePropertyChange(MxSystem.java:358)
2024-07-02 13:58:15,413 [ERROR] LogOutputStream:75 - [STDERR_REDIRECT] 	at com.st.microxplorer.plugins.pinoutconfig.guiV5.PeripheralsSelectionPanel.selectIP(PeripheralsSelectionPanel.java:409)
2024-07-02 13:58:15,414 [ERROR] LogOutputStream:75 - [STDERR_REDIRECT] 	at com.st.microxplorer.plugins.pinoutconfig.guiV5.PeripheralsListListener.mouseClicked(PeripheralsListListener.java:103)
2024-07-02 13:58:15,415 [ERROR] LogOutputStream:75 - [STDERR_REDIRECT] 	at java.desktop/java.awt.AWTEventMulticaster.mouseClicked(AWTEventMulticaster.java:278)
2024-07-02 13:58:15,416 [ERROR] LogOutputStream:75 - [STDERR_REDIRECT] 	at java.desktop/java.awt.AWTEventMulticaster.mouseClicked(AWTEventMulticaster.java:277)
2024-07-02 13:58:15,417 [ERROR] LogOutputStream:75 - [STDERR_REDIRECT] 	at java.desktop/java.awt.AWTEventMulticaster.mouseClicked(AWTEventMulticaster.java:277)
2024-07-02 13:58:15,418 [ERROR] LogOutputStream:75 - [STDERR_REDIRECT] 	at java.desktop/java.awt.AWTEventMulticaster.mouseClicked(AWTEventMulticaster.java:277)
2024-07-02 13:58:15,418 [ERROR] LogOutputStream:75 - [STDERR_REDIRECT] 	at java.desktop/java.awt.AWTEventMulticaster.mouseClicked(AWTEventMulticaster.java:277)
2024-07-02 13:58:15,419 [ERROR] LogOutputStream:75 - [STDERR_REDIRECT] 	at java.desktop/java.awt.AWTEventMulticaster.mouseClicked(AWTEventMulticaster.java:277)
2024-07-02 13:58:15,420 [ERROR] LogOutputStream:75 - [STDERR_REDIRECT] 	at java.desktop/java.awt.AWTEventMulticaster.mouseClicked(AWTEventMulticaster.java:277)
2024-07-02 13:58:15,421 [ERROR] LogOutputStream:75 - [STDERR_REDIRECT] 	at java.desktop/java.awt.AWTEventMulticaster.mouseClicked(AWTEventMulticaster.java:277)
2024-07-02 13:58:15,422 [ERROR] LogOutputStream:75 - [STDERR_REDIRECT] 	at java.desktop/java.awt.AWTEventMulticaster.mouseClicked(AWTEventMulticaster.java:277)
2024-07-02 13:58:15,422 [ERROR] LogOutputStream:75 - [STDERR_REDIRECT] 	at java.desktop/java.awt.AWTEventMulticaster.mouseClicked(AWTEventMulticaster.java:277)
2024-07-02 13:58:15,423 [ERROR] LogOutputStream:75 - [STDERR_REDIRECT] 	at java.desktop/java.awt.AWTEventMulticaster.mouseClicked(AWTEventMulticaster.java:277)
2024-07-02 13:58:15,424 [ERROR] LogOutputStream:75 - [STDERR_REDIRECT] 	at java.desktop/java.awt.AWTEventMulticaster.mouseClicked(AWTEventMulticaster.java:277)
2024-07-02 13:58:15,425 [ERROR] LogOutputStream:75 - [STDERR_REDIRECT] 	at java.desktop/java.awt.AWTEventMulticaster.mouseClicked(AWTEventMulticaster.java:277)
2024-07-02 13:58:15,426 [ERROR] LogOutputStream:75 - [STDERR_REDIRECT] 	at java.desktop/java.awt.AWTEventMulticaster.mouseClicked(AWTEventMulticaster.java:277)
2024-07-02 13:58:15,427 [ERROR] LogOutputStream:75 - [STDERR_REDIRECT] 	at java.desktop/java.awt.AWTEventMulticaster.mouseClicked(AWTEventMulticaster.java:277)
2024-07-02 13:58:15,429 [ERROR] LogOutputStream:75 - [STDERR_REDIRECT] 	at java.desktop/java.awt.Component.processMouseEvent(Component.java:6629)
2024-07-02 13:58:15,430 [ERROR] LogOutputStream:75 - [STDERR_REDIRECT] 	at java.desktop/javax.swing.JComponent.processMouseEvent(JComponent.java:3389)
2024-07-02 13:58:15,431 [ERROR] LogOutputStream:75 - [STDERR_REDIRECT] 	at java.desktop/java.awt.Component.processEvent(Component.java:6391)
2024-07-02 13:58:15,432 [ERROR] LogOutputStream:75 - [STDERR_REDIRECT] 	at java.desktop/java.awt.Container.processEvent(Container.java:2266)
2024-07-02 13:58:15,432 [ERROR] LogOutputStream:75 - [STDERR_REDIRECT] 	at java.desktop/java.awt.Component.dispatchEventImpl(Component.java:5001)
2024-07-02 13:58:15,433 [ERROR] LogOutputStream:75 - [STDERR_REDIRECT] 	at java.desktop/java.awt.Container.dispatchEventImpl(Container.java:2324)
2024-07-02 13:58:15,433 [ERROR] LogOutputStream:75 - [STDERR_REDIRECT] 	at java.desktop/java.awt.Component.dispatchEvent(Component.java:4833)
2024-07-02 13:58:15,434 [ERROR] LogOutputStream:75 - [STDERR_REDIRECT] 	at java.desktop/java.awt.LightweightDispatcher.retargetMouseEvent(Container.java:4948)
2024-07-02 13:58:15,435 [ERROR] LogOutputStream:75 - [STDERR_REDIRECT] 	at java.desktop/java.awt.LightweightDispatcher.processMouseEvent(Container.java:4584)
2024-07-02 13:58:15,436 [ERROR] LogOutputStream:75 - [STDERR_REDIRECT] 	at java.desktop/java.awt.LightweightDispatcher.dispatchEvent(Container.java:4516)
2024-07-02 13:58:15,437 [ERROR] LogOutputStream:75 - [STDERR_REDIRECT] 	at java.desktop/java.awt.Container.dispatchEventImpl(Container.java:2310)
2024-07-02 13:58:15,437 [ERROR] LogOutputStream:75 - [STDERR_REDIRECT] 	at java.desktop/java.awt.Component.dispatchEvent(Component.java:4833)
2024-07-02 13:58:15,438 [ERROR] LogOutputStream:75 - [STDERR_REDIRECT] 	at java.desktop/java.awt.EventQueue.dispatchEventImpl(EventQueue.java:775)
2024-07-02 13:58:15,439 [ERROR] LogOutputStream:75 - [STDERR_REDIRECT] 	at java.desktop/java.awt.EventQueue$4.run(EventQueue.java:720)
2024-07-02 13:58:15,439 [ERROR] LogOutputStream:75 - [STDERR_REDIRECT] 	at java.desktop/java.awt.EventQueue$4.run(EventQueue.java:714)
2024-07-02 13:58:15,440 [ERROR] LogOutputStream:75 - [STDERR_REDIRECT] 	at java.base/java.security.AccessController.doPrivileged(AccessController.java:399)
2024-07-02 13:58:15,441 [ERROR] LogOutputStream:75 - [STDERR_REDIRECT] 	at java.base/java.security.ProtectionDomain$JavaSecurityAccessImpl.doIntersectionPrivilege(ProtectionDomain.java:86)
2024-07-02 13:58:15,442 [ERROR] LogOutputStream:75 - [STDERR_REDIRECT] 	at java.base/java.security.ProtectionDomain$JavaSecurityAccessImpl.doIntersectionPrivilege(ProtectionDomain.java:97)
2024-07-02 13:58:15,443 [ERROR] LogOutputStream:75 - [STDERR_REDIRECT] 	at java.desktop/java.awt.EventQueue$5.run(EventQueue.java:747)
2024-07-02 13:58:15,444 [ERROR] LogOutputStream:75 - [STDERR_REDIRECT] 	at java.desktop/java.awt.EventQueue$5.run(EventQueue.java:745)
2024-07-02 13:58:15,446 [ERROR] LogOutputStream:75 - [STDERR_REDIRECT] 	at java.base/java.security.AccessController.doPrivileged(AccessController.java:399)
2024-07-02 13:58:15,448 [ERROR] LogOutputStream:75 - [STDERR_REDIRECT] 	at java.base/java.security.ProtectionDomain$JavaSecurityAccessImpl.doIntersectionPrivilege(ProtectionDomain.java:86)
2024-07-02 13:58:15,449 [ERROR] LogOutputStream:75 - [STDERR_REDIRECT] 	at java.desktop/java.awt.EventQueue.dispatchEvent(EventQueue.java:744)
2024-07-02 13:58:15,450 [ERROR] LogOutputStream:75 - [STDERR_REDIRECT] 	at java.desktop/java.awt.EventDispatchThread.pumpOneEventForFilters(EventDispatchThread.java:203)
2024-07-02 13:58:15,451 [ERROR] LogOutputStream:75 - [STDERR_REDIRECT] 	at java.desktop/java.awt.EventDispatchThread.pumpEventsForFilter(EventDispatchThread.java:124)
2024-07-02 13:58:15,452 [ERROR] LogOutputStream:75 - [STDERR_REDIRECT] 	at java.desktop/java.awt.EventDispatchThread.pumpEventsForHierarchy(EventDispatchThread.java:113)
2024-07-02 13:58:15,452 [ERROR] LogOutputStream:75 - [STDERR_REDIRECT] 	at java.desktop/java.awt.EventDispatchThread.pumpEvents(EventDispatchThread.java:109)
2024-07-02 13:58:15,453 [ERROR] LogOutputStream:75 - [STDERR_REDIRECT] 	at java.desktop/java.awt.EventDispatchThread.pumpEvents(EventDispatchThread.java:101)
2024-07-02 13:58:15,454 [ERROR] LogOutputStream:75 - [STDERR_REDIRECT] 	at java.desktop/java.awt.EventDispatchThread.run(EventDispatchThread.java:90)
2024-07-02 14:00:23,029 [ERROR] LogOutputStream:75 - [STDERR_REDIRECT] java.lang.Error: no ComponentUI class for: com.st.microxplorer.plugins.ip.nvic.CheckBoxHeader[,0,0,0x0,invalid,alignmentX=0.0,alignmentY=0.0,border=,flags=0,maximumSize=,minimumSize=,preferredSize=,defaultIcon=,disabledIcon=,disabledSelectedIcon=,margin=null,paintBorder=true,paintFocus=true,pressedIcon=,rolloverEnabled=false,rolloverIcon=,rolloverSelectedIcon=,selectedIcon=,text=]
2024-07-02 14:00:23,029 [ERROR] LogOutputStream:75 - [STDERR_REDIRECT] 	at java.desktop/javax.swing.UIDefaults.getUIError(UIDefaults.java:763)
2024-07-02 14:00:23,029 [ERROR] LogOutputStream:75 - [STDERR_REDIRECT] 	at java.desktop/javax.swing.MultiUIDefaults.getUIError(MultiUIDefaults.java:144)
2024-07-02 14:00:23,029 [ERROR] LogOutputStream:75 - [STDERR_REDIRECT] 	at java.desktop/javax.swing.UIDefaults.getUI(UIDefaults.java:793)
2024-07-02 14:00:23,029 [ERROR] LogOutputStream:75 - [STDERR_REDIRECT] 	at java.desktop/javax.swing.UIManager.getUI(UIManager.java:1073)
2024-07-02 14:00:23,029 [ERROR] LogOutputStream:75 - [STDERR_REDIRECT] 	at java.desktop/javax.swing.JCheckBox.updateUI(JCheckBox.java:228)
2024-07-02 14:00:23,039 [ERROR] LogOutputStream:75 - [STDERR_REDIRECT] 	at java.desktop/javax.swing.AbstractButton.init(AbstractButton.java:2141)
2024-07-02 14:00:23,040 [ERROR] LogOutputStream:75 - [STDERR_REDIRECT] 	at java.desktop/javax.swing.JToggleButton.<init>(JToggleButton.java:187)
2024-07-02 14:00:23,040 [ERROR] LogOutputStream:75 - [STDERR_REDIRECT] 	at java.desktop/javax.swing.JCheckBox.<init>(JCheckBox.java:176)
2024-07-02 14:00:23,040 [ERROR] LogOutputStream:75 - [STDERR_REDIRECT] 	at java.desktop/javax.swing.JCheckBox.<init>(JCheckBox.java:97)
2024-07-02 14:00:23,044 [ERROR] LogOutputStream:75 - [STDERR_REDIRECT] 	at com.st.microxplorer.plugins.ip.nvic.CheckBoxHeader.<init>(CheckBoxHeader.java:55)
2024-07-02 14:00:23,045 [ERROR] LogOutputStream:75 - [STDERR_REDIRECT] 	at com.st.microxplorer.plugins.ip.nvic.NvicCodeSelectionTable.<init>(NvicCodeSelectionTable.java:75)
2024-07-02 14:00:23,045 [ERROR] LogOutputStream:75 - [STDERR_REDIRECT] 	at com.st.microxplorer.plugins.ip.nvic.NvicCodePanel.initComponents(NvicCodePanel.java:102)
2024-07-02 14:00:23,045 [ERROR] LogOutputStream:75 - [STDERR_REDIRECT] 	at com.st.microxplorer.plugins.ip.nvic.NvicCodePanel.<init>(NvicCodePanel.java:78)
2024-07-02 14:00:23,045 [ERROR] LogOutputStream:75 - [STDERR_REDIRECT] 	at com.st.microxplorer.plugins.ip.nvic.NvicTabbedPanel.<init>(NvicTabbedPanel.java:57)
2024-07-02 14:00:23,045 [ERROR] LogOutputStream:75 - [STDERR_REDIRECT] 	at com.st.microxplorer.plugins.ip.nvic.Nvic.getUI(Nvic.java:73)
2024-07-02 14:00:23,045 [ERROR] LogOutputStream:75 - [STDERR_REDIRECT] 	at com.st.microxplorer.plugins.ipmanager.gui.BlockDiagram.createIpPanel(BlockDiagram.java:422)
2024-07-02 14:00:23,045 [ERROR] LogOutputStream:75 - [STDERR_REDIRECT] 	at com.st.microxplorer.plugins.ipmanager.gui.BlockDiagram.getIPConfigPanel(BlockDiagram.java:560)
2024-07-02 14:00:23,045 [ERROR] LogOutputStream:75 - [STDERR_REDIRECT] 	at com.st.microxplorer.plugins.ipmanager.gui.BlockDiagram.getIPConfigPanel(BlockDiagram.java:466)
2024-07-02 14:00:23,045 [ERROR] LogOutputStream:75 - [STDERR_REDIRECT] 	at com.st.microxplorer.plugins.ipmanager.gui.BlockDiagram.propertyChange(BlockDiagram.java:1390)
2024-07-02 14:00:23,045 [ERROR] LogOutputStream:75 - [STDERR_REDIRECT] 	at java.desktop/java.beans.PropertyChangeSupport.fire(PropertyChangeSupport.java:343)
2024-07-02 14:00:23,045 [ERROR] LogOutputStream:75 - [STDERR_REDIRECT] 	at java.desktop/java.beans.PropertyChangeSupport.firePropertyChange(PropertyChangeSupport.java:335)
2024-07-02 14:00:23,056 [ERROR] LogOutputStream:75 - [STDERR_REDIRECT] 	at java.desktop/java.beans.PropertyChangeSupport.firePropertyChange(PropertyChangeSupport.java:268)
2024-07-02 14:00:23,056 [ERROR] LogOutputStream:75 - [STDERR_REDIRECT] 	at com.st.microxplorer.util.MXPropertyChangeSupport.firePropertyChange(MXPropertyChangeSupport.java:54)
2024-07-02 14:00:23,056 [ERROR] LogOutputStream:75 - [STDERR_REDIRECT] 	at com.st.microxplorer.mxsystem.MxSystem.firePropertyChange(MxSystem.java:358)
2024-07-02 14:00:23,056 [ERROR] LogOutputStream:75 - [STDERR_REDIRECT] 	at com.st.microxplorer.plugins.pinoutconfig.guiV5.PeripheralsSelectionPanel.selectIP(PeripheralsSelectionPanel.java:409)
2024-07-02 14:00:23,060 [ERROR] LogOutputStream:75 - [STDERR_REDIRECT] 	at com.st.microxplorer.plugins.pinoutconfig.guiV5.PeripheralsListListener.mouseClicked(PeripheralsListListener.java:103)
2024-07-02 14:00:23,063 [ERROR] LogOutputStream:75 - [STDERR_REDIRECT] 	at java.desktop/java.awt.AWTEventMulticaster.mouseClicked(AWTEventMulticaster.java:278)
2024-07-02 14:00:23,063 [ERROR] LogOutputStream:75 - [STDERR_REDIRECT] 	at java.desktop/java.awt.AWTEventMulticaster.mouseClicked(AWTEventMulticaster.java:277)
2024-07-02 14:00:23,063 [ERROR] LogOutputStream:75 - [STDERR_REDIRECT] 	at java.desktop/java.awt.AWTEventMulticaster.mouseClicked(AWTEventMulticaster.java:277)
2024-07-02 14:00:23,063 [ERROR] LogOutputStream:75 - [STDERR_REDIRECT] 	at java.desktop/java.awt.AWTEventMulticaster.mouseClicked(AWTEventMulticaster.java:277)
2024-07-02 14:00:23,063 [ERROR] LogOutputStream:75 - [STDERR_REDIRECT] 	at java.desktop/java.awt.AWTEventMulticaster.mouseClicked(AWTEventMulticaster.java:277)
2024-07-02 14:00:23,063 [ERROR] LogOutputStream:75 - [STDERR_REDIRECT] 	at java.desktop/java.awt.AWTEventMulticaster.mouseClicked(AWTEventMulticaster.java:277)
2024-07-02 14:00:23,063 [ERROR] LogOutputStream:75 - [STDERR_REDIRECT] 	at java.desktop/java.awt.AWTEventMulticaster.mouseClicked(AWTEventMulticaster.java:277)
2024-07-02 14:00:23,063 [ERROR] LogOutputStream:75 - [STDERR_REDIRECT] 	at java.desktop/java.awt.AWTEventMulticaster.mouseClicked(AWTEventMulticaster.java:277)
2024-07-02 14:00:23,063 [ERROR] LogOutputStream:75 - [STDERR_REDIRECT] 	at java.desktop/java.awt.AWTEventMulticaster.mouseClicked(AWTEventMulticaster.java:277)
2024-07-02 14:00:23,063 [ERROR] LogOutputStream:75 - [STDERR_REDIRECT] 	at java.desktop/java.awt.AWTEventMulticaster.mouseClicked(AWTEventMulticaster.java:277)
2024-07-02 14:00:23,063 [ERROR] LogOutputStream:75 - [STDERR_REDIRECT] 	at java.desktop/java.awt.AWTEventMulticaster.mouseClicked(AWTEventMulticaster.java:277)
2024-07-02 14:00:23,063 [ERROR] LogOutputStream:75 - [STDERR_REDIRECT] 	at java.desktop/java.awt.AWTEventMulticaster.mouseClicked(AWTEventMulticaster.java:277)
2024-07-02 14:00:23,063 [ERROR] LogOutputStream:75 - [STDERR_REDIRECT] 	at java.desktop/java.awt.AWTEventMulticaster.mouseClicked(AWTEventMulticaster.java:277)
2024-07-02 14:00:23,073 [ERROR] LogOutputStream:75 - [STDERR_REDIRECT] 	at java.desktop/java.awt.AWTEventMulticaster.mouseClicked(AWTEventMulticaster.java:277)
2024-07-02 14:00:23,073 [ERROR] LogOutputStream:75 - [STDERR_REDIRECT] 	at java.desktop/java.awt.AWTEventMulticaster.mouseClicked(AWTEventMulticaster.java:277)
2024-07-02 14:00:23,073 [ERROR] LogOutputStream:75 - [STDERR_REDIRECT] 	at java.desktop/java.awt.Component.processMouseEvent(Component.java:6629)
2024-07-02 14:00:23,073 [ERROR] LogOutputStream:75 - [STDERR_REDIRECT] 	at java.desktop/javax.swing.JComponent.processMouseEvent(JComponent.java:3389)
2024-07-02 14:00:23,073 [ERROR] LogOutputStream:75 - [STDERR_REDIRECT] 	at java.desktop/java.awt.Component.processEvent(Component.java:6391)
2024-07-02 14:00:23,073 [ERROR] LogOutputStream:75 - [STDERR_REDIRECT] 	at java.desktop/java.awt.Container.processEvent(Container.java:2266)
2024-07-02 14:00:23,078 [ERROR] LogOutputStream:75 - [STDERR_REDIRECT] 	at java.desktop/java.awt.Component.dispatchEventImpl(Component.java:5001)
2024-07-02 14:00:23,079 [ERROR] LogOutputStream:75 - [STDERR_REDIRECT] 	at java.desktop/java.awt.Container.dispatchEventImpl(Container.java:2324)
2024-07-02 14:00:23,079 [ERROR] LogOutputStream:75 - [STDERR_REDIRECT] 	at java.desktop/java.awt.Component.dispatchEvent(Component.java:4833)
2024-07-02 14:00:23,079 [ERROR] LogOutputStream:75 - [STDERR_REDIRECT] 	at java.desktop/java.awt.LightweightDispatcher.retargetMouseEvent(Container.java:4948)
2024-07-02 14:00:23,079 [ERROR] LogOutputStream:75 - [STDERR_REDIRECT] 	at java.desktop/java.awt.LightweightDispatcher.processMouseEvent(Container.java:4584)
2024-07-02 14:00:23,079 [ERROR] LogOutputStream:75 - [STDERR_REDIRECT] 	at java.desktop/java.awt.LightweightDispatcher.dispatchEvent(Container.java:4516)
2024-07-02 14:00:23,079 [ERROR] LogOutputStream:75 - [STDERR_REDIRECT] 	at java.desktop/java.awt.Container.dispatchEventImpl(Container.java:2310)
2024-07-02 14:00:23,079 [ERROR] LogOutputStream:75 - [STDERR_REDIRECT] 	at java.desktop/java.awt.Component.dispatchEvent(Component.java:4833)
2024-07-02 14:00:23,079 [ERROR] LogOutputStream:75 - [STDERR_REDIRECT] 	at java.desktop/java.awt.EventQueue.dispatchEventImpl(EventQueue.java:775)
2024-07-02 14:00:23,079 [ERROR] LogOutputStream:75 - [STDERR_REDIRECT] 	at java.desktop/java.awt.EventQueue$4.run(EventQueue.java:720)
2024-07-02 14:00:23,079 [ERROR] LogOutputStream:75 - [STDERR_REDIRECT] 	at java.desktop/java.awt.EventQueue$4.run(EventQueue.java:714)
2024-07-02 14:00:23,079 [ERROR] LogOutputStream:75 - [STDERR_REDIRECT] 	at java.base/java.security.AccessController.doPrivileged(AccessController.java:399)
2024-07-02 14:00:23,079 [ERROR] LogOutputStream:75 - [STDERR_REDIRECT] 	at java.base/java.security.ProtectionDomain$JavaSecurityAccessImpl.doIntersectionPrivilege(ProtectionDomain.java:86)
2024-07-02 14:00:23,079 [ERROR] LogOutputStream:75 - [STDERR_REDIRECT] 	at java.base/java.security.ProtectionDomain$JavaSecurityAccessImpl.doIntersectionPrivilege(ProtectionDomain.java:97)
2024-07-02 14:00:23,089 [ERROR] LogOutputStream:75 - [STDERR_REDIRECT] 	at java.desktop/java.awt.EventQueue$5.run(EventQueue.java:747)
2024-07-02 14:00:23,089 [ERROR] LogOutputStream:75 - [STDERR_REDIRECT] 	at java.desktop/java.awt.EventQueue$5.run(EventQueue.java:745)
2024-07-02 14:00:23,089 [ERROR] LogOutputStream:75 - [STDERR_REDIRECT] 	at java.base/java.security.AccessController.doPrivileged(AccessController.java:399)
2024-07-02 14:00:23,089 [ERROR] LogOutputStream:75 - [STDERR_REDIRECT] 	at java.base/java.security.ProtectionDomain$JavaSecurityAccessImpl.doIntersectionPrivilege(ProtectionDomain.java:86)
2024-07-02 14:00:23,089 [ERROR] LogOutputStream:75 - [STDERR_REDIRECT] 	at java.desktop/java.awt.EventQueue.dispatchEvent(EventQueue.java:744)
2024-07-02 14:00:23,089 [ERROR] LogOutputStream:75 - [STDERR_REDIRECT] 	at java.desktop/java.awt.EventDispatchThread.pumpOneEventForFilters(EventDispatchThread.java:203)
2024-07-02 14:00:23,094 [ERROR] LogOutputStream:75 - [STDERR_REDIRECT] 	at java.desktop/java.awt.EventDispatchThread.pumpEventsForFilter(EventDispatchThread.java:124)
2024-07-02 14:00:23,096 [ERROR] LogOutputStream:75 - [STDERR_REDIRECT] 	at java.desktop/java.awt.EventDispatchThread.pumpEventsForHierarchy(EventDispatchThread.java:113)
2024-07-02 14:00:23,096 [ERROR] LogOutputStream:75 - [STDERR_REDIRECT] 	at java.desktop/java.awt.EventDispatchThread.pumpEvents(EventDispatchThread.java:109)
2024-07-02 14:00:23,096 [ERROR] LogOutputStream:75 - [STDERR_REDIRECT] 	at java.desktop/java.awt.EventDispatchThread.pumpEvents(EventDispatchThread.java:101)
2024-07-02 14:00:23,096 [ERROR] LogOutputStream:75 - [STDERR_REDIRECT] 	at java.desktop/java.awt.EventDispatchThread.run(EventDispatchThread.java:90)
2024-07-02 14:00:23,096 [ERROR] LogOutputStream:75 - [STDERR_REDIRECT] java.lang.Error: no ComponentUI class for: com.st.microxplorer.plugins.ip.nvic.CheckBoxHeader[,0,0,0x0,invalid,alignmentX=0.0,alignmentY=0.0,border=,flags=0,maximumSize=,minimumSize=,preferredSize=,defaultIcon=,disabledIcon=,disabledSelectedIcon=,margin=null,paintBorder=true,paintFocus=true,pressedIcon=,rolloverEnabled=false,rolloverIcon=,rolloverSelectedIcon=,selectedIcon=,text=]
2024-07-02 14:00:23,096 [ERROR] LogOutputStream:75 - [STDERR_REDIRECT] 	at java.desktop/javax.swing.UIDefaults.getUIError(UIDefaults.java:763)
2024-07-02 14:00:23,096 [ERROR] LogOutputStream:75 - [STDERR_REDIRECT] 	at java.desktop/javax.swing.MultiUIDefaults.getUIError(MultiUIDefaults.java:144)
2024-07-02 14:00:23,096 [ERROR] LogOutputStream:75 - [STDERR_REDIRECT] 	at java.desktop/javax.swing.UIDefaults.getUI(UIDefaults.java:793)
2024-07-02 14:00:23,096 [ERROR] LogOutputStream:75 - [STDERR_REDIRECT] 	at java.desktop/javax.swing.UIManager.getUI(UIManager.java:1073)
2024-07-02 14:00:23,106 [ERROR] LogOutputStream:75 - [STDERR_REDIRECT] 	at java.desktop/javax.swing.JCheckBox.updateUI(JCheckBox.java:228)
2024-07-02 14:00:23,106 [ERROR] LogOutputStream:75 - [STDERR_REDIRECT] 	at java.desktop/javax.swing.AbstractButton.init(AbstractButton.java:2141)
2024-07-02 14:00:23,106 [ERROR] LogOutputStream:75 - [STDERR_REDIRECT] 	at java.desktop/javax.swing.JToggleButton.<init>(JToggleButton.java:187)
2024-07-02 14:00:23,106 [ERROR] LogOutputStream:75 - [STDERR_REDIRECT] 	at java.desktop/javax.swing.JCheckBox.<init>(JCheckBox.java:176)
2024-07-02 14:00:23,106 [ERROR] LogOutputStream:75 - [STDERR_REDIRECT] 	at java.desktop/javax.swing.JCheckBox.<init>(JCheckBox.java:97)
2024-07-02 14:00:23,106 [ERROR] LogOutputStream:75 - [STDERR_REDIRECT] 	at com.st.microxplorer.plugins.ip.nvic.CheckBoxHeader.<init>(CheckBoxHeader.java:55)
2024-07-02 14:00:23,112 [ERROR] LogOutputStream:75 - [STDERR_REDIRECT] 	at com.st.microxplorer.plugins.ip.nvic.NvicCodeSelectionTable.<init>(NvicCodeSelectionTable.java:78)
2024-07-02 14:00:23,113 [ERROR] LogOutputStream:75 - [STDERR_REDIRECT] 	at com.st.microxplorer.plugins.ip.nvic.NvicCodePanel.initComponents(NvicCodePanel.java:102)
2024-07-02 14:00:23,113 [ERROR] LogOutputStream:75 - [STDERR_REDIRECT] 	at com.st.microxplorer.plugins.ip.nvic.NvicCodePanel.<init>(NvicCodePanel.java:78)
2024-07-02 14:00:23,113 [ERROR] LogOutputStream:75 - [STDERR_REDIRECT] 	at com.st.microxplorer.plugins.ip.nvic.NvicTabbedPanel.<init>(NvicTabbedPanel.java:57)
2024-07-02 14:00:23,113 [ERROR] LogOutputStream:75 - [STDERR_REDIRECT] 	at com.st.microxplorer.plugins.ip.nvic.Nvic.getUI(Nvic.java:73)
2024-07-02 14:00:23,113 [ERROR] LogOutputStream:75 - [STDERR_REDIRECT] 	at com.st.microxplorer.plugins.ipmanager.gui.BlockDiagram.createIpPanel(BlockDiagram.java:422)
2024-07-02 14:00:23,113 [ERROR] LogOutputStream:75 - [STDERR_REDIRECT] 	at com.st.microxplorer.plugins.ipmanager.gui.BlockDiagram.getIPConfigPanel(BlockDiagram.java:560)
2024-07-02 14:00:23,113 [ERROR] LogOutputStream:75 - [STDERR_REDIRECT] 	at com.st.microxplorer.plugins.ipmanager.gui.BlockDiagram.getIPConfigPanel(BlockDiagram.java:466)
2024-07-02 14:00:23,113 [ERROR] LogOutputStream:75 - [STDERR_REDIRECT] 	at com.st.microxplorer.plugins.ipmanager.gui.BlockDiagram.propertyChange(BlockDiagram.java:1390)
2024-07-02 14:00:23,113 [ERROR] LogOutputStream:75 - [STDERR_REDIRECT] 	at java.desktop/java.beans.PropertyChangeSupport.fire(PropertyChangeSupport.java:343)
2024-07-02 14:00:23,113 [ERROR] LogOutputStream:75 - [STDERR_REDIRECT] 	at java.desktop/java.beans.PropertyChangeSupport.firePropertyChange(PropertyChangeSupport.java:335)
2024-07-02 14:00:23,122 [ERROR] LogOutputStream:75 - [STDERR_REDIRECT] 	at java.desktop/java.beans.PropertyChangeSupport.firePropertyChange(PropertyChangeSupport.java:268)
2024-07-02 14:00:23,122 [ERROR] LogOutputStream:75 - [STDERR_REDIRECT] 	at com.st.microxplorer.util.MXPropertyChangeSupport.firePropertyChange(MXPropertyChangeSupport.java:54)
2024-07-02 14:00:23,122 [ERROR] LogOutputStream:75 - [STDERR_REDIRECT] 	at com.st.microxplorer.mxsystem.MxSystem.firePropertyChange(MxSystem.java:358)
2024-07-02 14:00:23,122 [ERROR] LogOutputStream:75 - [STDERR_REDIRECT] 	at com.st.microxplorer.plugins.pinoutconfig.guiV5.PeripheralsSelectionPanel.selectIP(PeripheralsSelectionPanel.java:409)
2024-07-02 14:00:23,127 [ERROR] LogOutputStream:75 - [STDERR_REDIRECT] 	at com.st.microxplorer.plugins.pinoutconfig.guiV5.PeripheralsListListener.mouseClicked(PeripheralsListListener.java:103)
2024-07-02 14:00:23,129 [ERROR] LogOutputStream:75 - [STDERR_REDIRECT] 	at java.desktop/java.awt.AWTEventMulticaster.mouseClicked(AWTEventMulticaster.java:278)
2024-07-02 14:00:23,129 [ERROR] LogOutputStream:75 - [STDERR_REDIRECT] 	at java.desktop/java.awt.AWTEventMulticaster.mouseClicked(AWTEventMulticaster.java:277)
2024-07-02 14:00:23,129 [ERROR] LogOutputStream:75 - [STDERR_REDIRECT] 	at java.desktop/java.awt.AWTEventMulticaster.mouseClicked(AWTEventMulticaster.java:277)
2024-07-02 14:00:23,129 [ERROR] LogOutputStream:75 - [STDERR_REDIRECT] 	at java.desktop/java.awt.AWTEventMulticaster.mouseClicked(AWTEventMulticaster.java:277)
2024-07-02 14:00:23,129 [ERROR] LogOutputStream:75 - [STDERR_REDIRECT] 	at java.desktop/java.awt.AWTEventMulticaster.mouseClicked(AWTEventMulticaster.java:277)
2024-07-02 14:00:23,129 [ERROR] LogOutputStream:75 - [STDERR_REDIRECT] 	at java.desktop/java.awt.AWTEventMulticaster.mouseClicked(AWTEventMulticaster.java:277)
2024-07-02 14:00:23,129 [ERROR] LogOutputStream:75 - [STDERR_REDIRECT] 	at java.desktop/java.awt.AWTEventMulticaster.mouseClicked(AWTEventMulticaster.java:277)
2024-07-02 14:00:23,129 [ERROR] LogOutputStream:75 - [STDERR_REDIRECT] 	at java.desktop/java.awt.AWTEventMulticaster.mouseClicked(AWTEventMulticaster.java:277)
2024-07-02 14:00:23,129 [ERROR] LogOutputStream:75 - [STDERR_REDIRECT] 	at java.desktop/java.awt.AWTEventMulticaster.mouseClicked(AWTEventMulticaster.java:277)
2024-07-02 14:00:23,129 [ERROR] LogOutputStream:75 - [STDERR_REDIRECT] 	at java.desktop/java.awt.AWTEventMulticaster.mouseClicked(AWTEventMulticaster.java:277)
2024-07-02 14:00:23,139 [ERROR] LogOutputStream:75 - [STDERR_REDIRECT] 	at java.desktop/java.awt.AWTEventMulticaster.mouseClicked(AWTEventMulticaster.java:277)
2024-07-02 14:00:23,139 [ERROR] LogOutputStream:75 - [STDERR_REDIRECT] 	at java.desktop/java.awt.AWTEventMulticaster.mouseClicked(AWTEventMulticaster.java:277)
2024-07-02 14:00:23,139 [ERROR] LogOutputStream:75 - [STDERR_REDIRECT] 	at java.desktop/java.awt.AWTEventMulticaster.mouseClicked(AWTEventMulticaster.java:277)
2024-07-02 14:00:23,139 [ERROR] LogOutputStream:75 - [STDERR_REDIRECT] 	at java.desktop/java.awt.AWTEventMulticaster.mouseClicked(AWTEventMulticaster.java:277)
2024-07-02 14:00:23,139 [ERROR] LogOutputStream:75 - [STDERR_REDIRECT] 	at java.desktop/java.awt.AWTEventMulticaster.mouseClicked(AWTEventMulticaster.java:277)
2024-07-02 14:00:23,143 [ERROR] LogOutputStream:75 - [STDERR_REDIRECT] 	at java.desktop/java.awt.Component.processMouseEvent(Component.java:6629)
2024-07-02 14:00:23,144 [ERROR] LogOutputStream:75 - [STDERR_REDIRECT] 	at java.desktop/javax.swing.JComponent.processMouseEvent(JComponent.java:3389)
2024-07-02 14:00:23,146 [ERROR] LogOutputStream:75 - [STDERR_REDIRECT] 	at java.desktop/java.awt.Component.processEvent(Component.java:6391)
2024-07-02 14:00:23,146 [ERROR] LogOutputStream:75 - [STDERR_REDIRECT] 	at java.desktop/java.awt.Container.processEvent(Container.java:2266)
2024-07-02 14:00:23,146 [ERROR] LogOutputStream:75 - [STDERR_REDIRECT] 	at java.desktop/java.awt.Component.dispatchEventImpl(Component.java:5001)
2024-07-02 14:00:23,146 [ERROR] LogOutputStream:75 - [STDERR_REDIRECT] 	at java.desktop/java.awt.Container.dispatchEventImpl(Container.java:2324)
2024-07-02 14:00:23,146 [ERROR] LogOutputStream:75 - [STDERR_REDIRECT] 	at java.desktop/java.awt.Component.dispatchEvent(Component.java:4833)
2024-07-02 14:00:23,146 [ERROR] LogOutputStream:75 - [STDERR_REDIRECT] 	at java.desktop/java.awt.LightweightDispatcher.retargetMouseEvent(Container.java:4948)
2024-07-02 14:00:23,146 [ERROR] LogOutputStream:75 - [STDERR_REDIRECT] 	at java.desktop/java.awt.LightweightDispatcher.processMouseEvent(Container.java:4584)
2024-07-02 14:00:23,146 [ERROR] LogOutputStream:75 - [STDERR_REDIRECT] 	at java.desktop/java.awt.LightweightDispatcher.dispatchEvent(Container.java:4516)
2024-07-02 14:00:23,146 [ERROR] LogOutputStream:75 - [STDERR_REDIRECT] 	at java.desktop/java.awt.Container.dispatchEventImpl(Container.java:2310)
2024-07-02 14:00:23,146 [ERROR] LogOutputStream:75 - [STDERR_REDIRECT] 	at java.desktop/java.awt.Component.dispatchEvent(Component.java:4833)
2024-07-02 14:00:23,146 [ERROR] LogOutputStream:75 - [STDERR_REDIRECT] 	at java.desktop/java.awt.EventQueue.dispatchEventImpl(EventQueue.java:775)
2024-07-02 14:00:23,146 [ERROR] LogOutputStream:75 - [STDERR_REDIRECT] 	at java.desktop/java.awt.EventQueue$4.run(EventQueue.java:720)
2024-07-02 14:00:23,146 [ERROR] LogOutputStream:75 - [STDERR_REDIRECT] 	at java.desktop/java.awt.EventQueue$4.run(EventQueue.java:714)
2024-07-02 14:00:23,146 [ERROR] LogOutputStream:75 - [STDERR_REDIRECT] 	at java.base/java.security.AccessController.doPrivileged(AccessController.java:399)
2024-07-02 14:00:23,156 [ERROR] LogOutputStream:75 - [STDERR_REDIRECT] 	at java.base/java.security.ProtectionDomain$JavaSecurityAccessImpl.doIntersectionPrivilege(ProtectionDomain.java:86)
2024-07-02 14:00:23,156 [ERROR] LogOutputStream:75 - [STDERR_REDIRECT] 	at java.base/java.security.ProtectionDomain$JavaSecurityAccessImpl.doIntersectionPrivilege(ProtectionDomain.java:97)
2024-07-02 14:00:23,156 [ERROR] LogOutputStream:75 - [STDERR_REDIRECT] 	at java.desktop/java.awt.EventQueue$5.run(EventQueue.java:747)
2024-07-02 14:00:23,156 [ERROR] LogOutputStream:75 - [STDERR_REDIRECT] 	at java.desktop/java.awt.EventQueue$5.run(EventQueue.java:745)
2024-07-02 14:00:23,156 [ERROR] LogOutputStream:75 - [STDERR_REDIRECT] 	at java.base/java.security.AccessController.doPrivileged(AccessController.java:399)
2024-07-02 14:00:23,162 [ERROR] LogOutputStream:75 - [STDERR_REDIRECT] 	at java.base/java.security.ProtectionDomain$JavaSecurityAccessImpl.doIntersectionPrivilege(ProtectionDomain.java:86)
2024-07-02 14:00:23,163 [ERROR] LogOutputStream:75 - [STDERR_REDIRECT] 	at java.desktop/java.awt.EventQueue.dispatchEvent(EventQueue.java:744)
2024-07-02 14:00:23,163 [ERROR] LogOutputStream:75 - [STDERR_REDIRECT] 	at java.desktop/java.awt.EventDispatchThread.pumpOneEventForFilters(EventDispatchThread.java:203)
2024-07-02 14:00:23,163 [ERROR] LogOutputStream:75 - [STDERR_REDIRECT] 	at java.desktop/java.awt.EventDispatchThread.pumpEventsForFilter(EventDispatchThread.java:124)
2024-07-02 14:00:23,163 [ERROR] LogOutputStream:75 - [STDERR_REDIRECT] 	at java.desktop/java.awt.EventDispatchThread.pumpEventsForHierarchy(EventDispatchThread.java:113)
2024-07-02 14:00:23,163 [ERROR] LogOutputStream:75 - [STDERR_REDIRECT] 	at java.desktop/java.awt.EventDispatchThread.pumpEvents(EventDispatchThread.java:109)
2024-07-02 14:00:23,163 [ERROR] LogOutputStream:75 - [STDERR_REDIRECT] 	at java.desktop/java.awt.EventDispatchThread.pumpEvents(EventDispatchThread.java:101)
2024-07-02 14:00:23,163 [ERROR] LogOutputStream:75 - [STDERR_REDIRECT] 	at java.desktop/java.awt.EventDispatchThread.run(EventDispatchThread.java:90)
2024-07-02 14:00:35,151 [INFO] Gpio:277 - dependency for GPIO [SPI2, USART1, USART3, USB_OTG_HS]
2024-07-02 14:00:36,537 [INFO] NvicIntPanel:101 - NVIC parent = com.st.microxplorer.plugins.ip.nvic.MultiNvicIntPanel[,2,27,641x580,layout=javax.swing.BoxLayout,alignmentX=0.0,alignmentY=0.0,border=,flags=9,maximumSize=,minimumSize=,preferredSize=]
2024-07-02 14:00:47,482 [ERROR] LogOutputStream:75 - [STDERR_REDIRECT] java.lang.Error: no ComponentUI class for: com.st.microxplorer.plugins.ip.nvic.CheckBoxHeader[,0,0,0x0,invalid,alignmentX=0.0,alignmentY=0.0,border=,flags=0,maximumSize=,minimumSize=,preferredSize=,defaultIcon=,disabledIcon=,disabledSelectedIcon=,margin=null,paintBorder=true,paintFocus=true,pressedIcon=,rolloverEnabled=false,rolloverIcon=,rolloverSelectedIcon=,selectedIcon=,text=]
2024-07-02 14:00:47,482 [ERROR] LogOutputStream:75 - [STDERR_REDIRECT] 	at java.desktop/javax.swing.UIDefaults.getUIError(UIDefaults.java:763)
2024-07-02 14:00:47,483 [ERROR] LogOutputStream:75 - [STDERR_REDIRECT] 	at java.desktop/javax.swing.MultiUIDefaults.getUIError(MultiUIDefaults.java:144)
2024-07-02 14:00:47,484 [ERROR] LogOutputStream:75 - [STDERR_REDIRECT] 	at java.desktop/javax.swing.UIDefaults.getUI(UIDefaults.java:793)
2024-07-02 14:00:47,485 [ERROR] LogOutputStream:75 - [STDERR_REDIRECT] 	at java.desktop/javax.swing.UIManager.getUI(UIManager.java:1073)
2024-07-02 14:00:47,485 [ERROR] LogOutputStream:75 - [STDERR_REDIRECT] 	at java.desktop/javax.swing.JCheckBox.updateUI(JCheckBox.java:228)
2024-07-02 14:00:47,486 [ERROR] LogOutputStream:75 - [STDERR_REDIRECT] 	at java.desktop/javax.swing.AbstractButton.init(AbstractButton.java:2141)
2024-07-02 14:00:47,487 [ERROR] LogOutputStream:75 - [STDERR_REDIRECT] 	at java.desktop/javax.swing.JToggleButton.<init>(JToggleButton.java:187)
2024-07-02 14:00:47,487 [ERROR] LogOutputStream:75 - [STDERR_REDIRECT] 	at java.desktop/javax.swing.JCheckBox.<init>(JCheckBox.java:176)
2024-07-02 14:00:47,488 [ERROR] LogOutputStream:75 - [STDERR_REDIRECT] 	at java.desktop/javax.swing.JCheckBox.<init>(JCheckBox.java:97)
2024-07-02 14:00:47,489 [ERROR] LogOutputStream:75 - [STDERR_REDIRECT] 	at com.st.microxplorer.plugins.ip.nvic.CheckBoxHeader.<init>(CheckBoxHeader.java:55)
2024-07-02 14:00:47,490 [ERROR] LogOutputStream:75 - [STDERR_REDIRECT] 	at com.st.microxplorer.plugins.ip.nvic.NvicCodeSelectionTable.<init>(NvicCodeSelectionTable.java:75)
2024-07-02 14:00:47,490 [ERROR] LogOutputStream:75 - [STDERR_REDIRECT] 	at com.st.microxplorer.plugins.ip.nvic.NvicCodePanel.initComponents(NvicCodePanel.java:102)
2024-07-02 14:00:47,491 [ERROR] LogOutputStream:75 - [STDERR_REDIRECT] 	at com.st.microxplorer.plugins.ip.nvic.NvicCodePanel.<init>(NvicCodePanel.java:78)
2024-07-02 14:00:47,492 [ERROR] LogOutputStream:75 - [STDERR_REDIRECT] 	at com.st.microxplorer.plugins.ip.nvic.NvicTabbedPanel.<init>(NvicTabbedPanel.java:57)
2024-07-02 14:00:47,494 [ERROR] LogOutputStream:75 - [STDERR_REDIRECT] 	at com.st.microxplorer.plugins.ip.nvic.Nvic.getUI(Nvic.java:73)
2024-07-02 14:00:47,495 [ERROR] LogOutputStream:75 - [STDERR_REDIRECT] 	at com.st.microxplorer.plugins.ipmanager.gui.BlockDiagram.createIpPanel(BlockDiagram.java:422)
2024-07-02 14:00:47,497 [ERROR] LogOutputStream:75 - [STDERR_REDIRECT] 	at com.st.microxplorer.plugins.ipmanager.gui.BlockDiagram.getIPConfigPanel(BlockDiagram.java:560)
2024-07-02 14:00:47,498 [ERROR] LogOutputStream:75 - [STDERR_REDIRECT] 	at com.st.microxplorer.plugins.ipmanager.gui.BlockDiagram.getIPConfigPanel(BlockDiagram.java:466)
2024-07-02 14:00:47,499 [ERROR] LogOutputStream:75 - [STDERR_REDIRECT] 	at com.st.microxplorer.plugins.ipmanager.gui.BlockDiagram.propertyChange(BlockDiagram.java:1390)
2024-07-02 14:00:47,499 [ERROR] LogOutputStream:75 - [STDERR_REDIRECT] 	at java.desktop/java.beans.PropertyChangeSupport.fire(PropertyChangeSupport.java:343)
2024-07-02 14:00:47,500 [ERROR] LogOutputStream:75 - [STDERR_REDIRECT] 	at java.desktop/java.beans.PropertyChangeSupport.firePropertyChange(PropertyChangeSupport.java:335)
2024-07-02 14:00:47,501 [ERROR] LogOutputStream:75 - [STDERR_REDIRECT] 	at java.desktop/java.beans.PropertyChangeSupport.firePropertyChange(PropertyChangeSupport.java:268)
2024-07-02 14:00:47,502 [ERROR] LogOutputStream:75 - [STDERR_REDIRECT] 	at com.st.microxplorer.util.MXPropertyChangeSupport.firePropertyChange(MXPropertyChangeSupport.java:54)
2024-07-02 14:00:47,503 [ERROR] LogOutputStream:75 - [STDERR_REDIRECT] 	at com.st.microxplorer.mxsystem.MxSystem.firePropertyChange(MxSystem.java:358)
2024-07-02 14:00:47,505 [ERROR] LogOutputStream:75 - [STDERR_REDIRECT] 	at com.st.microxplorer.plugins.pinoutconfig.guiV5.PeripheralsSelectionPanel.selectIP(PeripheralsSelectionPanel.java:409)
2024-07-02 14:00:47,506 [ERROR] LogOutputStream:75 - [STDERR_REDIRECT] 	at com.st.microxplorer.plugins.pinoutconfig.guiV5.PeripheralsListListener.mouseClicked(PeripheralsListListener.java:103)
2024-07-02 14:00:47,506 [ERROR] LogOutputStream:75 - [STDERR_REDIRECT] 	at java.desktop/java.awt.AWTEventMulticaster.mouseClicked(AWTEventMulticaster.java:278)
2024-07-02 14:00:47,507 [ERROR] LogOutputStream:75 - [STDERR_REDIRECT] 	at java.desktop/java.awt.AWTEventMulticaster.mouseClicked(AWTEventMulticaster.java:277)
2024-07-02 14:00:47,508 [ERROR] LogOutputStream:75 - [STDERR_REDIRECT] 	at java.desktop/java.awt.AWTEventMulticaster.mouseClicked(AWTEventMulticaster.java:277)
2024-07-02 14:00:47,509 [ERROR] LogOutputStream:75 - [STDERR_REDIRECT] 	at java.desktop/java.awt.AWTEventMulticaster.mouseClicked(AWTEventMulticaster.java:277)
2024-07-02 14:00:47,511 [ERROR] LogOutputStream:75 - [STDERR_REDIRECT] 	at java.desktop/java.awt.AWTEventMulticaster.mouseClicked(AWTEventMulticaster.java:277)
2024-07-02 14:00:47,512 [ERROR] LogOutputStream:75 - [STDERR_REDIRECT] 	at java.desktop/java.awt.AWTEventMulticaster.mouseClicked(AWTEventMulticaster.java:277)
2024-07-02 14:00:47,514 [ERROR] LogOutputStream:75 - [STDERR_REDIRECT] 	at java.desktop/java.awt.AWTEventMulticaster.mouseClicked(AWTEventMulticaster.java:277)
2024-07-02 14:00:47,515 [ERROR] LogOutputStream:75 - [STDERR_REDIRECT] 	at java.desktop/java.awt.AWTEventMulticaster.mouseClicked(AWTEventMulticaster.java:277)
2024-07-02 14:00:47,515 [ERROR] LogOutputStream:75 - [STDERR_REDIRECT] 	at java.desktop/java.awt.AWTEventMulticaster.mouseClicked(AWTEventMulticaster.java:277)
2024-07-02 14:00:47,516 [ERROR] LogOutputStream:75 - [STDERR_REDIRECT] 	at java.desktop/java.awt.AWTEventMulticaster.mouseClicked(AWTEventMulticaster.java:277)
2024-07-02 14:00:47,517 [ERROR] LogOutputStream:75 - [STDERR_REDIRECT] 	at java.desktop/java.awt.AWTEventMulticaster.mouseClicked(AWTEventMulticaster.java:277)
2024-07-02 14:00:47,518 [ERROR] LogOutputStream:75 - [STDERR_REDIRECT] 	at java.desktop/java.awt.AWTEventMulticaster.mouseClicked(AWTEventMulticaster.java:277)
2024-07-02 14:00:47,519 [ERROR] LogOutputStream:75 - [STDERR_REDIRECT] 	at java.desktop/java.awt.AWTEventMulticaster.mouseClicked(AWTEventMulticaster.java:277)
2024-07-02 14:00:47,519 [ERROR] LogOutputStream:75 - [STDERR_REDIRECT] 	at java.desktop/java.awt.AWTEventMulticaster.mouseClicked(AWTEventMulticaster.java:277)
2024-07-02 14:00:47,520 [ERROR] LogOutputStream:75 - [STDERR_REDIRECT] 	at java.desktop/java.awt.AWTEventMulticaster.mouseClicked(AWTEventMulticaster.java:277)
2024-07-02 14:00:47,521 [ERROR] LogOutputStream:75 - [STDERR_REDIRECT] 	at java.desktop/java.awt.Component.processMouseEvent(Component.java:6629)
2024-07-02 14:00:47,522 [ERROR] LogOutputStream:75 - [STDERR_REDIRECT] 	at java.desktop/javax.swing.JComponent.processMouseEvent(JComponent.java:3389)
2024-07-02 14:00:47,522 [ERROR] LogOutputStream:75 - [STDERR_REDIRECT] 	at java.desktop/java.awt.Component.processEvent(Component.java:6391)
2024-07-02 14:00:47,523 [ERROR] LogOutputStream:75 - [STDERR_REDIRECT] 	at java.desktop/java.awt.Container.processEvent(Container.java:2266)
2024-07-02 14:00:47,524 [ERROR] LogOutputStream:75 - [STDERR_REDIRECT] 	at java.desktop/java.awt.Component.dispatchEventImpl(Component.java:5001)
2024-07-02 14:00:47,524 [ERROR] LogOutputStream:75 - [STDERR_REDIRECT] 	at java.desktop/java.awt.Container.dispatchEventImpl(Container.java:2324)
2024-07-02 14:00:47,525 [ERROR] LogOutputStream:75 - [STDERR_REDIRECT] 	at java.desktop/java.awt.Component.dispatchEvent(Component.java:4833)
2024-07-02 14:00:47,526 [ERROR] LogOutputStream:75 - [STDERR_REDIRECT] 	at java.desktop/java.awt.LightweightDispatcher.retargetMouseEvent(Container.java:4948)
2024-07-02 14:00:47,528 [ERROR] LogOutputStream:75 - [STDERR_REDIRECT] 	at java.desktop/java.awt.LightweightDispatcher.processMouseEvent(Container.java:4584)
2024-07-02 14:00:47,530 [ERROR] LogOutputStream:75 - [STDERR_REDIRECT] 	at java.desktop/java.awt.LightweightDispatcher.dispatchEvent(Container.java:4516)
2024-07-02 14:00:47,531 [ERROR] LogOutputStream:75 - [STDERR_REDIRECT] 	at java.desktop/java.awt.Container.dispatchEventImpl(Container.java:2310)
2024-07-02 14:00:47,532 [ERROR] LogOutputStream:75 - [STDERR_REDIRECT] 	at java.desktop/java.awt.Component.dispatchEvent(Component.java:4833)
2024-07-02 14:00:47,532 [ERROR] LogOutputStream:75 - [STDERR_REDIRECT] 	at java.desktop/java.awt.EventQueue.dispatchEventImpl(EventQueue.java:775)
2024-07-02 14:00:47,533 [ERROR] LogOutputStream:75 - [STDERR_REDIRECT] 	at java.desktop/java.awt.EventQueue$4.run(EventQueue.java:720)
2024-07-02 14:00:47,533 [ERROR] LogOutputStream:75 - [STDERR_REDIRECT] 	at java.desktop/java.awt.EventQueue$4.run(EventQueue.java:714)
2024-07-02 14:00:47,534 [ERROR] LogOutputStream:75 - [STDERR_REDIRECT] 	at java.base/java.security.AccessController.doPrivileged(AccessController.java:399)
2024-07-02 14:00:47,535 [ERROR] LogOutputStream:75 - [STDERR_REDIRECT] 	at java.base/java.security.ProtectionDomain$JavaSecurityAccessImpl.doIntersectionPrivilege(ProtectionDomain.java:86)
2024-07-02 14:00:47,536 [ERROR] LogOutputStream:75 - [STDERR_REDIRECT] 	at java.base/java.security.ProtectionDomain$JavaSecurityAccessImpl.doIntersectionPrivilege(ProtectionDomain.java:97)
2024-07-02 14:00:47,537 [ERROR] LogOutputStream:75 - [STDERR_REDIRECT] 	at java.desktop/java.awt.EventQueue$5.run(EventQueue.java:747)
2024-07-02 14:00:47,537 [ERROR] LogOutputStream:75 - [STDERR_REDIRECT] 	at java.desktop/java.awt.EventQueue$5.run(EventQueue.java:745)
2024-07-02 14:00:47,538 [ERROR] LogOutputStream:75 - [STDERR_REDIRECT] 	at java.base/java.security.AccessController.doPrivileged(AccessController.java:399)
2024-07-02 14:00:47,539 [ERROR] LogOutputStream:75 - [STDERR_REDIRECT] 	at java.base/java.security.ProtectionDomain$JavaSecurityAccessImpl.doIntersectionPrivilege(ProtectionDomain.java:86)
2024-07-02 14:00:47,540 [ERROR] LogOutputStream:75 - [STDERR_REDIRECT] 	at java.desktop/java.awt.EventQueue.dispatchEvent(EventQueue.java:744)
2024-07-02 14:00:47,541 [ERROR] LogOutputStream:75 - [STDERR_REDIRECT] 	at java.desktop/java.awt.EventDispatchThread.pumpOneEventForFilters(EventDispatchThread.java:203)
2024-07-02 14:00:47,541 [ERROR] LogOutputStream:75 - [STDERR_REDIRECT] 	at java.desktop/java.awt.EventDispatchThread.pumpEventsForFilter(EventDispatchThread.java:124)
2024-07-02 14:00:47,542 [ERROR] LogOutputStream:75 - [STDERR_REDIRECT] 	at java.desktop/java.awt.EventDispatchThread.pumpEventsForHierarchy(EventDispatchThread.java:113)
2024-07-02 14:00:47,544 [ERROR] LogOutputStream:75 - [STDERR_REDIRECT] 	at java.desktop/java.awt.EventDispatchThread.pumpEvents(EventDispatchThread.java:109)
2024-07-02 14:00:47,545 [ERROR] LogOutputStream:75 - [STDERR_REDIRECT] 	at java.desktop/java.awt.EventDispatchThread.pumpEvents(EventDispatchThread.java:101)
2024-07-02 14:00:47,547 [ERROR] LogOutputStream:75 - [STDERR_REDIRECT] 	at java.desktop/java.awt.EventDispatchThread.run(EventDispatchThread.java:90)
2024-07-02 14:00:47,550 [ERROR] LogOutputStream:75 - [STDERR_REDIRECT] java.lang.Error: no ComponentUI class for: com.st.microxplorer.plugins.ip.nvic.CheckBoxHeader[,0,0,0x0,invalid,alignmentX=0.0,alignmentY=0.0,border=,flags=0,maximumSize=,minimumSize=,preferredSize=,defaultIcon=,disabledIcon=,disabledSelectedIcon=,margin=null,paintBorder=true,paintFocus=true,pressedIcon=,rolloverEnabled=false,rolloverIcon=,rolloverSelectedIcon=,selectedIcon=,text=]
2024-07-02 14:00:47,551 [ERROR] LogOutputStream:75 - [STDERR_REDIRECT] 	at java.desktop/javax.swing.UIDefaults.getUIError(UIDefaults.java:763)
2024-07-02 14:00:47,551 [ERROR] LogOutputStream:75 - [STDERR_REDIRECT] 	at java.desktop/javax.swing.MultiUIDefaults.getUIError(MultiUIDefaults.java:144)
2024-07-02 14:00:47,552 [ERROR] LogOutputStream:75 - [STDERR_REDIRECT] 	at java.desktop/javax.swing.UIDefaults.getUI(UIDefaults.java:793)
2024-07-02 14:00:47,552 [ERROR] LogOutputStream:75 - [STDERR_REDIRECT] 	at java.desktop/javax.swing.UIManager.getUI(UIManager.java:1073)
2024-07-02 14:00:47,553 [ERROR] LogOutputStream:75 - [STDERR_REDIRECT] 	at java.desktop/javax.swing.JCheckBox.updateUI(JCheckBox.java:228)
2024-07-02 14:00:47,554 [ERROR] LogOutputStream:75 - [STDERR_REDIRECT] 	at java.desktop/javax.swing.AbstractButton.init(AbstractButton.java:2141)
2024-07-02 14:00:47,554 [ERROR] LogOutputStream:75 - [STDERR_REDIRECT] 	at java.desktop/javax.swing.JToggleButton.<init>(JToggleButton.java:187)
2024-07-02 14:00:47,555 [ERROR] LogOutputStream:75 - [STDERR_REDIRECT] 	at java.desktop/javax.swing.JCheckBox.<init>(JCheckBox.java:176)
2024-07-02 14:00:47,555 [ERROR] LogOutputStream:75 - [STDERR_REDIRECT] 	at java.desktop/javax.swing.JCheckBox.<init>(JCheckBox.java:97)
2024-07-02 14:00:47,556 [ERROR] LogOutputStream:75 - [STDERR_REDIRECT] 	at com.st.microxplorer.plugins.ip.nvic.CheckBoxHeader.<init>(CheckBoxHeader.java:55)
2024-07-02 14:00:47,557 [ERROR] LogOutputStream:75 - [STDERR_REDIRECT] 	at com.st.microxplorer.plugins.ip.nvic.NvicCodeSelectionTable.<init>(NvicCodeSelectionTable.java:78)
2024-07-02 14:00:47,558 [ERROR] LogOutputStream:75 - [STDERR_REDIRECT] 	at com.st.microxplorer.plugins.ip.nvic.NvicCodePanel.initComponents(NvicCodePanel.java:102)
2024-07-02 14:00:47,558 [ERROR] LogOutputStream:75 - [STDERR_REDIRECT] 	at com.st.microxplorer.plugins.ip.nvic.NvicCodePanel.<init>(NvicCodePanel.java:78)
2024-07-02 14:00:47,561 [ERROR] LogOutputStream:75 - [STDERR_REDIRECT] 	at com.st.microxplorer.plugins.ip.nvic.NvicTabbedPanel.<init>(NvicTabbedPanel.java:57)
2024-07-02 14:00:47,562 [ERROR] LogOutputStream:75 - [STDERR_REDIRECT] 	at com.st.microxplorer.plugins.ip.nvic.Nvic.getUI(Nvic.java:73)
2024-07-02 14:00:47,563 [ERROR] LogOutputStream:75 - [STDERR_REDIRECT] 	at com.st.microxplorer.plugins.ipmanager.gui.BlockDiagram.createIpPanel(BlockDiagram.java:422)
2024-07-02 14:00:47,564 [ERROR] LogOutputStream:75 - [STDERR_REDIRECT] 	at com.st.microxplorer.plugins.ipmanager.gui.BlockDiagram.getIPConfigPanel(BlockDiagram.java:560)
2024-07-02 14:00:47,565 [ERROR] LogOutputStream:75 - [STDERR_REDIRECT] 	at com.st.microxplorer.plugins.ipmanager.gui.BlockDiagram.getIPConfigPanel(BlockDiagram.java:466)
2024-07-02 14:00:47,566 [ERROR] LogOutputStream:75 - [STDERR_REDIRECT] 	at com.st.microxplorer.plugins.ipmanager.gui.BlockDiagram.propertyChange(BlockDiagram.java:1390)
2024-07-02 14:00:47,566 [ERROR] LogOutputStream:75 - [STDERR_REDIRECT] 	at java.desktop/java.beans.PropertyChangeSupport.fire(PropertyChangeSupport.java:343)
2024-07-02 14:00:47,567 [ERROR] LogOutputStream:75 - [STDERR_REDIRECT] 	at java.desktop/java.beans.PropertyChangeSupport.firePropertyChange(PropertyChangeSupport.java:335)
2024-07-02 14:00:47,568 [ERROR] LogOutputStream:75 - [STDERR_REDIRECT] 	at java.desktop/java.beans.PropertyChangeSupport.firePropertyChange(PropertyChangeSupport.java:268)
2024-07-02 14:00:47,569 [ERROR] LogOutputStream:75 - [STDERR_REDIRECT] 	at com.st.microxplorer.util.MXPropertyChangeSupport.firePropertyChange(MXPropertyChangeSupport.java:54)
2024-07-02 14:00:47,570 [ERROR] LogOutputStream:75 - [STDERR_REDIRECT] 	at com.st.microxplorer.mxsystem.MxSystem.firePropertyChange(MxSystem.java:358)
2024-07-02 14:00:47,571 [ERROR] LogOutputStream:75 - [STDERR_REDIRECT] 	at com.st.microxplorer.plugins.pinoutconfig.guiV5.PeripheralsSelectionPanel.selectIP(PeripheralsSelectionPanel.java:409)
2024-07-02 14:00:47,572 [ERROR] LogOutputStream:75 - [STDERR_REDIRECT] 	at com.st.microxplorer.plugins.pinoutconfig.guiV5.PeripheralsListListener.mouseClicked(PeripheralsListListener.java:103)
2024-07-02 14:00:47,572 [ERROR] LogOutputStream:75 - [STDERR_REDIRECT] 	at java.desktop/java.awt.AWTEventMulticaster.mouseClicked(AWTEventMulticaster.java:278)
2024-07-02 14:00:47,573 [ERROR] LogOutputStream:75 - [STDERR_REDIRECT] 	at java.desktop/java.awt.AWTEventMulticaster.mouseClicked(AWTEventMulticaster.java:277)
2024-07-02 14:00:47,574 [ERROR] LogOutputStream:75 - [STDERR_REDIRECT] 	at java.desktop/java.awt.AWTEventMulticaster.mouseClicked(AWTEventMulticaster.java:277)
2024-07-02 14:00:47,575 [ERROR] LogOutputStream:75 - [STDERR_REDIRECT] 	at java.desktop/java.awt.AWTEventMulticaster.mouseClicked(AWTEventMulticaster.java:277)
2024-07-02 14:00:47,576 [ERROR] LogOutputStream:75 - [STDERR_REDIRECT] 	at java.desktop/java.awt.AWTEventMulticaster.mouseClicked(AWTEventMulticaster.java:277)
2024-07-02 14:00:47,577 [ERROR] LogOutputStream:75 - [STDERR_REDIRECT] 	at java.desktop/java.awt.AWTEventMulticaster.mouseClicked(AWTEventMulticaster.java:277)
2024-07-02 14:00:47,579 [ERROR] LogOutputStream:75 - [STDERR_REDIRECT] 	at java.desktop/java.awt.AWTEventMulticaster.mouseClicked(AWTEventMulticaster.java:277)
2024-07-02 14:00:47,580 [ERROR] LogOutputStream:75 - [STDERR_REDIRECT] 	at java.desktop/java.awt.AWTEventMulticaster.mouseClicked(AWTEventMulticaster.java:277)
2024-07-02 14:00:47,581 [ERROR] LogOutputStream:75 - [STDERR_REDIRECT] 	at java.desktop/java.awt.AWTEventMulticaster.mouseClicked(AWTEventMulticaster.java:277)
2024-07-02 14:00:47,582 [ERROR] LogOutputStream:75 - [STDERR_REDIRECT] 	at java.desktop/java.awt.AWTEventMulticaster.mouseClicked(AWTEventMulticaster.java:277)
2024-07-02 14:00:47,582 [ERROR] LogOutputStream:75 - [STDERR_REDIRECT] 	at java.desktop/java.awt.AWTEventMulticaster.mouseClicked(AWTEventMulticaster.java:277)
2024-07-02 14:00:47,583 [ERROR] LogOutputStream:75 - [STDERR_REDIRECT] 	at java.desktop/java.awt.AWTEventMulticaster.mouseClicked(AWTEventMulticaster.java:277)
2024-07-02 14:00:47,584 [ERROR] LogOutputStream:75 - [STDERR_REDIRECT] 	at java.desktop/java.awt.AWTEventMulticaster.mouseClicked(AWTEventMulticaster.java:277)
2024-07-02 14:00:47,585 [ERROR] LogOutputStream:75 - [STDERR_REDIRECT] 	at java.desktop/java.awt.AWTEventMulticaster.mouseClicked(AWTEventMulticaster.java:277)
2024-07-02 14:00:47,585 [ERROR] LogOutputStream:75 - [STDERR_REDIRECT] 	at java.desktop/java.awt.AWTEventMulticaster.mouseClicked(AWTEventMulticaster.java:277)
2024-07-02 14:00:47,586 [ERROR] LogOutputStream:75 - [STDERR_REDIRECT] 	at java.desktop/java.awt.Component.processMouseEvent(Component.java:6629)
2024-07-02 14:00:47,587 [ERROR] LogOutputStream:75 - [STDERR_REDIRECT] 	at java.desktop/javax.swing.JComponent.processMouseEvent(JComponent.java:3389)
2024-07-02 14:00:47,587 [ERROR] LogOutputStream:75 - [STDERR_REDIRECT] 	at java.desktop/java.awt.Component.processEvent(Component.java:6391)
2024-07-02 14:00:47,588 [ERROR] LogOutputStream:75 - [STDERR_REDIRECT] 	at java.desktop/java.awt.Container.processEvent(Container.java:2266)
2024-07-02 14:00:47,588 [ERROR] LogOutputStream:75 - [STDERR_REDIRECT] 	at java.desktop/java.awt.Component.dispatchEventImpl(Component.java:5001)
2024-07-02 14:00:47,589 [ERROR] LogOutputStream:75 - [STDERR_REDIRECT] 	at java.desktop/java.awt.Container.dispatchEventImpl(Container.java:2324)
2024-07-02 14:00:47,590 [ERROR] LogOutputStream:75 - [STDERR_REDIRECT] 	at java.desktop/java.awt.Component.dispatchEvent(Component.java:4833)
2024-07-02 14:00:47,591 [ERROR] LogOutputStream:75 - [STDERR_REDIRECT] 	at java.desktop/java.awt.LightweightDispatcher.retargetMouseEvent(Container.java:4948)
2024-07-02 14:00:47,591 [ERROR] LogOutputStream:75 - [STDERR_REDIRECT] 	at java.desktop/java.awt.LightweightDispatcher.processMouseEvent(Container.java:4584)
2024-07-02 14:00:47,592 [ERROR] LogOutputStream:75 - [STDERR_REDIRECT] 	at java.desktop/java.awt.LightweightDispatcher.dispatchEvent(Container.java:4516)
2024-07-02 14:00:47,594 [ERROR] LogOutputStream:75 - [STDERR_REDIRECT] 	at java.desktop/java.awt.Container.dispatchEventImpl(Container.java:2310)
2024-07-02 14:00:47,595 [ERROR] LogOutputStream:75 - [STDERR_REDIRECT] 	at java.desktop/java.awt.Component.dispatchEvent(Component.java:4833)
2024-07-02 14:00:47,596 [ERROR] LogOutputStream:75 - [STDERR_REDIRECT] 	at java.desktop/java.awt.EventQueue.dispatchEventImpl(EventQueue.java:775)
2024-07-02 14:00:47,597 [ERROR] LogOutputStream:75 - [STDERR_REDIRECT] 	at java.desktop/java.awt.EventQueue$4.run(EventQueue.java:720)
2024-07-02 14:00:47,597 [ERROR] LogOutputStream:75 - [STDERR_REDIRECT] 	at java.desktop/java.awt.EventQueue$4.run(EventQueue.java:714)
2024-07-02 14:00:47,598 [ERROR] LogOutputStream:75 - [STDERR_REDIRECT] 	at java.base/java.security.AccessController.doPrivileged(AccessController.java:399)
2024-07-02 14:00:47,599 [ERROR] LogOutputStream:75 - [STDERR_REDIRECT] 	at java.base/java.security.ProtectionDomain$JavaSecurityAccessImpl.doIntersectionPrivilege(ProtectionDomain.java:86)
2024-07-02 14:00:47,600 [ERROR] LogOutputStream:75 - [STDERR_REDIRECT] 	at java.base/java.security.ProtectionDomain$JavaSecurityAccessImpl.doIntersectionPrivilege(ProtectionDomain.java:97)
2024-07-02 14:00:47,601 [ERROR] LogOutputStream:75 - [STDERR_REDIRECT] 	at java.desktop/java.awt.EventQueue$5.run(EventQueue.java:747)
2024-07-02 14:00:47,601 [ERROR] LogOutputStream:75 - [STDERR_REDIRECT] 	at java.desktop/java.awt.EventQueue$5.run(EventQueue.java:745)
2024-07-02 14:00:47,602 [ERROR] LogOutputStream:75 - [STDERR_REDIRECT] 	at java.base/java.security.AccessController.doPrivileged(AccessController.java:399)
2024-07-02 14:00:47,603 [ERROR] LogOutputStream:75 - [STDERR_REDIRECT] 	at java.base/java.security.ProtectionDomain$JavaSecurityAccessImpl.doIntersectionPrivilege(ProtectionDomain.java:86)
2024-07-02 14:00:47,604 [ERROR] LogOutputStream:75 - [STDERR_REDIRECT] 	at java.desktop/java.awt.EventQueue.dispatchEvent(EventQueue.java:744)
2024-07-02 14:00:47,605 [ERROR] LogOutputStream:75 - [STDERR_REDIRECT] 	at java.desktop/java.awt.EventDispatchThread.pumpOneEventForFilters(EventDispatchThread.java:203)
2024-07-02 14:00:47,605 [ERROR] LogOutputStream:75 - [STDERR_REDIRECT] 	at java.desktop/java.awt.EventDispatchThread.pumpEventsForFilter(EventDispatchThread.java:124)
2024-07-02 14:00:47,606 [ERROR] LogOutputStream:75 - [STDERR_REDIRECT] 	at java.desktop/java.awt.EventDispatchThread.pumpEventsForHierarchy(EventDispatchThread.java:113)
2024-07-02 14:00:47,607 [ERROR] LogOutputStream:75 - [STDERR_REDIRECT] 	at java.desktop/java.awt.EventDispatchThread.pumpEvents(EventDispatchThread.java:109)
2024-07-02 14:00:47,608 [ERROR] LogOutputStream:75 - [STDERR_REDIRECT] 	at java.desktop/java.awt.EventDispatchThread.pumpEvents(EventDispatchThread.java:101)
2024-07-02 14:00:47,609 [ERROR] LogOutputStream:75 - [STDERR_REDIRECT] 	at java.desktop/java.awt.EventDispatchThread.run(EventDispatchThread.java:90)
2024-07-02 14:00:51,198 [INFO] NvicIntPanel:101 - NVIC parent = com.st.microxplorer.plugins.ip.nvic.MultiNvicIntPanel[,0,0,0x0,invalid,layout=javax.swing.BoxLayout,alignmentX=0.0,alignmentY=0.0,border=,flags=9,maximumSize=,minimumSize=,preferredSize=]
2024-07-02 14:00:57,767 [INFO] UtilMem:75 - End SaveConfig() Used Memory: 868343400 Bytes (1073741824)
2024-07-02 14:00:58,704 [INFO] UtilMem:75 - End SaveConfig() Used Memory: 913432072 Bytes (1073741824)
2024-07-02 14:00:59,907 [INFO] UtilMem:75 - End SaveConfig() Used Memory: 772276296 Bytes (1073741824)
2024-07-02 14:01:00,133 [INFO] BlockDiagram:2759 - set Specific Code input for plugin: SPI
2024-07-02 14:01:00,133 [INFO] BlockDiagram:2759 - set Specific Code input for plugin: USB_OTG_HS
2024-07-02 14:01:00,133 [INFO] BlockDiagram:2759 - set Specific Code input for plugin: RCC
2024-07-02 14:01:00,133 [INFO] BlockDiagram:2759 - set Specific Code input for plugin: USART
2024-07-02 14:01:00,133 [INFO] BlockDiagram:2759 - set Specific Code input for plugin: USART
2024-07-02 14:01:00,133 [INFO] BlockDiagram:2759 - set Specific Code input for plugin: TIM1_8H7
2024-07-02 14:01:00,133 [INFO] BlockDiagram:2759 - set Specific Code input for plugin: FATFS
2024-07-02 14:01:00,133 [INFO] BlockDiagram:2759 - set Specific Code input for plugin: USB_DEVICE
2024-07-02 14:01:00,133 [INFO] BlockDiagram:2759 - set Specific Code input for plugin: SYS
2024-07-02 14:01:00,133 [INFO] BlockDiagram:2759 - set Specific Code input for plugin: NVIC
2024-07-02 14:01:00,133 [INFO] BlockDiagram:2759 - set Specific Code input for plugin: DMA
2024-07-02 14:01:00,134 [INFO] BlockDiagram:2759 - set Specific Code input for plugin: GPIO
2024-07-02 14:01:00,135 [INFO] CodeGenerator:807 - code generatio: config db path: C:/Users/andre/.stm32cubemx/databases/DB.6.0.110/db/
2024-07-02 14:01:00,192 [INFO] Argument:325 - Argument : hdmavalue: null
2024-07-02 14:01:00,193 [INFO] Argument:327 - 	 sub Args: 
2024-07-02 14:01:00,194 [INFO] Argument:325 - Argument : Instancevalue: DMA1_Stream2
2024-07-02 14:01:00,194 [INFO] Argument:335 - Argument : Instancevalue: DMA1_Stream2
2024-07-02 14:01:00,194 [INFO] Argument:325 - Argument : Initvalue: null
2024-07-02 14:01:00,194 [INFO] Argument:327 - 	 sub Args: 
2024-07-02 14:01:00,194 [INFO] Argument:325 - Argument : Requestvalue: DMA_REQUEST_SPI2_RX
2024-07-02 14:01:00,194 [INFO] Argument:335 - Argument : Requestvalue: DMA_REQUEST_SPI2_RX
2024-07-02 14:01:00,194 [INFO] Argument:325 - Argument : Directionvalue: DMA_PERIPH_TO_MEMORY
2024-07-02 14:01:00,194 [INFO] Argument:335 - Argument : Directionvalue: DMA_PERIPH_TO_MEMORY
2024-07-02 14:01:00,194 [INFO] Argument:325 - Argument : PeriphIncvalue: DMA_PINC_DISABLE
2024-07-02 14:01:00,194 [INFO] Argument:335 - Argument : PeriphIncvalue: DMA_PINC_DISABLE
2024-07-02 14:01:00,194 [INFO] Argument:325 - Argument : MemIncvalue: DMA_MINC_ENABLE
2024-07-02 14:01:00,194 [INFO] Argument:335 - Argument : MemIncvalue: DMA_MINC_ENABLE
2024-07-02 14:01:00,194 [INFO] Argument:325 - Argument : PeriphDataAlignmentvalue: DMA_PDATAALIGN_BYTE
2024-07-02 14:01:00,194 [INFO] Argument:335 - Argument : PeriphDataAlignmentvalue: DMA_PDATAALIGN_BYTE
2024-07-02 14:01:00,194 [INFO] Argument:325 - Argument : MemDataAlignmentvalue: DMA_MDATAALIGN_BYTE
2024-07-02 14:01:00,194 [INFO] Argument:335 - Argument : MemDataAlignmentvalue: DMA_MDATAALIGN_BYTE
2024-07-02 14:01:00,194 [INFO] Argument:325 - Argument : Modevalue: DMA_CIRCULAR
2024-07-02 14:01:00,194 [INFO] Argument:335 - Argument : Modevalue: DMA_CIRCULAR
2024-07-02 14:01:00,194 [INFO] Argument:325 - Argument : Priorityvalue: DMA_PRIORITY_LOW
2024-07-02 14:01:00,194 [INFO] Argument:335 - Argument : Priorityvalue: DMA_PRIORITY_LOW
2024-07-02 14:01:00,194 [INFO] Argument:325 - Argument : FIFOModevalue: DMA_FIFOMODE_ENABLE
2024-07-02 14:01:00,194 [INFO] Argument:335 - Argument : FIFOModevalue: DMA_FIFOMODE_ENABLE
2024-07-02 14:01:00,194 [INFO] Argument:325 - Argument : FIFOThresholdvalue: DMA_FIFO_THRESHOLD_FULL
2024-07-02 14:01:00,194 [INFO] Argument:335 - Argument : FIFOThresholdvalue: DMA_FIFO_THRESHOLD_FULL
2024-07-02 14:01:00,194 [INFO] Argument:325 - Argument : MemBurstvalue: DMA_MBURST_SINGLE
2024-07-02 14:01:00,194 [INFO] Argument:335 - Argument : MemBurstvalue: DMA_MBURST_SINGLE
2024-07-02 14:01:00,194 [INFO] Argument:325 - Argument : PeriphBurstvalue: DMA_PBURST_SINGLE
2024-07-02 14:01:00,194 [INFO] Argument:335 - Argument : PeriphBurstvalue: DMA_PBURST_SINGLE
2024-07-02 14:01:00,194 [INFO] Argument:325 - Argument : Lockvalue: null
2024-07-02 14:01:00,194 [INFO] Argument:335 - Argument : Lockvalue: null
2024-07-02 14:01:00,194 [INFO] Argument:325 - Argument : Statevalue: null
2024-07-02 14:01:00,194 [INFO] Argument:335 - Argument : Statevalue: null
2024-07-02 14:01:00,194 [INFO] Argument:325 - Argument : Parentvalue: null
2024-07-02 14:01:00,194 [INFO] Argument:335 - Argument : Parentvalue: null
2024-07-02 14:01:00,194 [INFO] Argument:325 - Argument : XferCpltCallbackvalue: null
2024-07-02 14:01:00,194 [INFO] Argument:335 - Argument : XferCpltCallbackvalue: null
2024-07-02 14:01:00,194 [INFO] Argument:325 - Argument : XferHalfCpltCallbackvalue: null
2024-07-02 14:01:00,194 [INFO] Argument:335 - Argument : XferHalfCpltCallbackvalue: null
2024-07-02 14:01:00,194 [INFO] Argument:325 - Argument : XferM1CpltCallbackvalue: null
2024-07-02 14:01:00,194 [INFO] Argument:335 - Argument : XferM1CpltCallbackvalue: null
2024-07-02 14:01:00,194 [INFO] Argument:325 - Argument : XferM1HalfCpltCallbackvalue: null
2024-07-02 14:01:00,194 [INFO] Argument:335 - Argument : XferM1HalfCpltCallbackvalue: null
2024-07-02 14:01:00,194 [INFO] Argument:325 - Argument : XferErrorCallbackvalue: null
2024-07-02 14:01:00,194 [INFO] Argument:335 - Argument : XferErrorCallbackvalue: null
2024-07-02 14:01:00,194 [INFO] Argument:325 - Argument : XferAbortCallbackvalue: null
2024-07-02 14:01:00,194 [INFO] Argument:335 - Argument : XferAbortCallbackvalue: null
2024-07-02 14:01:00,194 [INFO] Argument:325 - Argument : ErrorCodevalue: null
2024-07-02 14:01:00,194 [INFO] Argument:335 - Argument : ErrorCodevalue: null
2024-07-02 14:01:00,194 [INFO] Argument:325 - Argument : StreamBaseAddressvalue: null
2024-07-02 14:01:00,194 [INFO] Argument:335 - Argument : StreamBaseAddressvalue: null
2024-07-02 14:01:00,194 [INFO] Argument:325 - Argument : StreamIndexvalue: null
2024-07-02 14:01:00,194 [INFO] Argument:335 - Argument : StreamIndexvalue: null
2024-07-02 14:01:00,206 [INFO] Argument:325 - Argument : hdmavalue: null
2024-07-02 14:01:00,206 [INFO] Argument:327 - 	 sub Args: 
2024-07-02 14:01:00,206 [INFO] Argument:325 - Argument : Instancevalue: DMA1_Stream0
2024-07-02 14:01:00,206 [INFO] Argument:335 - Argument : Instancevalue: DMA1_Stream0
2024-07-02 14:01:00,206 [INFO] Argument:325 - Argument : Initvalue: null
2024-07-02 14:01:00,206 [INFO] Argument:327 - 	 sub Args: 
2024-07-02 14:01:00,206 [INFO] Argument:325 - Argument : Requestvalue: DMA_REQUEST_USART1_RX
2024-07-02 14:01:00,206 [INFO] Argument:335 - Argument : Requestvalue: DMA_REQUEST_USART1_RX
2024-07-02 14:01:00,206 [INFO] Argument:325 - Argument : Directionvalue: DMA_PERIPH_TO_MEMORY
2024-07-02 14:01:00,206 [INFO] Argument:335 - Argument : Directionvalue: DMA_PERIPH_TO_MEMORY
2024-07-02 14:01:00,206 [INFO] Argument:325 - Argument : PeriphIncvalue: DMA_PINC_DISABLE
2024-07-02 14:01:00,206 [INFO] Argument:335 - Argument : PeriphIncvalue: DMA_PINC_DISABLE
2024-07-02 14:01:00,206 [INFO] Argument:325 - Argument : MemIncvalue: DMA_MINC_ENABLE
2024-07-02 14:01:00,206 [INFO] Argument:335 - Argument : MemIncvalue: DMA_MINC_ENABLE
2024-07-02 14:01:00,206 [INFO] Argument:325 - Argument : PeriphDataAlignmentvalue: DMA_PDATAALIGN_BYTE
2024-07-02 14:01:00,206 [INFO] Argument:335 - Argument : PeriphDataAlignmentvalue: DMA_PDATAALIGN_BYTE
2024-07-02 14:01:00,206 [INFO] Argument:325 - Argument : MemDataAlignmentvalue: DMA_MDATAALIGN_BYTE
2024-07-02 14:01:00,206 [INFO] Argument:335 - Argument : MemDataAlignmentvalue: DMA_MDATAALIGN_BYTE
2024-07-02 14:01:00,206 [INFO] Argument:325 - Argument : Modevalue: DMA_NORMAL
2024-07-02 14:01:00,206 [INFO] Argument:335 - Argument : Modevalue: DMA_NORMAL
2024-07-02 14:01:00,206 [INFO] Argument:325 - Argument : Priorityvalue: DMA_PRIORITY_HIGH
2024-07-02 14:01:00,206 [INFO] Argument:335 - Argument : Priorityvalue: DMA_PRIORITY_HIGH
2024-07-02 14:01:00,206 [INFO] Argument:325 - Argument : FIFOModevalue: DMA_FIFOMODE_DISABLE
2024-07-02 14:01:00,206 [INFO] Argument:335 - Argument : FIFOModevalue: DMA_FIFOMODE_DISABLE
2024-07-02 14:01:00,206 [INFO] Argument:325 - Argument : FIFOThresholdvalue: null
2024-07-02 14:01:00,206 [INFO] Argument:335 - Argument : FIFOThresholdvalue: null
2024-07-02 14:01:00,206 [INFO] Argument:325 - Argument : MemBurstvalue: null
2024-07-02 14:01:00,206 [INFO] Argument:335 - Argument : MemBurstvalue: null
2024-07-02 14:01:00,207 [INFO] Argument:325 - Argument : PeriphBurstvalue: null
2024-07-02 14:01:00,207 [INFO] Argument:335 - Argument : PeriphBurstvalue: null
2024-07-02 14:01:00,207 [INFO] Argument:325 - Argument : Lockvalue: null
2024-07-02 14:01:00,207 [INFO] Argument:335 - Argument : Lockvalue: null
2024-07-02 14:01:00,207 [INFO] Argument:325 - Argument : Statevalue: null
2024-07-02 14:01:00,207 [INFO] Argument:335 - Argument : Statevalue: null
2024-07-02 14:01:00,207 [INFO] Argument:325 - Argument : Parentvalue: null
2024-07-02 14:01:00,207 [INFO] Argument:335 - Argument : Parentvalue: null
2024-07-02 14:01:00,207 [INFO] Argument:325 - Argument : XferCpltCallbackvalue: null
2024-07-02 14:01:00,207 [INFO] Argument:335 - Argument : XferCpltCallbackvalue: null
2024-07-02 14:01:00,207 [INFO] Argument:325 - Argument : XferHalfCpltCallbackvalue: null
2024-07-02 14:01:00,207 [INFO] Argument:335 - Argument : XferHalfCpltCallbackvalue: null
2024-07-02 14:01:00,207 [INFO] Argument:325 - Argument : XferM1CpltCallbackvalue: null
2024-07-02 14:01:00,207 [INFO] Argument:335 - Argument : XferM1CpltCallbackvalue: null
2024-07-02 14:01:00,207 [INFO] Argument:325 - Argument : XferM1HalfCpltCallbackvalue: null
2024-07-02 14:01:00,207 [INFO] Argument:335 - Argument : XferM1HalfCpltCallbackvalue: null
2024-07-02 14:01:00,207 [INFO] Argument:325 - Argument : XferErrorCallbackvalue: null
2024-07-02 14:01:00,207 [INFO] Argument:335 - Argument : XferErrorCallbackvalue: null
2024-07-02 14:01:00,207 [INFO] Argument:325 - Argument : XferAbortCallbackvalue: null
2024-07-02 14:01:00,207 [INFO] Argument:335 - Argument : XferAbortCallbackvalue: null
2024-07-02 14:01:00,207 [INFO] Argument:325 - Argument : ErrorCodevalue: null
2024-07-02 14:01:00,207 [INFO] Argument:335 - Argument : ErrorCodevalue: null
2024-07-02 14:01:00,207 [INFO] Argument:325 - Argument : StreamBaseAddressvalue: null
2024-07-02 14:01:00,207 [INFO] Argument:335 - Argument : StreamBaseAddressvalue: null
2024-07-02 14:01:00,207 [INFO] Argument:325 - Argument : StreamIndexvalue: null
2024-07-02 14:01:00,207 [INFO] Argument:335 - Argument : StreamIndexvalue: null
2024-07-02 14:01:00,208 [INFO] Argument:325 - Argument : hdmavalue: null
2024-07-02 14:01:00,208 [INFO] Argument:327 - 	 sub Args: 
2024-07-02 14:01:00,208 [INFO] Argument:325 - Argument : Instancevalue: DMA1_Stream1
2024-07-02 14:01:00,208 [INFO] Argument:335 - Argument : Instancevalue: DMA1_Stream1
2024-07-02 14:01:00,208 [INFO] Argument:325 - Argument : Initvalue: null
2024-07-02 14:01:00,208 [INFO] Argument:327 - 	 sub Args: 
2024-07-02 14:01:00,208 [INFO] Argument:325 - Argument : Requestvalue: DMA_REQUEST_USART1_TX
2024-07-02 14:01:00,208 [INFO] Argument:335 - Argument : Requestvalue: DMA_REQUEST_USART1_TX
2024-07-02 14:01:00,208 [INFO] Argument:325 - Argument : Directionvalue: DMA_MEMORY_TO_PERIPH
2024-07-02 14:01:00,208 [INFO] Argument:335 - Argument : Directionvalue: DMA_MEMORY_TO_PERIPH
2024-07-02 14:01:00,208 [INFO] Argument:325 - Argument : PeriphIncvalue: DMA_PINC_DISABLE
2024-07-02 14:01:00,208 [INFO] Argument:335 - Argument : PeriphIncvalue: DMA_PINC_DISABLE
2024-07-02 14:01:00,209 [INFO] Argument:325 - Argument : MemIncvalue: DMA_MINC_ENABLE
2024-07-02 14:01:00,209 [INFO] Argument:335 - Argument : MemIncvalue: DMA_MINC_ENABLE
2024-07-02 14:01:00,209 [INFO] Argument:325 - Argument : PeriphDataAlignmentvalue: DMA_PDATAALIGN_BYTE
2024-07-02 14:01:00,209 [INFO] Argument:335 - Argument : PeriphDataAlignmentvalue: DMA_PDATAALIGN_BYTE
2024-07-02 14:01:00,209 [INFO] Argument:325 - Argument : MemDataAlignmentvalue: DMA_MDATAALIGN_BYTE
2024-07-02 14:01:00,209 [INFO] Argument:335 - Argument : MemDataAlignmentvalue: DMA_MDATAALIGN_BYTE
2024-07-02 14:01:00,209 [INFO] Argument:325 - Argument : Modevalue: DMA_NORMAL
2024-07-02 14:01:00,209 [INFO] Argument:335 - Argument : Modevalue: DMA_NORMAL
2024-07-02 14:01:00,209 [INFO] Argument:325 - Argument : Priorityvalue: DMA_PRIORITY_LOW
2024-07-02 14:01:00,209 [INFO] Argument:335 - Argument : Priorityvalue: DMA_PRIORITY_LOW
2024-07-02 14:01:00,209 [INFO] Argument:325 - Argument : FIFOModevalue: DMA_FIFOMODE_DISABLE
2024-07-02 14:01:00,209 [INFO] Argument:335 - Argument : FIFOModevalue: DMA_FIFOMODE_DISABLE
2024-07-02 14:01:00,209 [INFO] Argument:325 - Argument : FIFOThresholdvalue: null
2024-07-02 14:01:00,209 [INFO] Argument:335 - Argument : FIFOThresholdvalue: null
2024-07-02 14:01:00,209 [INFO] Argument:325 - Argument : MemBurstvalue: null
2024-07-02 14:01:00,209 [INFO] Argument:335 - Argument : MemBurstvalue: null
2024-07-02 14:01:00,210 [INFO] Argument:325 - Argument : PeriphBurstvalue: null
2024-07-02 14:01:00,210 [INFO] Argument:335 - Argument : PeriphBurstvalue: null
2024-07-02 14:01:00,210 [INFO] Argument:325 - Argument : Lockvalue: null
2024-07-02 14:01:00,210 [INFO] Argument:335 - Argument : Lockvalue: null
2024-07-02 14:01:00,210 [INFO] Argument:325 - Argument : Statevalue: null
2024-07-02 14:01:00,210 [INFO] Argument:335 - Argument : Statevalue: null
2024-07-02 14:01:00,210 [INFO] Argument:325 - Argument : Parentvalue: null
2024-07-02 14:01:00,210 [INFO] Argument:335 - Argument : Parentvalue: null
2024-07-02 14:01:00,210 [INFO] Argument:325 - Argument : XferCpltCallbackvalue: null
2024-07-02 14:01:00,210 [INFO] Argument:335 - Argument : XferCpltCallbackvalue: null
2024-07-02 14:01:00,210 [INFO] Argument:325 - Argument : XferHalfCpltCallbackvalue: null
2024-07-02 14:01:00,210 [INFO] Argument:335 - Argument : XferHalfCpltCallbackvalue: null
2024-07-02 14:01:00,210 [INFO] Argument:325 - Argument : XferM1CpltCallbackvalue: null
2024-07-02 14:01:00,210 [INFO] Argument:335 - Argument : XferM1CpltCallbackvalue: null
2024-07-02 14:01:00,210 [INFO] Argument:325 - Argument : XferM1HalfCpltCallbackvalue: null
2024-07-02 14:01:00,210 [INFO] Argument:335 - Argument : XferM1HalfCpltCallbackvalue: null
2024-07-02 14:01:00,210 [INFO] Argument:325 - Argument : XferErrorCallbackvalue: null
2024-07-02 14:01:00,210 [INFO] Argument:335 - Argument : XferErrorCallbackvalue: null
2024-07-02 14:01:00,210 [INFO] Argument:325 - Argument : XferAbortCallbackvalue: null
2024-07-02 14:01:00,210 [INFO] Argument:335 - Argument : XferAbortCallbackvalue: null
2024-07-02 14:01:00,210 [INFO] Argument:325 - Argument : ErrorCodevalue: null
2024-07-02 14:01:00,210 [INFO] Argument:335 - Argument : ErrorCodevalue: null
2024-07-02 14:01:00,210 [INFO] Argument:325 - Argument : StreamBaseAddressvalue: null
2024-07-02 14:01:00,210 [INFO] Argument:335 - Argument : StreamBaseAddressvalue: null
2024-07-02 14:01:00,210 [INFO] Argument:325 - Argument : StreamIndexvalue: null
2024-07-02 14:01:00,210 [INFO] Argument:335 - Argument : StreamIndexvalue: null
2024-07-02 14:01:00,216 [WARN] IP:2120 - DEVICE_SERIAL0_CDC_HS not found: check if there is a RefParameter without a condition.
2024-07-02 14:01:00,216 [WARN] IP:2120 - DEVICE_SERIAL1_CDC_HS not found: check if there is a RefParameter without a condition.
2024-07-02 14:01:00,216 [WARN] IP:2120 - DEVICE_SERIAL2_CDC_HS not found: check if there is a RefParameter without a condition.
2024-07-02 14:01:00,308 [INFO] CodeEngine:255 - oldGeneratedFile, C:\Users\andre\Documents\GitHub\TS_Nucleo\TS_STM-H7\TS_STM-H7\TS_STM-H7\MXTmpFiles\license.tmp_save
2024-07-02 14:01:00,398 [INFO] CodeEngine:279 - Generated code: C:\Users\andre\Documents\GitHub\TS_Nucleo\TS_STM-H7\TS_STM-H7\TS_STM-H7\MXTmpFiles\license.tmp
2024-07-02 14:01:00,507 [INFO] CodeEngine:255 - oldGeneratedFile, C:\Users\andre\Documents\GitHub\TS_Nucleo\TS_STM-H7\TS_STM-H7\TS_STM-H7\MXTmpFiles\gpio.tmp_save
2024-07-02 14:01:00,612 [INFO] CodeEngine:279 - Generated code: C:\Users\andre\Documents\GitHub\TS_Nucleo\TS_STM-H7\TS_STM-H7\TS_STM-H7\MXTmpFiles\gpio.tmp
2024-07-02 14:01:00,850 [INFO] CodeEngine:255 - oldGeneratedFile, C:\Users\andre\Documents\GitHub\TS_Nucleo\TS_STM-H7\TS_STM-H7\TS_STM-H7\MXTmpFiles\usb_otg_hs_vars.tmp_save
2024-07-02 14:01:00,944 [INFO] CodeEngine:279 - Generated code: C:\Users\andre\Documents\GitHub\TS_Nucleo\TS_STM-H7\TS_STM-H7\TS_STM-H7\MXTmpFiles\usb_otg_hs_vars.tmp
2024-07-02 14:01:00,948 [INFO] CodeEngine:255 - oldGeneratedFile, C:\Users\andre\Documents\GitHub\TS_Nucleo\TS_STM-H7\TS_STM-H7\TS_STM-H7\MXTmpFiles\usb_otg_hs_inc.tmp_save
2024-07-02 14:01:01,004 [INFO] CodeEngine:279 - Generated code: C:\Users\andre\Documents\GitHub\TS_Nucleo\TS_STM-H7\TS_STM-H7\TS_STM-H7\MXTmpFiles\usb_otg_hs_inc.tmp
2024-07-02 14:01:01,009 [INFO] CodeEngine:255 - oldGeneratedFile, C:\Users\andre\Documents\GitHub\TS_Nucleo\TS_STM-H7\TS_STM-H7\TS_STM-H7\MXTmpFiles\usb_otg_hs_HalInit.tmp_save
2024-07-02 14:01:01,096 [INFO] CodeEngine:279 - Generated code: C:\Users\andre\Documents\GitHub\TS_Nucleo\TS_STM-H7\TS_STM-H7\TS_STM-H7\MXTmpFiles\usb_otg_hs_HalInit.tmp
2024-07-02 14:01:01,100 [INFO] CodeEngine:255 - oldGeneratedFile, C:\Users\andre\Documents\GitHub\TS_Nucleo\TS_STM-H7\TS_STM-H7\TS_STM-H7\MXTmpFiles\usb_otg_hs_Msp.tmp_save
2024-07-02 14:01:01,173 [INFO] CodeEngine:279 - Generated code: C:\Users\andre\Documents\GitHub\TS_Nucleo\TS_STM-H7\TS_STM-H7\TS_STM-H7\MXTmpFiles\usb_otg_hs_Msp.tmp
2024-07-02 14:01:02,253 [INFO] Middleware:1439 - No code input for Bsp Dependency
2024-07-02 14:01:02,258 [INFO] CodeEngine:255 - oldGeneratedFile, C:\Users\andre\Documents\GitHub\TS_Nucleo\TS_STM-H7\TS_STM-H7\TS_STM-H7\MXTmpFiles\fatfs_HalInit.tmp_save
2024-07-02 14:01:02,338 [INFO] CodeEngine:279 - Generated code: C:\Users\andre\Documents\GitHub\TS_Nucleo\TS_STM-H7\TS_STM-H7\TS_STM-H7\MXTmpFiles\fatfs_HalInit.tmp
2024-07-02 14:01:02,341 [INFO] CodeEngine:255 - oldGeneratedFile, C:\Users\andre\Documents\GitHub\TS_Nucleo\TS_STM-H7\TS_STM-H7\TS_STM-H7\MXTmpFiles\fatfs_vars.tmp_save
2024-07-02 14:01:02,402 [INFO] CodeEngine:279 - Generated code: C:\Users\andre\Documents\GitHub\TS_Nucleo\TS_STM-H7\TS_STM-H7\TS_STM-H7\MXTmpFiles\fatfs_vars.tmp
2024-07-02 14:01:02,404 [INFO] CodeEngine:255 - oldGeneratedFile, C:\Users\andre\Documents\GitHub\TS_Nucleo\TS_STM-H7\TS_STM-H7\TS_STM-H7\MXTmpFiles\fatfs_ext_vars.tmp_save
2024-07-02 14:01:02,457 [INFO] CodeEngine:279 - Generated code: C:\Users\andre\Documents\GitHub\TS_Nucleo\TS_STM-H7\TS_STM-H7\TS_STM-H7\MXTmpFiles\fatfs_ext_vars.tmp
2024-07-02 14:01:02,462 [INFO] CodeEngine:255 - oldGeneratedFile, C:\Users\andre\Documents\GitHub\TS_Nucleo\TS_STM-H7\TS_STM-H7\TS_STM-H7\MXTmpFiles\fatfs_inc.tmp_save
2024-07-02 14:01:02,519 [INFO] CodeEngine:279 - Generated code: C:\Users\andre\Documents\GitHub\TS_Nucleo\TS_STM-H7\TS_STM-H7\TS_STM-H7\MXTmpFiles\fatfs_inc.tmp
2024-07-02 14:01:02,525 [INFO] Middleware:1439 - No code input for Bsp Dependency
2024-07-02 14:01:02,525 [ERROR] SWIPConfigModel:147 - Object (RefParameter) name : DEVICE_SERIAL1_CDC_HS  is not a String or a Boolean
2024-07-02 14:01:02,525 [ERROR] SWIPConfigModel:147 - Object (RefParameter) name : DEVICE_SERIAL2_CDC_HS  is not a String or a Boolean
2024-07-02 14:01:02,525 [ERROR] SWIPConfigModel:147 - Object (RefParameter) name : DEVICE_SERIAL0_CDC_HS  is not a String or a Boolean
2024-07-02 14:01:02,533 [INFO] CodeEngine:255 - oldGeneratedFile, C:\Users\andre\Documents\GitHub\TS_Nucleo\TS_STM-H7\TS_STM-H7\TS_STM-H7\MXTmpFiles\cortex.tmp_save
2024-07-02 14:01:02,602 [INFO] CodeEngine:279 - Generated code: C:\Users\andre\Documents\GitHub\TS_Nucleo\TS_STM-H7\TS_STM-H7\TS_STM-H7\MXTmpFiles\cortex.tmp
2024-07-02 14:01:02,691 [INFO] CodeEngine:255 - oldGeneratedFile, C:\Users\andre\Documents\GitHub\TS_Nucleo\TS_STM-H7\TS_STM-H7\TS_STM-H7\MXTmpFiles\dma.tmp_save
2024-07-02 14:01:02,767 [INFO] CodeEngine:279 - Generated code: C:\Users\andre\Documents\GitHub\TS_Nucleo\TS_STM-H7\TS_STM-H7\TS_STM-H7\MXTmpFiles\dma.tmp
2024-07-02 14:01:02,771 [INFO] CodeEngine:255 - oldGeneratedFile, C:\Users\andre\Documents\GitHub\TS_Nucleo\TS_STM-H7\TS_STM-H7\TS_STM-H7\MXTmpFiles\dma_GV.tmp_save
2024-07-02 14:01:02,817 [INFO] CodeEngine:279 - Generated code: C:\Users\andre\Documents\GitHub\TS_Nucleo\TS_STM-H7\TS_STM-H7\TS_STM-H7\MXTmpFiles\dma_GV.tmp
2024-07-02 14:01:02,820 [INFO] Middleware:1439 - No code input for Bsp Dependency
2024-07-02 14:01:02,825 [INFO] CodeEngine:255 - oldGeneratedFile, C:\Users\andre\Documents\GitHub\TS_Nucleo\TS_STM-H7\TS_STM-H7\TS_STM-H7\MXTmpFiles\fatfs_HalInit.tmp_save
2024-07-02 14:01:02,887 [INFO] CodeEngine:279 - Generated code: C:\Users\andre\Documents\GitHub\TS_Nucleo\TS_STM-H7\TS_STM-H7\TS_STM-H7\MXTmpFiles\fatfs_HalInit.tmp
2024-07-02 14:01:02,891 [INFO] CodeEngine:255 - oldGeneratedFile, C:\Users\andre\Documents\GitHub\TS_Nucleo\TS_STM-H7\TS_STM-H7\TS_STM-H7\MXTmpFiles\fatfs_vars.tmp_save
2024-07-02 14:01:02,936 [INFO] CodeEngine:279 - Generated code: C:\Users\andre\Documents\GitHub\TS_Nucleo\TS_STM-H7\TS_STM-H7\TS_STM-H7\MXTmpFiles\fatfs_vars.tmp
2024-07-02 14:01:02,940 [INFO] CodeEngine:255 - oldGeneratedFile, C:\Users\andre\Documents\GitHub\TS_Nucleo\TS_STM-H7\TS_STM-H7\TS_STM-H7\MXTmpFiles\fatfs_ext_vars.tmp_save
2024-07-02 14:01:02,986 [INFO] CodeEngine:279 - Generated code: C:\Users\andre\Documents\GitHub\TS_Nucleo\TS_STM-H7\TS_STM-H7\TS_STM-H7\MXTmpFiles\fatfs_ext_vars.tmp
2024-07-02 14:01:02,990 [INFO] CodeEngine:255 - oldGeneratedFile, C:\Users\andre\Documents\GitHub\TS_Nucleo\TS_STM-H7\TS_STM-H7\TS_STM-H7\MXTmpFiles\fatfs_inc.tmp_save
2024-07-02 14:01:03,035 [INFO] CodeEngine:279 - Generated code: C:\Users\andre\Documents\GitHub\TS_Nucleo\TS_STM-H7\TS_STM-H7\TS_STM-H7\MXTmpFiles\fatfs_inc.tmp
2024-07-02 14:01:03,049 [INFO] CodeEngine:255 - oldGeneratedFile, C:\Users\andre\Documents\GitHub\TS_Nucleo\TS_STM-H7\TS_STM-H7\TS_STM-H7\FATFS\Target\ffconf.h_save
2024-07-02 14:01:03,125 [INFO] CodeEngine:279 - Generated code: C:\Users\andre\Documents\GitHub\TS_Nucleo\TS_STM-H7\TS_STM-H7\TS_STM-H7\FATFS\Target\ffconf.h
2024-07-02 14:01:03,138 [INFO] CodeEngine:255 - oldGeneratedFile, C:\Users\andre\Documents\GitHub\TS_Nucleo\TS_STM-H7\TS_STM-H7\TS_STM-H7\FATFS\Target\user_diskio.c_save
2024-07-02 14:01:03,205 [INFO] CodeEngine:279 - Generated code: C:\Users\andre\Documents\GitHub\TS_Nucleo\TS_STM-H7\TS_STM-H7\TS_STM-H7\FATFS\Target\user_diskio.c
2024-07-02 14:01:03,218 [INFO] CodeEngine:255 - oldGeneratedFile, C:\Users\andre\Documents\GitHub\TS_Nucleo\TS_STM-H7\TS_STM-H7\TS_STM-H7\FATFS\Target\user_diskio.h_save
2024-07-02 14:01:03,274 [INFO] CodeEngine:279 - Generated code: C:\Users\andre\Documents\GitHub\TS_Nucleo\TS_STM-H7\TS_STM-H7\TS_STM-H7\FATFS\Target\user_diskio.h
2024-07-02 14:01:03,282 [INFO] CodeEngine:255 - oldGeneratedFile, C:\Users\andre\Documents\GitHub\TS_Nucleo\TS_STM-H7\TS_STM-H7\TS_STM-H7\FATFS\App\fatfs.c_save
2024-07-02 14:01:03,338 [INFO] CodeEngine:279 - Generated code: C:\Users\andre\Documents\GitHub\TS_Nucleo\TS_STM-H7\TS_STM-H7\TS_STM-H7\FATFS\App\fatfs.c
2024-07-02 14:01:03,351 [INFO] CodeEngine:255 - oldGeneratedFile, C:\Users\andre\Documents\GitHub\TS_Nucleo\TS_STM-H7\TS_STM-H7\TS_STM-H7\FATFS\App\fatfs.h_save
2024-07-02 14:01:03,415 [INFO] CodeEngine:279 - Generated code: C:\Users\andre\Documents\GitHub\TS_Nucleo\TS_STM-H7\TS_STM-H7\TS_STM-H7\FATFS\App\fatfs.h
2024-07-02 14:01:03,421 [INFO] Middleware:1439 - No code input for Bsp Dependency
2024-07-02 14:01:03,422 [ERROR] SWIPConfigModel:147 - Object (RefParameter) name : DEVICE_SERIAL1_CDC_HS  is not a String or a Boolean
2024-07-02 14:01:03,422 [ERROR] SWIPConfigModel:147 - Object (RefParameter) name : DEVICE_SERIAL2_CDC_HS  is not a String or a Boolean
2024-07-02 14:01:03,422 [ERROR] SWIPConfigModel:147 - Object (RefParameter) name : DEVICE_SERIAL0_CDC_HS  is not a String or a Boolean
2024-07-02 14:01:03,437 [INFO] CodeEngine:255 - oldGeneratedFile, C:\Users\andre\Documents\GitHub\TS_Nucleo\TS_STM-H7\TS_STM-H7\TS_STM-H7\USB_DEVICE\App\usb_device.c_save
2024-07-02 14:01:03,501 [INFO] CodeEngine:279 - Generated code: C:\Users\andre\Documents\GitHub\TS_Nucleo\TS_STM-H7\TS_STM-H7\TS_STM-H7\USB_DEVICE\App\usb_device.c
2024-07-02 14:01:03,514 [INFO] CodeEngine:255 - oldGeneratedFile, C:\Users\andre\Documents\GitHub\TS_Nucleo\TS_STM-H7\TS_STM-H7\TS_STM-H7\USB_DEVICE\App\usb_device.h_save
2024-07-02 14:01:03,573 [INFO] CodeEngine:279 - Generated code: C:\Users\andre\Documents\GitHub\TS_Nucleo\TS_STM-H7\TS_STM-H7\TS_STM-H7\USB_DEVICE\App\usb_device.h
2024-07-02 14:01:03,580 [INFO] CodeEngine:255 - oldGeneratedFile, C:\Users\andre\Documents\GitHub\TS_Nucleo\TS_STM-H7\TS_STM-H7\TS_STM-H7\USB_DEVICE\Target\usbd_conf.h_save
2024-07-02 14:01:03,635 [INFO] CodeEngine:279 - Generated code: C:\Users\andre\Documents\GitHub\TS_Nucleo\TS_STM-H7\TS_STM-H7\TS_STM-H7\USB_DEVICE\Target\usbd_conf.h
2024-07-02 14:01:03,648 [INFO] CodeEngine:255 - oldGeneratedFile, C:\Users\andre\Documents\GitHub\TS_Nucleo\TS_STM-H7\TS_STM-H7\TS_STM-H7\USB_DEVICE\Target\usbd_conf.c_save
2024-07-02 14:01:03,723 [INFO] CodeEngine:279 - Generated code: C:\Users\andre\Documents\GitHub\TS_Nucleo\TS_STM-H7\TS_STM-H7\TS_STM-H7\USB_DEVICE\Target\usbd_conf.c
2024-07-02 14:01:03,728 [INFO] CodeEngine:255 - oldGeneratedFile, C:\Users\andre\Documents\GitHub\TS_Nucleo\TS_STM-H7\TS_STM-H7\TS_STM-H7\USB_DEVICE\App\usbd_desc.h_save
2024-07-02 14:01:03,783 [INFO] CodeEngine:279 - Generated code: C:\Users\andre\Documents\GitHub\TS_Nucleo\TS_STM-H7\TS_STM-H7\TS_STM-H7\USB_DEVICE\App\usbd_desc.h
2024-07-02 14:01:03,793 [INFO] CodeEngine:255 - oldGeneratedFile, C:\Users\andre\Documents\GitHub\TS_Nucleo\TS_STM-H7\TS_STM-H7\TS_STM-H7\USB_DEVICE\App\usbd_desc.c_save
2024-07-02 14:01:03,872 [INFO] CodeEngine:279 - Generated code: C:\Users\andre\Documents\GitHub\TS_Nucleo\TS_STM-H7\TS_STM-H7\TS_STM-H7\USB_DEVICE\App\usbd_desc.c
2024-07-02 14:01:03,890 [INFO] CodeEngine:255 - oldGeneratedFile, C:\Users\andre\Documents\GitHub\TS_Nucleo\TS_STM-H7\TS_STM-H7\TS_STM-H7\USB_DEVICE\App\usbd_cdc_if.h_save
2024-07-02 14:01:03,951 [INFO] CodeEngine:279 - Generated code: C:\Users\andre\Documents\GitHub\TS_Nucleo\TS_STM-H7\TS_STM-H7\TS_STM-H7\USB_DEVICE\App\usbd_cdc_if.h
2024-07-02 14:01:03,961 [INFO] CodeEngine:255 - oldGeneratedFile, C:\Users\andre\Documents\GitHub\TS_Nucleo\TS_STM-H7\TS_STM-H7\TS_STM-H7\USB_DEVICE\App\usbd_cdc_if.c_save
2024-07-02 14:01:04,042 [INFO] CodeEngine:279 - Generated code: C:\Users\andre\Documents\GitHub\TS_Nucleo\TS_STM-H7\TS_STM-H7\TS_STM-H7\USB_DEVICE\App\usbd_cdc_if.c
2024-07-02 14:01:04,085 [INFO] CodeEngine:255 - oldGeneratedFile, C:\Users\andre\Documents\GitHub\TS_Nucleo\TS_STM-H7\TS_STM-H7\TS_STM-H7\Core\Src\stm32h7xx_it.c_save
2024-07-02 14:01:04,265 [INFO] CodeEngine:279 - Generated code: C:\Users\andre\Documents\GitHub\TS_Nucleo\TS_STM-H7\TS_STM-H7\TS_STM-H7\Core\Src\stm32h7xx_it.c
2024-07-02 14:01:04,276 [INFO] CodeEngine:255 - oldGeneratedFile, C:\Users\andre\Documents\GitHub\TS_Nucleo\TS_STM-H7\TS_STM-H7\TS_STM-H7\Core\Inc\stm32h7xx_it.h_save
2024-07-02 14:01:04,354 [INFO] CodeEngine:279 - Generated code: C:\Users\andre\Documents\GitHub\TS_Nucleo\TS_STM-H7\TS_STM-H7\TS_STM-H7\Core\Inc\stm32h7xx_it.h
2024-07-02 14:01:04,572 [INFO] CodeEngine:255 - oldGeneratedFile, C:\Users\andre\Documents\GitHub\TS_Nucleo\TS_STM-H7\TS_STM-H7\TS_STM-H7\Core\Src\stm32h7xx_hal_msp.c_save
2024-07-02 14:01:04,689 [INFO] CodeEngine:279 - Generated code: C:\Users\andre\Documents\GitHub\TS_Nucleo\TS_STM-H7\TS_STM-H7\TS_STM-H7\Core\Src\stm32h7xx_hal_msp.c
2024-07-02 14:01:04,694 [INFO] CodeEngine:255 - oldGeneratedFile, C:\Users\andre\Documents\GitHub\TS_Nucleo\TS_STM-H7\TS_STM-H7\TS_STM-H7\MXTmpFiles\system.tmp_save
2024-07-02 14:01:04,772 [INFO] CodeEngine:279 - Generated code: C:\Users\andre\Documents\GitHub\TS_Nucleo\TS_STM-H7\TS_STM-H7\TS_STM-H7\MXTmpFiles\system.tmp
2024-07-02 14:01:04,801 [INFO] CodeEngine:311 - oldGeneratedFile, C:\Users\andre\Documents\GitHub\TS_Nucleo\TS_STM-H7\TS_STM-H7\TS_STM-H7\Core\Inc\stm32h7xx_hal_conf.h_save
2024-07-02 14:01:04,916 [INFO] CodeEngine:335 - Generated code: C:\Users\andre\Documents\GitHub\TS_Nucleo\TS_STM-H7\TS_STM-H7\TS_STM-H7\Core\Inc\stm32h7xx_hal_conf.h
2024-07-02 14:01:04,956 [WARN] IPConfigManager:3513 - IP not found : TIM
2024-07-02 14:01:04,956 [WARN] CodeGenerator:3951 - IP not found : null
2024-07-02 14:01:04,978 [INFO] CodeEngine:255 - oldGeneratedFile, C:\Users\andre\Documents\GitHub\TS_Nucleo\TS_STM-H7\TS_STM-H7\TS_STM-H7\Core\Inc\main.h_save
2024-07-02 14:01:05,058 [INFO] CodeEngine:279 - Generated code: C:\Users\andre\Documents\GitHub\TS_Nucleo\TS_STM-H7\TS_STM-H7\TS_STM-H7\Core\Inc\main.h
2024-07-02 14:01:05,071 [INFO] CodeEngine:255 - oldGeneratedFile, C:\Users\andre\Documents\GitHub\TS_Nucleo\TS_STM-H7\TS_STM-H7\TS_STM-H7\Core\Src\main.c_save
2024-07-02 14:01:05,189 [INFO] CodeEngine:279 - Generated code: C:\Users\andre\Documents\GitHub\TS_Nucleo\TS_STM-H7\TS_STM-H7\TS_STM-H7\Core\Src\main.c
2024-07-02 14:01:05,574 [INFO] ProjectBuilder:3163 - Time for Copy HAL[1] : 219mS.
2024-07-02 14:01:05,585 [INFO] ProjectBuilder:4736 - Project Generator version: 4.3.0-B58
2024-07-02 14:01:05,665 [INFO] ConfigFileManager:1503 - The Die is : DIE483
2024-07-02 14:01:06,755 [INFO] ProjectBuilder:5002 - Time for Generating toolchain IDE Files: 1170mS.
2024-07-02 14:01:06,756 [INFO] ProjectBuilder:3034 - Time for Copy CMSIS : 1mS.
2024-07-02 14:01:06,764 [INFO] ProjectBuilder:3034 - Time for Copy CMSIS : 0mS.
2024-07-02 14:59:21,072 [INFO] Gpio:277 - dependency for GPIO [SPI2, USART1, USART3, USB_OTG_HS]
2024-07-02 14:59:23,449 [INFO] NvicIntPanel:101 - NVIC parent = com.st.microxplorer.plugins.ip.nvic.MultiNvicIntPanel[,2,27,641x580,layout=javax.swing.BoxLayout,alignmentX=0.0,alignmentY=0.0,border=,flags=9,maximumSize=,minimumSize=,preferredSize=]
2024-07-02 14:59:24,763 [INFO] Gpio:277 - dependency for GPIO [SPI2, USART1, USART3, USB_OTG_HS]
2024-07-02 14:59:26,576 [INFO] UtilMem:75 - End SaveConfig() Used Memory: 807322232 Bytes (1073741824)
2024-07-02 14:59:27,901 [INFO] UtilMem:75 - End SaveConfig() Used Memory: 777317088 Bytes (1073741824)
2024-07-02 14:59:29,867 [INFO] UtilMem:75 - End SaveConfig() Used Memory: 911534816 Bytes (1073741824)
2024-07-02 14:59:30,162 [INFO] BlockDiagram:2759 - set Specific Code input for plugin: SPI
2024-07-02 14:59:30,163 [INFO] BlockDiagram:2759 - set Specific Code input for plugin: USB_OTG_HS
2024-07-02 14:59:30,163 [INFO] BlockDiagram:2759 - set Specific Code input for plugin: RCC
2024-07-02 14:59:30,163 [INFO] BlockDiagram:2759 - set Specific Code input for plugin: USART
2024-07-02 14:59:30,163 [INFO] BlockDiagram:2759 - set Specific Code input for plugin: USART
2024-07-02 14:59:30,163 [INFO] BlockDiagram:2759 - set Specific Code input for plugin: TIM1_8H7
2024-07-02 14:59:30,163 [INFO] BlockDiagram:2759 - set Specific Code input for plugin: FATFS
2024-07-02 14:59:30,163 [INFO] BlockDiagram:2759 - set Specific Code input for plugin: USB_DEVICE
2024-07-02 14:59:30,163 [INFO] BlockDiagram:2759 - set Specific Code input for plugin: SYS
2024-07-02 14:59:30,163 [INFO] BlockDiagram:2759 - set Specific Code input for plugin: NVIC
2024-07-02 14:59:30,163 [INFO] BlockDiagram:2759 - set Specific Code input for plugin: DMA
2024-07-02 14:59:30,164 [INFO] BlockDiagram:2759 - set Specific Code input for plugin: GPIO
2024-07-02 14:59:30,166 [INFO] CodeGenerator:807 - code generatio: config db path: C:/Users/andre/.stm32cubemx/databases/DB.6.0.110/db/
2024-07-02 14:59:30,260 [INFO] Argument:325 - Argument : hdmavalue: null
2024-07-02 14:59:30,260 [INFO] Argument:327 - 	 sub Args: 
2024-07-02 14:59:30,260 [INFO] Argument:325 - Argument : Instancevalue: DMA1_Stream2
2024-07-02 14:59:30,260 [INFO] Argument:335 - Argument : Instancevalue: DMA1_Stream2
2024-07-02 14:59:30,260 [INFO] Argument:325 - Argument : Initvalue: null
2024-07-02 14:59:30,260 [INFO] Argument:327 - 	 sub Args: 
2024-07-02 14:59:30,260 [INFO] Argument:325 - Argument : Requestvalue: DMA_REQUEST_SPI2_RX
2024-07-02 14:59:30,260 [INFO] Argument:335 - Argument : Requestvalue: DMA_REQUEST_SPI2_RX
2024-07-02 14:59:30,260 [INFO] Argument:325 - Argument : Directionvalue: DMA_PERIPH_TO_MEMORY
2024-07-02 14:59:30,260 [INFO] Argument:335 - Argument : Directionvalue: DMA_PERIPH_TO_MEMORY
2024-07-02 14:59:30,260 [INFO] Argument:325 - Argument : PeriphIncvalue: DMA_PINC_DISABLE
2024-07-02 14:59:30,260 [INFO] Argument:335 - Argument : PeriphIncvalue: DMA_PINC_DISABLE
2024-07-02 14:59:30,260 [INFO] Argument:325 - Argument : MemIncvalue: DMA_MINC_ENABLE
2024-07-02 14:59:30,261 [INFO] Argument:335 - Argument : MemIncvalue: DMA_MINC_ENABLE
2024-07-02 14:59:30,261 [INFO] Argument:325 - Argument : PeriphDataAlignmentvalue: DMA_PDATAALIGN_BYTE
2024-07-02 14:59:30,261 [INFO] Argument:335 - Argument : PeriphDataAlignmentvalue: DMA_PDATAALIGN_BYTE
2024-07-02 14:59:30,261 [INFO] Argument:325 - Argument : MemDataAlignmentvalue: DMA_MDATAALIGN_BYTE
2024-07-02 14:59:30,261 [INFO] Argument:335 - Argument : MemDataAlignmentvalue: DMA_MDATAALIGN_BYTE
2024-07-02 14:59:30,261 [INFO] Argument:325 - Argument : Modevalue: DMA_CIRCULAR
2024-07-02 14:59:30,261 [INFO] Argument:335 - Argument : Modevalue: DMA_CIRCULAR
2024-07-02 14:59:30,261 [INFO] Argument:325 - Argument : Priorityvalue: DMA_PRIORITY_LOW
2024-07-02 14:59:30,261 [INFO] Argument:335 - Argument : Priorityvalue: DMA_PRIORITY_LOW
2024-07-02 14:59:30,261 [INFO] Argument:325 - Argument : FIFOModevalue: DMA_FIFOMODE_ENABLE
2024-07-02 14:59:30,261 [INFO] Argument:335 - Argument : FIFOModevalue: DMA_FIFOMODE_ENABLE
2024-07-02 14:59:30,261 [INFO] Argument:325 - Argument : FIFOThresholdvalue: DMA_FIFO_THRESHOLD_FULL
2024-07-02 14:59:30,261 [INFO] Argument:335 - Argument : FIFOThresholdvalue: DMA_FIFO_THRESHOLD_FULL
2024-07-02 14:59:30,261 [INFO] Argument:325 - Argument : MemBurstvalue: DMA_MBURST_SINGLE
2024-07-02 14:59:30,261 [INFO] Argument:335 - Argument : MemBurstvalue: DMA_MBURST_SINGLE
2024-07-02 14:59:30,261 [INFO] Argument:325 - Argument : PeriphBurstvalue: DMA_PBURST_SINGLE
2024-07-02 14:59:30,261 [INFO] Argument:335 - Argument : PeriphBurstvalue: DMA_PBURST_SINGLE
2024-07-02 14:59:30,261 [INFO] Argument:325 - Argument : Lockvalue: null
2024-07-02 14:59:30,261 [INFO] Argument:335 - Argument : Lockvalue: null
2024-07-02 14:59:30,261 [INFO] Argument:325 - Argument : Statevalue: null
2024-07-02 14:59:30,261 [INFO] Argument:335 - Argument : Statevalue: null
2024-07-02 14:59:30,261 [INFO] Argument:325 - Argument : Parentvalue: null
2024-07-02 14:59:30,261 [INFO] Argument:335 - Argument : Parentvalue: null
2024-07-02 14:59:30,261 [INFO] Argument:325 - Argument : XferCpltCallbackvalue: null
2024-07-02 14:59:30,261 [INFO] Argument:335 - Argument : XferCpltCallbackvalue: null
2024-07-02 14:59:30,261 [INFO] Argument:325 - Argument : XferHalfCpltCallbackvalue: null
2024-07-02 14:59:30,261 [INFO] Argument:335 - Argument : XferHalfCpltCallbackvalue: null
2024-07-02 14:59:30,261 [INFO] Argument:325 - Argument : XferM1CpltCallbackvalue: null
2024-07-02 14:59:30,261 [INFO] Argument:335 - Argument : XferM1CpltCallbackvalue: null
2024-07-02 14:59:30,261 [INFO] Argument:325 - Argument : XferM1HalfCpltCallbackvalue: null
2024-07-02 14:59:30,261 [INFO] Argument:335 - Argument : XferM1HalfCpltCallbackvalue: null
2024-07-02 14:59:30,261 [INFO] Argument:325 - Argument : XferErrorCallbackvalue: null
2024-07-02 14:59:30,261 [INFO] Argument:335 - Argument : XferErrorCallbackvalue: null
2024-07-02 14:59:30,261 [INFO] Argument:325 - Argument : XferAbortCallbackvalue: null
2024-07-02 14:59:30,261 [INFO] Argument:335 - Argument : XferAbortCallbackvalue: null
2024-07-02 14:59:30,261 [INFO] Argument:325 - Argument : ErrorCodevalue: null
2024-07-02 14:59:30,261 [INFO] Argument:335 - Argument : ErrorCodevalue: null
2024-07-02 14:59:30,261 [INFO] Argument:325 - Argument : StreamBaseAddressvalue: null
2024-07-02 14:59:30,262 [INFO] Argument:335 - Argument : StreamBaseAddressvalue: null
2024-07-02 14:59:30,262 [INFO] Argument:325 - Argument : StreamIndexvalue: null
2024-07-02 14:59:30,262 [INFO] Argument:335 - Argument : StreamIndexvalue: null
2024-07-02 14:59:30,273 [INFO] Argument:325 - Argument : hdmavalue: null
2024-07-02 14:59:30,273 [INFO] Argument:327 - 	 sub Args: 
2024-07-02 14:59:30,274 [INFO] Argument:325 - Argument : Instancevalue: DMA1_Stream0
2024-07-02 14:59:30,274 [INFO] Argument:335 - Argument : Instancevalue: DMA1_Stream0
2024-07-02 14:59:30,274 [INFO] Argument:325 - Argument : Initvalue: null
2024-07-02 14:59:30,274 [INFO] Argument:327 - 	 sub Args: 
2024-07-02 14:59:30,274 [INFO] Argument:325 - Argument : Requestvalue: DMA_REQUEST_USART1_RX
2024-07-02 14:59:30,274 [INFO] Argument:335 - Argument : Requestvalue: DMA_REQUEST_USART1_RX
2024-07-02 14:59:30,274 [INFO] Argument:325 - Argument : Directionvalue: DMA_PERIPH_TO_MEMORY
2024-07-02 14:59:30,274 [INFO] Argument:335 - Argument : Directionvalue: DMA_PERIPH_TO_MEMORY
2024-07-02 14:59:30,274 [INFO] Argument:325 - Argument : PeriphIncvalue: DMA_PINC_DISABLE
2024-07-02 14:59:30,274 [INFO] Argument:335 - Argument : PeriphIncvalue: DMA_PINC_DISABLE
2024-07-02 14:59:30,274 [INFO] Argument:325 - Argument : MemIncvalue: DMA_MINC_ENABLE
2024-07-02 14:59:30,274 [INFO] Argument:335 - Argument : MemIncvalue: DMA_MINC_ENABLE
2024-07-02 14:59:30,274 [INFO] Argument:325 - Argument : PeriphDataAlignmentvalue: DMA_PDATAALIGN_BYTE
2024-07-02 14:59:30,274 [INFO] Argument:335 - Argument : PeriphDataAlignmentvalue: DMA_PDATAALIGN_BYTE
2024-07-02 14:59:30,274 [INFO] Argument:325 - Argument : MemDataAlignmentvalue: DMA_MDATAALIGN_BYTE
2024-07-02 14:59:30,274 [INFO] Argument:335 - Argument : MemDataAlignmentvalue: DMA_MDATAALIGN_BYTE
2024-07-02 14:59:30,274 [INFO] Argument:325 - Argument : Modevalue: DMA_NORMAL
2024-07-02 14:59:30,274 [INFO] Argument:335 - Argument : Modevalue: DMA_NORMAL
2024-07-02 14:59:30,274 [INFO] Argument:325 - Argument : Priorityvalue: DMA_PRIORITY_HIGH
2024-07-02 14:59:30,274 [INFO] Argument:335 - Argument : Priorityvalue: DMA_PRIORITY_HIGH
2024-07-02 14:59:30,274 [INFO] Argument:325 - Argument : FIFOModevalue: DMA_FIFOMODE_DISABLE
2024-07-02 14:59:30,274 [INFO] Argument:335 - Argument : FIFOModevalue: DMA_FIFOMODE_DISABLE
2024-07-02 14:59:30,274 [INFO] Argument:325 - Argument : FIFOThresholdvalue: null
2024-07-02 14:59:30,274 [INFO] Argument:335 - Argument : FIFOThresholdvalue: null
2024-07-02 14:59:30,274 [INFO] Argument:325 - Argument : MemBurstvalue: null
2024-07-02 14:59:30,274 [INFO] Argument:335 - Argument : MemBurstvalue: null
2024-07-02 14:59:30,274 [INFO] Argument:325 - Argument : PeriphBurstvalue: null
2024-07-02 14:59:30,274 [INFO] Argument:335 - Argument : PeriphBurstvalue: null
2024-07-02 14:59:30,274 [INFO] Argument:325 - Argument : Lockvalue: null
2024-07-02 14:59:30,274 [INFO] Argument:335 - Argument : Lockvalue: null
2024-07-02 14:59:30,274 [INFO] Argument:325 - Argument : Statevalue: null
2024-07-02 14:59:30,274 [INFO] Argument:335 - Argument : Statevalue: null
2024-07-02 14:59:30,274 [INFO] Argument:325 - Argument : Parentvalue: null
2024-07-02 14:59:30,274 [INFO] Argument:335 - Argument : Parentvalue: null
2024-07-02 14:59:30,274 [INFO] Argument:325 - Argument : XferCpltCallbackvalue: null
2024-07-02 14:59:30,274 [INFO] Argument:335 - Argument : XferCpltCallbackvalue: null
2024-07-02 14:59:30,274 [INFO] Argument:325 - Argument : XferHalfCpltCallbackvalue: null
2024-07-02 14:59:30,275 [INFO] Argument:335 - Argument : XferHalfCpltCallbackvalue: null
2024-07-02 14:59:30,275 [INFO] Argument:325 - Argument : XferM1CpltCallbackvalue: null
2024-07-02 14:59:30,275 [INFO] Argument:335 - Argument : XferM1CpltCallbackvalue: null
2024-07-02 14:59:30,275 [INFO] Argument:325 - Argument : XferM1HalfCpltCallbackvalue: null
2024-07-02 14:59:30,275 [INFO] Argument:335 - Argument : XferM1HalfCpltCallbackvalue: null
2024-07-02 14:59:30,275 [INFO] Argument:325 - Argument : XferErrorCallbackvalue: null
2024-07-02 14:59:30,275 [INFO] Argument:335 - Argument : XferErrorCallbackvalue: null
2024-07-02 14:59:30,275 [INFO] Argument:325 - Argument : XferAbortCallbackvalue: null
2024-07-02 14:59:30,275 [INFO] Argument:335 - Argument : XferAbortCallbackvalue: null
2024-07-02 14:59:30,275 [INFO] Argument:325 - Argument : ErrorCodevalue: null
2024-07-02 14:59:30,275 [INFO] Argument:335 - Argument : ErrorCodevalue: null
2024-07-02 14:59:30,275 [INFO] Argument:325 - Argument : StreamBaseAddressvalue: null
2024-07-02 14:59:30,275 [INFO] Argument:335 - Argument : StreamBaseAddressvalue: null
2024-07-02 14:59:30,275 [INFO] Argument:325 - Argument : StreamIndexvalue: null
2024-07-02 14:59:30,275 [INFO] Argument:335 - Argument : StreamIndexvalue: null
2024-07-02 14:59:30,276 [INFO] Argument:325 - Argument : hdmavalue: null
2024-07-02 14:59:30,276 [INFO] Argument:327 - 	 sub Args: 
2024-07-02 14:59:30,276 [INFO] Argument:325 - Argument : Instancevalue: DMA1_Stream1
2024-07-02 14:59:30,276 [INFO] Argument:335 - Argument : Instancevalue: DMA1_Stream1
2024-07-02 14:59:30,276 [INFO] Argument:325 - Argument : Initvalue: null
2024-07-02 14:59:30,276 [INFO] Argument:327 - 	 sub Args: 
2024-07-02 14:59:30,276 [INFO] Argument:325 - Argument : Requestvalue: DMA_REQUEST_USART1_TX
2024-07-02 14:59:30,276 [INFO] Argument:335 - Argument : Requestvalue: DMA_REQUEST_USART1_TX
2024-07-02 14:59:30,276 [INFO] Argument:325 - Argument : Directionvalue: DMA_MEMORY_TO_PERIPH
2024-07-02 14:59:30,276 [INFO] Argument:335 - Argument : Directionvalue: DMA_MEMORY_TO_PERIPH
2024-07-02 14:59:30,276 [INFO] Argument:325 - Argument : PeriphIncvalue: DMA_PINC_DISABLE
2024-07-02 14:59:30,276 [INFO] Argument:335 - Argument : PeriphIncvalue: DMA_PINC_DISABLE
2024-07-02 14:59:30,276 [INFO] Argument:325 - Argument : MemIncvalue: DMA_MINC_ENABLE
2024-07-02 14:59:30,276 [INFO] Argument:335 - Argument : MemIncvalue: DMA_MINC_ENABLE
2024-07-02 14:59:30,276 [INFO] Argument:325 - Argument : PeriphDataAlignmentvalue: DMA_PDATAALIGN_BYTE
2024-07-02 14:59:30,276 [INFO] Argument:335 - Argument : PeriphDataAlignmentvalue: DMA_PDATAALIGN_BYTE
2024-07-02 14:59:30,276 [INFO] Argument:325 - Argument : MemDataAlignmentvalue: DMA_MDATAALIGN_BYTE
2024-07-02 14:59:30,276 [INFO] Argument:335 - Argument : MemDataAlignmentvalue: DMA_MDATAALIGN_BYTE
2024-07-02 14:59:30,276 [INFO] Argument:325 - Argument : Modevalue: DMA_NORMAL
2024-07-02 14:59:30,276 [INFO] Argument:335 - Argument : Modevalue: DMA_NORMAL
2024-07-02 14:59:30,276 [INFO] Argument:325 - Argument : Priorityvalue: DMA_PRIORITY_LOW
2024-07-02 14:59:30,276 [INFO] Argument:335 - Argument : Priorityvalue: DMA_PRIORITY_LOW
2024-07-02 14:59:30,276 [INFO] Argument:325 - Argument : FIFOModevalue: DMA_FIFOMODE_DISABLE
2024-07-02 14:59:30,277 [INFO] Argument:335 - Argument : FIFOModevalue: DMA_FIFOMODE_DISABLE
2024-07-02 14:59:30,277 [INFO] Argument:325 - Argument : FIFOThresholdvalue: null
2024-07-02 14:59:30,277 [INFO] Argument:335 - Argument : FIFOThresholdvalue: null
2024-07-02 14:59:30,277 [INFO] Argument:325 - Argument : MemBurstvalue: null
2024-07-02 14:59:30,277 [INFO] Argument:335 - Argument : MemBurstvalue: null
2024-07-02 14:59:30,277 [INFO] Argument:325 - Argument : PeriphBurstvalue: null
2024-07-02 14:59:30,277 [INFO] Argument:335 - Argument : PeriphBurstvalue: null
2024-07-02 14:59:30,277 [INFO] Argument:325 - Argument : Lockvalue: null
2024-07-02 14:59:30,277 [INFO] Argument:335 - Argument : Lockvalue: null
2024-07-02 14:59:30,277 [INFO] Argument:325 - Argument : Statevalue: null
2024-07-02 14:59:30,277 [INFO] Argument:335 - Argument : Statevalue: null
2024-07-02 14:59:30,277 [INFO] Argument:325 - Argument : Parentvalue: null
2024-07-02 14:59:30,277 [INFO] Argument:335 - Argument : Parentvalue: null
2024-07-02 14:59:30,277 [INFO] Argument:325 - Argument : XferCpltCallbackvalue: null
2024-07-02 14:59:30,277 [INFO] Argument:335 - Argument : XferCpltCallbackvalue: null
2024-07-02 14:59:30,277 [INFO] Argument:325 - Argument : XferHalfCpltCallbackvalue: null
2024-07-02 14:59:30,277 [INFO] Argument:335 - Argument : XferHalfCpltCallbackvalue: null
2024-07-02 14:59:30,277 [INFO] Argument:325 - Argument : XferM1CpltCallbackvalue: null
2024-07-02 14:59:30,277 [INFO] Argument:335 - Argument : XferM1CpltCallbackvalue: null
2024-07-02 14:59:30,277 [INFO] Argument:325 - Argument : XferM1HalfCpltCallbackvalue: null
2024-07-02 14:59:30,277 [INFO] Argument:335 - Argument : XferM1HalfCpltCallbackvalue: null
2024-07-02 14:59:30,277 [INFO] Argument:325 - Argument : XferErrorCallbackvalue: null
2024-07-02 14:59:30,277 [INFO] Argument:335 - Argument : XferErrorCallbackvalue: null
2024-07-02 14:59:30,277 [INFO] Argument:325 - Argument : XferAbortCallbackvalue: null
2024-07-02 14:59:30,277 [INFO] Argument:335 - Argument : XferAbortCallbackvalue: null
2024-07-02 14:59:30,277 [INFO] Argument:325 - Argument : ErrorCodevalue: null
2024-07-02 14:59:30,277 [INFO] Argument:335 - Argument : ErrorCodevalue: null
2024-07-02 14:59:30,277 [INFO] Argument:325 - Argument : StreamBaseAddressvalue: null
2024-07-02 14:59:30,277 [INFO] Argument:335 - Argument : StreamBaseAddressvalue: null
2024-07-02 14:59:30,277 [INFO] Argument:325 - Argument : StreamIndexvalue: null
2024-07-02 14:59:30,277 [INFO] Argument:335 - Argument : StreamIndexvalue: null
2024-07-02 14:59:30,282 [WARN] IP:2120 - DEVICE_SERIAL0_CDC_HS not found: check if there is a RefParameter without a condition.
2024-07-02 14:59:30,282 [WARN] IP:2120 - DEVICE_SERIAL1_CDC_HS not found: check if there is a RefParameter without a condition.
2024-07-02 14:59:30,282 [WARN] IP:2120 - DEVICE_SERIAL2_CDC_HS not found: check if there is a RefParameter without a condition.
2024-07-02 14:59:30,407 [INFO] CodeEngine:255 - oldGeneratedFile, C:\Users\andre\Documents\GitHub\TS_Nucleo\TS_STM-H7\TS_STM-H7\TS_STM-H7\MXTmpFiles\license.tmp_save
2024-07-02 14:59:30,525 [INFO] CodeEngine:279 - Generated code: C:\Users\andre\Documents\GitHub\TS_Nucleo\TS_STM-H7\TS_STM-H7\TS_STM-H7\MXTmpFiles\license.tmp
2024-07-02 14:59:30,646 [INFO] CodeEngine:255 - oldGeneratedFile, C:\Users\andre\Documents\GitHub\TS_Nucleo\TS_STM-H7\TS_STM-H7\TS_STM-H7\MXTmpFiles\gpio.tmp_save
2024-07-02 14:59:30,793 [INFO] CodeEngine:279 - Generated code: C:\Users\andre\Documents\GitHub\TS_Nucleo\TS_STM-H7\TS_STM-H7\TS_STM-H7\MXTmpFiles\gpio.tmp
2024-07-02 14:59:31,062 [INFO] CodeEngine:255 - oldGeneratedFile, C:\Users\andre\Documents\GitHub\TS_Nucleo\TS_STM-H7\TS_STM-H7\TS_STM-H7\MXTmpFiles\usb_otg_hs_vars.tmp_save
2024-07-02 14:59:31,181 [INFO] CodeEngine:279 - Generated code: C:\Users\andre\Documents\GitHub\TS_Nucleo\TS_STM-H7\TS_STM-H7\TS_STM-H7\MXTmpFiles\usb_otg_hs_vars.tmp
2024-07-02 14:59:31,185 [INFO] CodeEngine:255 - oldGeneratedFile, C:\Users\andre\Documents\GitHub\TS_Nucleo\TS_STM-H7\TS_STM-H7\TS_STM-H7\MXTmpFiles\usb_otg_hs_inc.tmp_save
2024-07-02 14:59:31,250 [INFO] CodeEngine:279 - Generated code: C:\Users\andre\Documents\GitHub\TS_Nucleo\TS_STM-H7\TS_STM-H7\TS_STM-H7\MXTmpFiles\usb_otg_hs_inc.tmp
2024-07-02 14:59:31,256 [INFO] CodeEngine:255 - oldGeneratedFile, C:\Users\andre\Documents\GitHub\TS_Nucleo\TS_STM-H7\TS_STM-H7\TS_STM-H7\MXTmpFiles\usb_otg_hs_HalInit.tmp_save
2024-07-02 14:59:31,358 [INFO] CodeEngine:279 - Generated code: C:\Users\andre\Documents\GitHub\TS_Nucleo\TS_STM-H7\TS_STM-H7\TS_STM-H7\MXTmpFiles\usb_otg_hs_HalInit.tmp
2024-07-02 14:59:31,363 [INFO] CodeEngine:255 - oldGeneratedFile, C:\Users\andre\Documents\GitHub\TS_Nucleo\TS_STM-H7\TS_STM-H7\TS_STM-H7\MXTmpFiles\usb_otg_hs_Msp.tmp_save
2024-07-02 14:59:31,467 [INFO] CodeEngine:279 - Generated code: C:\Users\andre\Documents\GitHub\TS_Nucleo\TS_STM-H7\TS_STM-H7\TS_STM-H7\MXTmpFiles\usb_otg_hs_Msp.tmp
2024-07-02 14:59:32,847 [INFO] Middleware:1439 - No code input for Bsp Dependency
2024-07-02 14:59:32,856 [INFO] CodeEngine:255 - oldGeneratedFile, C:\Users\andre\Documents\GitHub\TS_Nucleo\TS_STM-H7\TS_STM-H7\TS_STM-H7\MXTmpFiles\fatfs_HalInit.tmp_save
2024-07-02 14:59:32,948 [INFO] CodeEngine:279 - Generated code: C:\Users\andre\Documents\GitHub\TS_Nucleo\TS_STM-H7\TS_STM-H7\TS_STM-H7\MXTmpFiles\fatfs_HalInit.tmp
2024-07-02 14:59:32,951 [INFO] CodeEngine:255 - oldGeneratedFile, C:\Users\andre\Documents\GitHub\TS_Nucleo\TS_STM-H7\TS_STM-H7\TS_STM-H7\MXTmpFiles\fatfs_vars.tmp_save
2024-07-02 14:59:33,023 [INFO] CodeEngine:279 - Generated code: C:\Users\andre\Documents\GitHub\TS_Nucleo\TS_STM-H7\TS_STM-H7\TS_STM-H7\MXTmpFiles\fatfs_vars.tmp
2024-07-02 14:59:33,028 [INFO] CodeEngine:255 - oldGeneratedFile, C:\Users\andre\Documents\GitHub\TS_Nucleo\TS_STM-H7\TS_STM-H7\TS_STM-H7\MXTmpFiles\fatfs_ext_vars.tmp_save
2024-07-02 14:59:33,089 [INFO] CodeEngine:279 - Generated code: C:\Users\andre\Documents\GitHub\TS_Nucleo\TS_STM-H7\TS_STM-H7\TS_STM-H7\MXTmpFiles\fatfs_ext_vars.tmp
2024-07-02 14:59:33,092 [INFO] CodeEngine:255 - oldGeneratedFile, C:\Users\andre\Documents\GitHub\TS_Nucleo\TS_STM-H7\TS_STM-H7\TS_STM-H7\MXTmpFiles\fatfs_inc.tmp_save
2024-07-02 14:59:33,165 [INFO] CodeEngine:279 - Generated code: C:\Users\andre\Documents\GitHub\TS_Nucleo\TS_STM-H7\TS_STM-H7\TS_STM-H7\MXTmpFiles\fatfs_inc.tmp
2024-07-02 14:59:33,178 [INFO] Middleware:1439 - No code input for Bsp Dependency
2024-07-02 14:59:33,179 [ERROR] SWIPConfigModel:147 - Object (RefParameter) name : DEVICE_SERIAL1_CDC_HS  is not a String or a Boolean
2024-07-02 14:59:33,179 [ERROR] SWIPConfigModel:147 - Object (RefParameter) name : DEVICE_SERIAL2_CDC_HS  is not a String or a Boolean
2024-07-02 14:59:33,179 [ERROR] SWIPConfigModel:147 - Object (RefParameter) name : DEVICE_SERIAL0_CDC_HS  is not a String or a Boolean
2024-07-02 14:59:33,184 [INFO] CodeEngine:255 - oldGeneratedFile, C:\Users\andre\Documents\GitHub\TS_Nucleo\TS_STM-H7\TS_STM-H7\TS_STM-H7\MXTmpFiles\cortex.tmp_save
2024-07-02 14:59:33,283 [INFO] CodeEngine:279 - Generated code: C:\Users\andre\Documents\GitHub\TS_Nucleo\TS_STM-H7\TS_STM-H7\TS_STM-H7\MXTmpFiles\cortex.tmp
2024-07-02 14:59:33,398 [INFO] CodeEngine:255 - oldGeneratedFile, C:\Users\andre\Documents\GitHub\TS_Nucleo\TS_STM-H7\TS_STM-H7\TS_STM-H7\MXTmpFiles\dma.tmp_save
2024-07-02 14:59:33,496 [INFO] CodeEngine:279 - Generated code: C:\Users\andre\Documents\GitHub\TS_Nucleo\TS_STM-H7\TS_STM-H7\TS_STM-H7\MXTmpFiles\dma.tmp
2024-07-02 14:59:33,500 [INFO] CodeEngine:255 - oldGeneratedFile, C:\Users\andre\Documents\GitHub\TS_Nucleo\TS_STM-H7\TS_STM-H7\TS_STM-H7\MXTmpFiles\dma_GV.tmp_save
2024-07-02 14:59:33,565 [INFO] CodeEngine:279 - Generated code: C:\Users\andre\Documents\GitHub\TS_Nucleo\TS_STM-H7\TS_STM-H7\TS_STM-H7\MXTmpFiles\dma_GV.tmp
2024-07-02 14:59:33,569 [INFO] Middleware:1439 - No code input for Bsp Dependency
2024-07-02 14:59:33,579 [INFO] CodeEngine:255 - oldGeneratedFile, C:\Users\andre\Documents\GitHub\TS_Nucleo\TS_STM-H7\TS_STM-H7\TS_STM-H7\MXTmpFiles\fatfs_HalInit.tmp_save
2024-07-02 14:59:33,659 [INFO] CodeEngine:279 - Generated code: C:\Users\andre\Documents\GitHub\TS_Nucleo\TS_STM-H7\TS_STM-H7\TS_STM-H7\MXTmpFiles\fatfs_HalInit.tmp
2024-07-02 14:59:33,667 [INFO] CodeEngine:255 - oldGeneratedFile, C:\Users\andre\Documents\GitHub\TS_Nucleo\TS_STM-H7\TS_STM-H7\TS_STM-H7\MXTmpFiles\fatfs_vars.tmp_save
2024-07-02 14:59:33,727 [INFO] CodeEngine:279 - Generated code: C:\Users\andre\Documents\GitHub\TS_Nucleo\TS_STM-H7\TS_STM-H7\TS_STM-H7\MXTmpFiles\fatfs_vars.tmp
2024-07-02 14:59:33,732 [INFO] CodeEngine:255 - oldGeneratedFile, C:\Users\andre\Documents\GitHub\TS_Nucleo\TS_STM-H7\TS_STM-H7\TS_STM-H7\MXTmpFiles\fatfs_ext_vars.tmp_save
2024-07-02 14:59:33,790 [INFO] CodeEngine:279 - Generated code: C:\Users\andre\Documents\GitHub\TS_Nucleo\TS_STM-H7\TS_STM-H7\TS_STM-H7\MXTmpFiles\fatfs_ext_vars.tmp
2024-07-02 14:59:33,796 [INFO] CodeEngine:255 - oldGeneratedFile, C:\Users\andre\Documents\GitHub\TS_Nucleo\TS_STM-H7\TS_STM-H7\TS_STM-H7\MXTmpFiles\fatfs_inc.tmp_save
2024-07-02 14:59:33,854 [INFO] CodeEngine:279 - Generated code: C:\Users\andre\Documents\GitHub\TS_Nucleo\TS_STM-H7\TS_STM-H7\TS_STM-H7\MXTmpFiles\fatfs_inc.tmp
2024-07-02 14:59:33,874 [INFO] CodeEngine:255 - oldGeneratedFile, C:\Users\andre\Documents\GitHub\TS_Nucleo\TS_STM-H7\TS_STM-H7\TS_STM-H7\FATFS\Target\ffconf.h_save
2024-07-02 14:59:33,990 [INFO] CodeEngine:279 - Generated code: C:\Users\andre\Documents\GitHub\TS_Nucleo\TS_STM-H7\TS_STM-H7\TS_STM-H7\FATFS\Target\ffconf.h
2024-07-02 14:59:34,005 [INFO] CodeEngine:255 - oldGeneratedFile, C:\Users\andre\Documents\GitHub\TS_Nucleo\TS_STM-H7\TS_STM-H7\TS_STM-H7\FATFS\Target\user_diskio.c_save
2024-07-02 14:59:34,098 [INFO] CodeEngine:279 - Generated code: C:\Users\andre\Documents\GitHub\TS_Nucleo\TS_STM-H7\TS_STM-H7\TS_STM-H7\FATFS\Target\user_diskio.c
2024-07-02 14:59:34,111 [INFO] CodeEngine:255 - oldGeneratedFile, C:\Users\andre\Documents\GitHub\TS_Nucleo\TS_STM-H7\TS_STM-H7\TS_STM-H7\FATFS\Target\user_diskio.h_save
2024-07-02 14:59:34,184 [INFO] CodeEngine:279 - Generated code: C:\Users\andre\Documents\GitHub\TS_Nucleo\TS_STM-H7\TS_STM-H7\TS_STM-H7\FATFS\Target\user_diskio.h
2024-07-02 14:59:34,200 [INFO] CodeEngine:255 - oldGeneratedFile, C:\Users\andre\Documents\GitHub\TS_Nucleo\TS_STM-H7\TS_STM-H7\TS_STM-H7\FATFS\App\fatfs.c_save
2024-07-02 14:59:34,284 [INFO] CodeEngine:279 - Generated code: C:\Users\andre\Documents\GitHub\TS_Nucleo\TS_STM-H7\TS_STM-H7\TS_STM-H7\FATFS\App\fatfs.c
2024-07-02 14:59:34,299 [INFO] CodeEngine:255 - oldGeneratedFile, C:\Users\andre\Documents\GitHub\TS_Nucleo\TS_STM-H7\TS_STM-H7\TS_STM-H7\FATFS\App\fatfs.h_save
2024-07-02 14:59:34,381 [INFO] CodeEngine:279 - Generated code: C:\Users\andre\Documents\GitHub\TS_Nucleo\TS_STM-H7\TS_STM-H7\TS_STM-H7\FATFS\App\fatfs.h
2024-07-02 14:59:34,392 [INFO] Middleware:1439 - No code input for Bsp Dependency
2024-07-02 14:59:34,393 [ERROR] SWIPConfigModel:147 - Object (RefParameter) name : DEVICE_SERIAL1_CDC_HS  is not a String or a Boolean
2024-07-02 14:59:34,393 [ERROR] SWIPConfigModel:147 - Object (RefParameter) name : DEVICE_SERIAL2_CDC_HS  is not a String or a Boolean
2024-07-02 14:59:34,393 [ERROR] SWIPConfigModel:147 - Object (RefParameter) name : DEVICE_SERIAL0_CDC_HS  is not a String or a Boolean
2024-07-02 14:59:34,415 [INFO] CodeEngine:255 - oldGeneratedFile, C:\Users\andre\Documents\GitHub\TS_Nucleo\TS_STM-H7\TS_STM-H7\TS_STM-H7\USB_DEVICE\App\usb_device.c_save
2024-07-02 14:59:34,526 [INFO] CodeEngine:279 - Generated code: C:\Users\andre\Documents\GitHub\TS_Nucleo\TS_STM-H7\TS_STM-H7\TS_STM-H7\USB_DEVICE\App\usb_device.c
2024-07-02 14:59:34,542 [INFO] CodeEngine:255 - oldGeneratedFile, C:\Users\andre\Documents\GitHub\TS_Nucleo\TS_STM-H7\TS_STM-H7\TS_STM-H7\USB_DEVICE\App\usb_device.h_save
2024-07-02 14:59:34,617 [INFO] CodeEngine:279 - Generated code: C:\Users\andre\Documents\GitHub\TS_Nucleo\TS_STM-H7\TS_STM-H7\TS_STM-H7\USB_DEVICE\App\usb_device.h
2024-07-02 14:59:34,625 [INFO] CodeEngine:255 - oldGeneratedFile, C:\Users\andre\Documents\GitHub\TS_Nucleo\TS_STM-H7\TS_STM-H7\TS_STM-H7\USB_DEVICE\Target\usbd_conf.h_save
2024-07-02 14:59:34,709 [INFO] CodeEngine:279 - Generated code: C:\Users\andre\Documents\GitHub\TS_Nucleo\TS_STM-H7\TS_STM-H7\TS_STM-H7\USB_DEVICE\Target\usbd_conf.h
2024-07-02 14:59:34,722 [INFO] CodeEngine:255 - oldGeneratedFile, C:\Users\andre\Documents\GitHub\TS_Nucleo\TS_STM-H7\TS_STM-H7\TS_STM-H7\USB_DEVICE\Target\usbd_conf.c_save
2024-07-02 14:59:34,825 [INFO] CodeEngine:279 - Generated code: C:\Users\andre\Documents\GitHub\TS_Nucleo\TS_STM-H7\TS_STM-H7\TS_STM-H7\USB_DEVICE\Target\usbd_conf.c
2024-07-02 14:59:34,841 [INFO] CodeEngine:255 - oldGeneratedFile, C:\Users\andre\Documents\GitHub\TS_Nucleo\TS_STM-H7\TS_STM-H7\TS_STM-H7\USB_DEVICE\App\usbd_desc.h_save
2024-07-02 14:59:34,931 [INFO] CodeEngine:279 - Generated code: C:\Users\andre\Documents\GitHub\TS_Nucleo\TS_STM-H7\TS_STM-H7\TS_STM-H7\USB_DEVICE\App\usbd_desc.h
2024-07-02 14:59:34,948 [INFO] CodeEngine:255 - oldGeneratedFile, C:\Users\andre\Documents\GitHub\TS_Nucleo\TS_STM-H7\TS_STM-H7\TS_STM-H7\USB_DEVICE\App\usbd_desc.c_save
2024-07-02 14:59:35,078 [INFO] CodeEngine:279 - Generated code: C:\Users\andre\Documents\GitHub\TS_Nucleo\TS_STM-H7\TS_STM-H7\TS_STM-H7\USB_DEVICE\App\usbd_desc.c
2024-07-02 14:59:35,104 [INFO] CodeEngine:255 - oldGeneratedFile, C:\Users\andre\Documents\GitHub\TS_Nucleo\TS_STM-H7\TS_STM-H7\TS_STM-H7\USB_DEVICE\App\usbd_cdc_if.h_save
2024-07-02 14:59:35,208 [INFO] CodeEngine:279 - Generated code: C:\Users\andre\Documents\GitHub\TS_Nucleo\TS_STM-H7\TS_STM-H7\TS_STM-H7\USB_DEVICE\App\usbd_cdc_if.h
2024-07-02 14:59:35,227 [INFO] CodeEngine:255 - oldGeneratedFile, C:\Users\andre\Documents\GitHub\TS_Nucleo\TS_STM-H7\TS_STM-H7\TS_STM-H7\USB_DEVICE\App\usbd_cdc_if.c_save
2024-07-02 14:59:35,360 [INFO] CodeEngine:279 - Generated code: C:\Users\andre\Documents\GitHub\TS_Nucleo\TS_STM-H7\TS_STM-H7\TS_STM-H7\USB_DEVICE\App\usbd_cdc_if.c
2024-07-02 14:59:35,418 [INFO] CodeEngine:255 - oldGeneratedFile, C:\Users\andre\Documents\GitHub\TS_Nucleo\TS_STM-H7\TS_STM-H7\TS_STM-H7\Core\Src\stm32h7xx_it.c_save
2024-07-02 14:59:35,677 [INFO] CodeEngine:279 - Generated code: C:\Users\andre\Documents\GitHub\TS_Nucleo\TS_STM-H7\TS_STM-H7\TS_STM-H7\Core\Src\stm32h7xx_it.c
2024-07-02 14:59:35,702 [INFO] CodeEngine:255 - oldGeneratedFile, C:\Users\andre\Documents\GitHub\TS_Nucleo\TS_STM-H7\TS_STM-H7\TS_STM-H7\Core\Inc\stm32h7xx_it.h_save
2024-07-02 14:59:35,810 [INFO] CodeEngine:279 - Generated code: C:\Users\andre\Documents\GitHub\TS_Nucleo\TS_STM-H7\TS_STM-H7\TS_STM-H7\Core\Inc\stm32h7xx_it.h
2024-07-02 14:59:36,030 [INFO] CodeEngine:255 - oldGeneratedFile, C:\Users\andre\Documents\GitHub\TS_Nucleo\TS_STM-H7\TS_STM-H7\TS_STM-H7\Core\Src\stm32h7xx_hal_msp.c_save
2024-07-02 14:59:36,166 [INFO] CodeEngine:279 - Generated code: C:\Users\andre\Documents\GitHub\TS_Nucleo\TS_STM-H7\TS_STM-H7\TS_STM-H7\Core\Src\stm32h7xx_hal_msp.c
2024-07-02 14:59:36,172 [INFO] CodeEngine:255 - oldGeneratedFile, C:\Users\andre\Documents\GitHub\TS_Nucleo\TS_STM-H7\TS_STM-H7\TS_STM-H7\MXTmpFiles\system.tmp_save
2024-07-02 14:59:36,241 [INFO] CodeEngine:279 - Generated code: C:\Users\andre\Documents\GitHub\TS_Nucleo\TS_STM-H7\TS_STM-H7\TS_STM-H7\MXTmpFiles\system.tmp
2024-07-02 14:59:36,264 [INFO] CodeEngine:311 - oldGeneratedFile, C:\Users\andre\Documents\GitHub\TS_Nucleo\TS_STM-H7\TS_STM-H7\TS_STM-H7\Core\Inc\stm32h7xx_hal_conf.h_save
2024-07-02 14:59:36,368 [INFO] CodeEngine:335 - Generated code: C:\Users\andre\Documents\GitHub\TS_Nucleo\TS_STM-H7\TS_STM-H7\TS_STM-H7\Core\Inc\stm32h7xx_hal_conf.h
2024-07-02 14:59:36,409 [WARN] IPConfigManager:3513 - IP not found : TIM
2024-07-02 14:59:36,409 [WARN] CodeGenerator:3951 - IP not found : null
2024-07-02 14:59:36,431 [INFO] CodeEngine:255 - oldGeneratedFile, C:\Users\andre\Documents\GitHub\TS_Nucleo\TS_STM-H7\TS_STM-H7\TS_STM-H7\Core\Inc\main.h_save
2024-07-02 14:59:36,539 [INFO] CodeEngine:279 - Generated code: C:\Users\andre\Documents\GitHub\TS_Nucleo\TS_STM-H7\TS_STM-H7\TS_STM-H7\Core\Inc\main.h
2024-07-02 14:59:36,557 [INFO] CodeEngine:255 - oldGeneratedFile, C:\Users\andre\Documents\GitHub\TS_Nucleo\TS_STM-H7\TS_STM-H7\TS_STM-H7\Core\Src\main.c_save
2024-07-02 14:59:36,715 [INFO] CodeEngine:279 - Generated code: C:\Users\andre\Documents\GitHub\TS_Nucleo\TS_STM-H7\TS_STM-H7\TS_STM-H7\Core\Src\main.c
2024-07-02 14:59:37,201 [INFO] ProjectBuilder:3163 - Time for Copy HAL[1] : 275mS.
2024-07-02 14:59:37,212 [INFO] ProjectBuilder:4736 - Project Generator version: 4.3.0-B58
2024-07-02 14:59:37,309 [INFO] ConfigFileManager:1503 - The Die is : DIE483
2024-07-02 14:59:38,586 [INFO] ProjectBuilder:5002 - Time for Generating toolchain IDE Files: 1374mS.
2024-07-02 14:59:38,587 [INFO] ProjectBuilder:3034 - Time for Copy CMSIS : 1mS.
2024-07-02 14:59:38,592 [INFO] ProjectBuilder:3034 - Time for Copy CMSIS : 0mS.
2024-07-02 15:00:50,376 [ERROR] LogOutputStream:75 - [STDERR_REDIRECT] java.lang.Error: no ComponentUI class for: com.st.microxplorer.plugins.ip.nvic.CheckBoxHeader[,0,0,0x0,invalid,alignmentX=0.0,alignmentY=0.0,border=,flags=0,maximumSize=,minimumSize=,preferredSize=,defaultIcon=,disabledIcon=,disabledSelectedIcon=,margin=null,paintBorder=true,paintFocus=true,pressedIcon=,rolloverEnabled=false,rolloverIcon=,rolloverSelectedIcon=,selectedIcon=,text=]
2024-07-02 15:00:50,378 [ERROR] LogOutputStream:75 - [STDERR_REDIRECT] 	at java.desktop/javax.swing.UIDefaults.getUIError(UIDefaults.java:763)
2024-07-02 15:00:50,379 [ERROR] LogOutputStream:75 - [STDERR_REDIRECT] 	at java.desktop/javax.swing.MultiUIDefaults.getUIError(MultiUIDefaults.java:144)
2024-07-02 15:00:50,379 [ERROR] LogOutputStream:75 - [STDERR_REDIRECT] 	at java.desktop/javax.swing.UIDefaults.getUI(UIDefaults.java:793)
2024-07-02 15:00:50,380 [ERROR] LogOutputStream:75 - [STDERR_REDIRECT] 	at java.desktop/javax.swing.UIManager.getUI(UIManager.java:1073)
2024-07-02 15:00:50,381 [ERROR] LogOutputStream:75 - [STDERR_REDIRECT] 	at java.desktop/javax.swing.JCheckBox.updateUI(JCheckBox.java:228)
2024-07-02 15:00:50,382 [ERROR] LogOutputStream:75 - [STDERR_REDIRECT] 	at java.desktop/javax.swing.AbstractButton.init(AbstractButton.java:2141)
2024-07-02 15:00:50,382 [ERROR] LogOutputStream:75 - [STDERR_REDIRECT] 	at java.desktop/javax.swing.JToggleButton.<init>(JToggleButton.java:187)
2024-07-02 15:00:50,383 [ERROR] LogOutputStream:75 - [STDERR_REDIRECT] 	at java.desktop/javax.swing.JCheckBox.<init>(JCheckBox.java:176)
2024-07-02 15:00:50,384 [ERROR] LogOutputStream:75 - [STDERR_REDIRECT] 	at java.desktop/javax.swing.JCheckBox.<init>(JCheckBox.java:97)
2024-07-02 15:00:50,385 [ERROR] LogOutputStream:75 - [STDERR_REDIRECT] 	at com.st.microxplorer.plugins.ip.nvic.CheckBoxHeader.<init>(CheckBoxHeader.java:55)
2024-07-02 15:00:50,388 [ERROR] LogOutputStream:75 - [STDERR_REDIRECT] 	at com.st.microxplorer.plugins.ip.nvic.NvicCodeSelectionTable.<init>(NvicCodeSelectionTable.java:75)
2024-07-02 15:00:50,390 [ERROR] LogOutputStream:75 - [STDERR_REDIRECT] 	at com.st.microxplorer.plugins.ip.nvic.NvicCodePanel.initComponents(NvicCodePanel.java:102)
2024-07-02 15:00:50,391 [ERROR] LogOutputStream:75 - [STDERR_REDIRECT] 	at com.st.microxplorer.plugins.ip.nvic.NvicCodePanel.<init>(NvicCodePanel.java:78)
2024-07-02 15:00:50,392 [ERROR] LogOutputStream:75 - [STDERR_REDIRECT] 	at com.st.microxplorer.plugins.ip.nvic.NvicTabbedPanel.<init>(NvicTabbedPanel.java:57)
2024-07-02 15:00:50,393 [ERROR] LogOutputStream:75 - [STDERR_REDIRECT] 	at com.st.microxplorer.plugins.ip.nvic.Nvic.getUI(Nvic.java:73)
2024-07-02 15:00:50,394 [ERROR] LogOutputStream:75 - [STDERR_REDIRECT] 	at com.st.microxplorer.plugins.ipmanager.gui.BlockDiagram.createIpPanel(BlockDiagram.java:422)
2024-07-02 15:00:50,395 [ERROR] LogOutputStream:75 - [STDERR_REDIRECT] 	at com.st.microxplorer.plugins.ipmanager.gui.BlockDiagram.getIPConfigPanel(BlockDiagram.java:560)
2024-07-02 15:00:50,396 [ERROR] LogOutputStream:75 - [STDERR_REDIRECT] 	at com.st.microxplorer.plugins.ipmanager.gui.BlockDiagram.getIPConfigPanel(BlockDiagram.java:466)
2024-07-02 15:00:50,396 [ERROR] LogOutputStream:75 - [STDERR_REDIRECT] 	at com.st.microxplorer.plugins.ipmanager.gui.BlockDiagram.propertyChange(BlockDiagram.java:1390)
2024-07-02 15:00:50,397 [ERROR] LogOutputStream:75 - [STDERR_REDIRECT] 	at java.desktop/java.beans.PropertyChangeSupport.fire(PropertyChangeSupport.java:343)
2024-07-02 15:00:50,412 [ERROR] LogOutputStream:75 - [STDERR_REDIRECT] 	at java.desktop/java.beans.PropertyChangeSupport.firePropertyChange(PropertyChangeSupport.java:335)
2024-07-02 15:00:50,415 [ERROR] LogOutputStream:75 - [STDERR_REDIRECT] 	at java.desktop/java.beans.PropertyChangeSupport.firePropertyChange(PropertyChangeSupport.java:268)
2024-07-02 15:00:50,416 [ERROR] LogOutputStream:75 - [STDERR_REDIRECT] 	at com.st.microxplorer.util.MXPropertyChangeSupport.firePropertyChange(MXPropertyChangeSupport.java:54)
2024-07-02 15:00:50,417 [ERROR] LogOutputStream:75 - [STDERR_REDIRECT] 	at com.st.microxplorer.mxsystem.MxSystem.firePropertyChange(MxSystem.java:358)
2024-07-02 15:00:50,420 [ERROR] LogOutputStream:75 - [STDERR_REDIRECT] 	at com.st.microxplorer.plugins.pinoutconfig.guiV5.PeripheralsSelectionPanel.selectIP(PeripheralsSelectionPanel.java:409)
2024-07-02 15:00:50,423 [ERROR] LogOutputStream:75 - [STDERR_REDIRECT] 	at com.st.microxplorer.plugins.pinoutconfig.guiV5.PeripheralsListListener.mouseClicked(PeripheralsListListener.java:103)
2024-07-02 15:00:50,424 [ERROR] LogOutputStream:75 - [STDERR_REDIRECT] 	at java.desktop/java.awt.AWTEventMulticaster.mouseClicked(AWTEventMulticaster.java:278)
2024-07-02 15:00:50,425 [ERROR] LogOutputStream:75 - [STDERR_REDIRECT] 	at java.desktop/java.awt.AWTEventMulticaster.mouseClicked(AWTEventMulticaster.java:277)
2024-07-02 15:00:50,426 [ERROR] LogOutputStream:75 - [STDERR_REDIRECT] 	at java.desktop/java.awt.AWTEventMulticaster.mouseClicked(AWTEventMulticaster.java:277)
2024-07-02 15:00:50,427 [ERROR] LogOutputStream:75 - [STDERR_REDIRECT] 	at java.desktop/java.awt.AWTEventMulticaster.mouseClicked(AWTEventMulticaster.java:277)
2024-07-02 15:00:50,428 [ERROR] LogOutputStream:75 - [STDERR_REDIRECT] 	at java.desktop/java.awt.AWTEventMulticaster.mouseClicked(AWTEventMulticaster.java:277)
2024-07-02 15:00:50,429 [ERROR] LogOutputStream:75 - [STDERR_REDIRECT] 	at java.desktop/java.awt.AWTEventMulticaster.mouseClicked(AWTEventMulticaster.java:277)
2024-07-02 15:00:50,430 [ERROR] LogOutputStream:75 - [STDERR_REDIRECT] 	at java.desktop/java.awt.AWTEventMulticaster.mouseClicked(AWTEventMulticaster.java:277)
2024-07-02 15:00:50,432 [ERROR] LogOutputStream:75 - [STDERR_REDIRECT] 	at java.desktop/java.awt.AWTEventMulticaster.mouseClicked(AWTEventMulticaster.java:277)
2024-07-02 15:00:50,433 [ERROR] LogOutputStream:75 - [STDERR_REDIRECT] 	at java.desktop/java.awt.AWTEventMulticaster.mouseClicked(AWTEventMulticaster.java:277)
2024-07-02 15:00:50,434 [ERROR] LogOutputStream:75 - [STDERR_REDIRECT] 	at java.desktop/java.awt.AWTEventMulticaster.mouseClicked(AWTEventMulticaster.java:277)
2024-07-02 15:00:50,435 [ERROR] LogOutputStream:75 - [STDERR_REDIRECT] 	at java.desktop/java.awt.AWTEventMulticaster.mouseClicked(AWTEventMulticaster.java:277)
2024-07-02 15:00:50,437 [ERROR] LogOutputStream:75 - [STDERR_REDIRECT] 	at java.desktop/java.awt.AWTEventMulticaster.mouseClicked(AWTEventMulticaster.java:277)
2024-07-02 15:00:50,438 [ERROR] LogOutputStream:75 - [STDERR_REDIRECT] 	at java.desktop/java.awt.AWTEventMulticaster.mouseClicked(AWTEventMulticaster.java:277)
2024-07-02 15:00:50,440 [ERROR] LogOutputStream:75 - [STDERR_REDIRECT] 	at java.desktop/java.awt.AWTEventMulticaster.mouseClicked(AWTEventMulticaster.java:277)
2024-07-02 15:00:50,441 [ERROR] LogOutputStream:75 - [STDERR_REDIRECT] 	at java.desktop/java.awt.AWTEventMulticaster.mouseClicked(AWTEventMulticaster.java:277)
2024-07-02 15:00:50,442 [ERROR] LogOutputStream:75 - [STDERR_REDIRECT] 	at java.desktop/java.awt.Component.processMouseEvent(Component.java:6629)
2024-07-02 15:00:50,443 [ERROR] LogOutputStream:75 - [STDERR_REDIRECT] 	at java.desktop/javax.swing.JComponent.processMouseEvent(JComponent.java:3389)
2024-07-02 15:00:50,444 [ERROR] LogOutputStream:75 - [STDERR_REDIRECT] 	at java.desktop/java.awt.Component.processEvent(Component.java:6391)
2024-07-02 15:00:50,444 [ERROR] LogOutputStream:75 - [STDERR_REDIRECT] 	at java.desktop/java.awt.Container.processEvent(Container.java:2266)
2024-07-02 15:00:50,445 [ERROR] LogOutputStream:75 - [STDERR_REDIRECT] 	at java.desktop/java.awt.Component.dispatchEventImpl(Component.java:5001)
2024-07-02 15:00:50,446 [ERROR] LogOutputStream:75 - [STDERR_REDIRECT] 	at java.desktop/java.awt.Container.dispatchEventImpl(Container.java:2324)
2024-07-02 15:00:50,447 [ERROR] LogOutputStream:75 - [STDERR_REDIRECT] 	at java.desktop/java.awt.Component.dispatchEvent(Component.java:4833)
2024-07-02 15:00:50,448 [ERROR] LogOutputStream:75 - [STDERR_REDIRECT] 	at java.desktop/java.awt.LightweightDispatcher.retargetMouseEvent(Container.java:4948)
2024-07-02 15:00:50,449 [ERROR] LogOutputStream:75 - [STDERR_REDIRECT] 	at java.desktop/java.awt.LightweightDispatcher.processMouseEvent(Container.java:4584)
2024-07-02 15:00:50,450 [ERROR] LogOutputStream:75 - [STDERR_REDIRECT] 	at java.desktop/java.awt.LightweightDispatcher.dispatchEvent(Container.java:4516)
2024-07-02 15:00:50,450 [ERROR] LogOutputStream:75 - [STDERR_REDIRECT] 	at java.desktop/java.awt.Container.dispatchEventImpl(Container.java:2310)
2024-07-02 15:00:50,451 [ERROR] LogOutputStream:75 - [STDERR_REDIRECT] 	at java.desktop/java.awt.Component.dispatchEvent(Component.java:4833)
2024-07-02 15:00:50,452 [ERROR] LogOutputStream:75 - [STDERR_REDIRECT] 	at java.desktop/java.awt.EventQueue.dispatchEventImpl(EventQueue.java:775)
2024-07-02 15:00:50,453 [ERROR] LogOutputStream:75 - [STDERR_REDIRECT] 	at java.desktop/java.awt.EventQueue$4.run(EventQueue.java:720)
2024-07-02 15:00:50,454 [ERROR] LogOutputStream:75 - [STDERR_REDIRECT] 	at java.desktop/java.awt.EventQueue$4.run(EventQueue.java:714)
2024-07-02 15:00:50,456 [ERROR] LogOutputStream:75 - [STDERR_REDIRECT] 	at java.base/java.security.AccessController.doPrivileged(AccessController.java:399)
2024-07-02 15:00:50,458 [ERROR] LogOutputStream:75 - [STDERR_REDIRECT] 	at java.base/java.security.ProtectionDomain$JavaSecurityAccessImpl.doIntersectionPrivilege(ProtectionDomain.java:86)
2024-07-02 15:00:50,459 [ERROR] LogOutputStream:75 - [STDERR_REDIRECT] 	at java.base/java.security.ProtectionDomain$JavaSecurityAccessImpl.doIntersectionPrivilege(ProtectionDomain.java:97)
2024-07-02 15:00:50,459 [ERROR] LogOutputStream:75 - [STDERR_REDIRECT] 	at java.desktop/java.awt.EventQueue$5.run(EventQueue.java:747)
2024-07-02 15:00:50,460 [ERROR] LogOutputStream:75 - [STDERR_REDIRECT] 	at java.desktop/java.awt.EventQueue$5.run(EventQueue.java:745)
2024-07-02 15:00:50,461 [ERROR] LogOutputStream:75 - [STDERR_REDIRECT] 	at java.base/java.security.AccessController.doPrivileged(AccessController.java:399)
2024-07-02 15:00:50,462 [ERROR] LogOutputStream:75 - [STDERR_REDIRECT] 	at java.base/java.security.ProtectionDomain$JavaSecurityAccessImpl.doIntersectionPrivilege(ProtectionDomain.java:86)
2024-07-02 15:00:50,463 [ERROR] LogOutputStream:75 - [STDERR_REDIRECT] 	at java.desktop/java.awt.EventQueue.dispatchEvent(EventQueue.java:744)
2024-07-02 15:00:50,464 [ERROR] LogOutputStream:75 - [STDERR_REDIRECT] 	at java.desktop/java.awt.EventDispatchThread.pumpOneEventForFilters(EventDispatchThread.java:203)
2024-07-02 15:00:50,465 [ERROR] LogOutputStream:75 - [STDERR_REDIRECT] 	at java.desktop/java.awt.EventDispatchThread.pumpEventsForFilter(EventDispatchThread.java:124)
2024-07-02 15:00:50,466 [ERROR] LogOutputStream:75 - [STDERR_REDIRECT] 	at java.desktop/java.awt.EventDispatchThread.pumpEventsForHierarchy(EventDispatchThread.java:113)
2024-07-02 15:00:50,467 [ERROR] LogOutputStream:75 - [STDERR_REDIRECT] 	at java.desktop/java.awt.EventDispatchThread.pumpEvents(EventDispatchThread.java:109)
2024-07-02 15:00:50,467 [ERROR] LogOutputStream:75 - [STDERR_REDIRECT] 	at java.desktop/java.awt.EventDispatchThread.pumpEvents(EventDispatchThread.java:101)
2024-07-02 15:00:50,469 [ERROR] LogOutputStream:75 - [STDERR_REDIRECT] 	at java.desktop/java.awt.EventDispatchThread.run(EventDispatchThread.java:90)
2024-07-02 15:00:50,476 [ERROR] LogOutputStream:75 - [STDERR_REDIRECT] java.lang.Error: no ComponentUI class for: com.st.microxplorer.plugins.ip.nvic.CheckBoxHeader[,0,0,0x0,invalid,alignmentX=0.0,alignmentY=0.0,border=,flags=0,maximumSize=,minimumSize=,preferredSize=,defaultIcon=,disabledIcon=,disabledSelectedIcon=,margin=null,paintBorder=true,paintFocus=true,pressedIcon=,rolloverEnabled=false,rolloverIcon=,rolloverSelectedIcon=,selectedIcon=,text=]
2024-07-02 15:00:50,477 [ERROR] LogOutputStream:75 - [STDERR_REDIRECT] 	at java.desktop/javax.swing.UIDefaults.getUIError(UIDefaults.java:763)
2024-07-02 15:00:50,478 [ERROR] LogOutputStream:75 - [STDERR_REDIRECT] 	at java.desktop/javax.swing.MultiUIDefaults.getUIError(MultiUIDefaults.java:144)
2024-07-02 15:00:50,479 [ERROR] LogOutputStream:75 - [STDERR_REDIRECT] 	at java.desktop/javax.swing.UIDefaults.getUI(UIDefaults.java:793)
2024-07-02 15:00:50,480 [ERROR] LogOutputStream:75 - [STDERR_REDIRECT] 	at java.desktop/javax.swing.UIManager.getUI(UIManager.java:1073)
2024-07-02 15:00:50,480 [ERROR] LogOutputStream:75 - [STDERR_REDIRECT] 	at java.desktop/javax.swing.JCheckBox.updateUI(JCheckBox.java:228)
2024-07-02 15:00:50,481 [ERROR] LogOutputStream:75 - [STDERR_REDIRECT] 	at java.desktop/javax.swing.AbstractButton.init(AbstractButton.java:2141)
2024-07-02 15:00:50,482 [ERROR] LogOutputStream:75 - [STDERR_REDIRECT] 	at java.desktop/javax.swing.JToggleButton.<init>(JToggleButton.java:187)
2024-07-02 15:00:50,483 [ERROR] LogOutputStream:75 - [STDERR_REDIRECT] 	at java.desktop/javax.swing.JCheckBox.<init>(JCheckBox.java:176)
2024-07-02 15:00:50,484 [ERROR] LogOutputStream:75 - [STDERR_REDIRECT] 	at java.desktop/javax.swing.JCheckBox.<init>(JCheckBox.java:97)
2024-07-02 15:00:50,484 [ERROR] LogOutputStream:75 - [STDERR_REDIRECT] 	at com.st.microxplorer.plugins.ip.nvic.CheckBoxHeader.<init>(CheckBoxHeader.java:55)
2024-07-02 15:00:50,488 [ERROR] LogOutputStream:75 - [STDERR_REDIRECT] 	at com.st.microxplorer.plugins.ip.nvic.NvicCodeSelectionTable.<init>(NvicCodeSelectionTable.java:78)
2024-07-02 15:00:50,490 [ERROR] LogOutputStream:75 - [STDERR_REDIRECT] 	at com.st.microxplorer.plugins.ip.nvic.NvicCodePanel.initComponents(NvicCodePanel.java:102)
2024-07-02 15:00:50,491 [ERROR] LogOutputStream:75 - [STDERR_REDIRECT] 	at com.st.microxplorer.plugins.ip.nvic.NvicCodePanel.<init>(NvicCodePanel.java:78)
2024-07-02 15:00:50,492 [ERROR] LogOutputStream:75 - [STDERR_REDIRECT] 	at com.st.microxplorer.plugins.ip.nvic.NvicTabbedPanel.<init>(NvicTabbedPanel.java:57)
2024-07-02 15:00:50,492 [ERROR] LogOutputStream:75 - [STDERR_REDIRECT] 	at com.st.microxplorer.plugins.ip.nvic.Nvic.getUI(Nvic.java:73)
2024-07-02 15:00:50,493 [ERROR] LogOutputStream:75 - [STDERR_REDIRECT] 	at com.st.microxplorer.plugins.ipmanager.gui.BlockDiagram.createIpPanel(BlockDiagram.java:422)
2024-07-02 15:00:50,495 [ERROR] LogOutputStream:75 - [STDERR_REDIRECT] 	at com.st.microxplorer.plugins.ipmanager.gui.BlockDiagram.getIPConfigPanel(BlockDiagram.java:560)
2024-07-02 15:00:50,496 [ERROR] LogOutputStream:75 - [STDERR_REDIRECT] 	at com.st.microxplorer.plugins.ipmanager.gui.BlockDiagram.getIPConfigPanel(BlockDiagram.java:466)
2024-07-02 15:00:50,497 [ERROR] LogOutputStream:75 - [STDERR_REDIRECT] 	at com.st.microxplorer.plugins.ipmanager.gui.BlockDiagram.propertyChange(BlockDiagram.java:1390)
2024-07-02 15:00:50,498 [ERROR] LogOutputStream:75 - [STDERR_REDIRECT] 	at java.desktop/java.beans.PropertyChangeSupport.fire(PropertyChangeSupport.java:343)
2024-07-02 15:00:50,499 [ERROR] LogOutputStream:75 - [STDERR_REDIRECT] 	at java.desktop/java.beans.PropertyChangeSupport.firePropertyChange(PropertyChangeSupport.java:335)
2024-07-02 15:00:50,499 [ERROR] LogOutputStream:75 - [STDERR_REDIRECT] 	at java.desktop/java.beans.PropertyChangeSupport.firePropertyChange(PropertyChangeSupport.java:268)
2024-07-02 15:00:50,500 [ERROR] LogOutputStream:75 - [STDERR_REDIRECT] 	at com.st.microxplorer.util.MXPropertyChangeSupport.firePropertyChange(MXPropertyChangeSupport.java:54)
2024-07-02 15:00:50,502 [ERROR] LogOutputStream:75 - [STDERR_REDIRECT] 	at com.st.microxplorer.mxsystem.MxSystem.firePropertyChange(MxSystem.java:358)
2024-07-02 15:00:50,505 [ERROR] LogOutputStream:75 - [STDERR_REDIRECT] 	at com.st.microxplorer.plugins.pinoutconfig.guiV5.PeripheralsSelectionPanel.selectIP(PeripheralsSelectionPanel.java:409)
2024-07-02 15:00:50,507 [ERROR] LogOutputStream:75 - [STDERR_REDIRECT] 	at com.st.microxplorer.plugins.pinoutconfig.guiV5.PeripheralsListListener.mouseClicked(PeripheralsListListener.java:103)
2024-07-02 15:00:50,508 [ERROR] LogOutputStream:75 - [STDERR_REDIRECT] 	at java.desktop/java.awt.AWTEventMulticaster.mouseClicked(AWTEventMulticaster.java:278)
2024-07-02 15:00:50,509 [ERROR] LogOutputStream:75 - [STDERR_REDIRECT] 	at java.desktop/java.awt.AWTEventMulticaster.mouseClicked(AWTEventMulticaster.java:277)
2024-07-02 15:00:50,511 [ERROR] LogOutputStream:75 - [STDERR_REDIRECT] 	at java.desktop/java.awt.AWTEventMulticaster.mouseClicked(AWTEventMulticaster.java:277)
2024-07-02 15:00:50,511 [ERROR] LogOutputStream:75 - [STDERR_REDIRECT] 	at java.desktop/java.awt.AWTEventMulticaster.mouseClicked(AWTEventMulticaster.java:277)
2024-07-02 15:00:50,512 [ERROR] LogOutputStream:75 - [STDERR_REDIRECT] 	at java.desktop/java.awt.AWTEventMulticaster.mouseClicked(AWTEventMulticaster.java:277)
2024-07-02 15:00:50,513 [ERROR] LogOutputStream:75 - [STDERR_REDIRECT] 	at java.desktop/java.awt.AWTEventMulticaster.mouseClicked(AWTEventMulticaster.java:277)
2024-07-02 15:00:50,514 [ERROR] LogOutputStream:75 - [STDERR_REDIRECT] 	at java.desktop/java.awt.AWTEventMulticaster.mouseClicked(AWTEventMulticaster.java:277)
2024-07-02 15:00:50,515 [ERROR] LogOutputStream:75 - [STDERR_REDIRECT] 	at java.desktop/java.awt.AWTEventMulticaster.mouseClicked(AWTEventMulticaster.java:277)
2024-07-02 15:00:50,516 [ERROR] LogOutputStream:75 - [STDERR_REDIRECT] 	at java.desktop/java.awt.AWTEventMulticaster.mouseClicked(AWTEventMulticaster.java:277)
2024-07-02 15:00:50,517 [ERROR] LogOutputStream:75 - [STDERR_REDIRECT] 	at java.desktop/java.awt.AWTEventMulticaster.mouseClicked(AWTEventMulticaster.java:277)
2024-07-02 15:00:50,518 [ERROR] LogOutputStream:75 - [STDERR_REDIRECT] 	at java.desktop/java.awt.AWTEventMulticaster.mouseClicked(AWTEventMulticaster.java:277)
2024-07-02 15:00:50,521 [ERROR] LogOutputStream:75 - [STDERR_REDIRECT] 	at java.desktop/java.awt.AWTEventMulticaster.mouseClicked(AWTEventMulticaster.java:277)
2024-07-02 15:00:50,523 [ERROR] LogOutputStream:75 - [STDERR_REDIRECT] 	at java.desktop/java.awt.AWTEventMulticaster.mouseClicked(AWTEventMulticaster.java:277)
2024-07-02 15:00:50,524 [ERROR] LogOutputStream:75 - [STDERR_REDIRECT] 	at java.desktop/java.awt.AWTEventMulticaster.mouseClicked(AWTEventMulticaster.java:277)
2024-07-02 15:00:50,526 [ERROR] LogOutputStream:75 - [STDERR_REDIRECT] 	at java.desktop/java.awt.AWTEventMulticaster.mouseClicked(AWTEventMulticaster.java:277)
2024-07-02 15:00:50,527 [ERROR] LogOutputStream:75 - [STDERR_REDIRECT] 	at java.desktop/java.awt.Component.processMouseEvent(Component.java:6629)
2024-07-02 15:00:50,527 [ERROR] LogOutputStream:75 - [STDERR_REDIRECT] 	at java.desktop/javax.swing.JComponent.processMouseEvent(JComponent.java:3389)
2024-07-02 15:00:50,528 [ERROR] LogOutputStream:75 - [STDERR_REDIRECT] 	at java.desktop/java.awt.Component.processEvent(Component.java:6391)
2024-07-02 15:00:50,529 [ERROR] LogOutputStream:75 - [STDERR_REDIRECT] 	at java.desktop/java.awt.Container.processEvent(Container.java:2266)
2024-07-02 15:00:50,530 [ERROR] LogOutputStream:75 - [STDERR_REDIRECT] 	at java.desktop/java.awt.Component.dispatchEventImpl(Component.java:5001)
2024-07-02 15:00:50,530 [ERROR] LogOutputStream:75 - [STDERR_REDIRECT] 	at java.desktop/java.awt.Container.dispatchEventImpl(Container.java:2324)
2024-07-02 15:00:50,531 [ERROR] LogOutputStream:75 - [STDERR_REDIRECT] 	at java.desktop/java.awt.Component.dispatchEvent(Component.java:4833)
2024-07-02 15:00:50,532 [ERROR] LogOutputStream:75 - [STDERR_REDIRECT] 	at java.desktop/java.awt.LightweightDispatcher.retargetMouseEvent(Container.java:4948)
2024-07-02 15:00:50,533 [ERROR] LogOutputStream:75 - [STDERR_REDIRECT] 	at java.desktop/java.awt.LightweightDispatcher.processMouseEvent(Container.java:4584)
2024-07-02 15:00:50,533 [ERROR] LogOutputStream:75 - [STDERR_REDIRECT] 	at java.desktop/java.awt.LightweightDispatcher.dispatchEvent(Container.java:4516)
2024-07-02 15:00:50,534 [ERROR] LogOutputStream:75 - [STDERR_REDIRECT] 	at java.desktop/java.awt.Container.dispatchEventImpl(Container.java:2310)
2024-07-02 15:00:50,535 [ERROR] LogOutputStream:75 - [STDERR_REDIRECT] 	at java.desktop/java.awt.Component.dispatchEvent(Component.java:4833)
2024-07-02 15:00:50,538 [ERROR] LogOutputStream:75 - [STDERR_REDIRECT] 	at java.desktop/java.awt.EventQueue.dispatchEventImpl(EventQueue.java:775)
2024-07-02 15:00:50,540 [ERROR] LogOutputStream:75 - [STDERR_REDIRECT] 	at java.desktop/java.awt.EventQueue$4.run(EventQueue.java:720)
2024-07-02 15:00:50,542 [ERROR] LogOutputStream:75 - [STDERR_REDIRECT] 	at java.desktop/java.awt.EventQueue$4.run(EventQueue.java:714)
2024-07-02 15:00:50,543 [ERROR] LogOutputStream:75 - [STDERR_REDIRECT] 	at java.base/java.security.AccessController.doPrivileged(AccessController.java:399)
2024-07-02 15:00:50,544 [ERROR] LogOutputStream:75 - [STDERR_REDIRECT] 	at java.base/java.security.ProtectionDomain$JavaSecurityAccessImpl.doIntersectionPrivilege(ProtectionDomain.java:86)
2024-07-02 15:00:50,546 [ERROR] LogOutputStream:75 - [STDERR_REDIRECT] 	at java.base/java.security.ProtectionDomain$JavaSecurityAccessImpl.doIntersectionPrivilege(ProtectionDomain.java:97)
2024-07-02 15:00:50,546 [ERROR] LogOutputStream:75 - [STDERR_REDIRECT] 	at java.desktop/java.awt.EventQueue$5.run(EventQueue.java:747)
2024-07-02 15:00:50,547 [ERROR] LogOutputStream:75 - [STDERR_REDIRECT] 	at java.desktop/java.awt.EventQueue$5.run(EventQueue.java:745)
2024-07-02 15:00:50,548 [ERROR] LogOutputStream:75 - [STDERR_REDIRECT] 	at java.base/java.security.AccessController.doPrivileged(AccessController.java:399)
2024-07-02 15:00:50,549 [ERROR] LogOutputStream:75 - [STDERR_REDIRECT] 	at java.base/java.security.ProtectionDomain$JavaSecurityAccessImpl.doIntersectionPrivilege(ProtectionDomain.java:86)
2024-07-02 15:00:50,550 [ERROR] LogOutputStream:75 - [STDERR_REDIRECT] 	at java.desktop/java.awt.EventQueue.dispatchEvent(EventQueue.java:744)
2024-07-02 15:00:50,551 [ERROR] LogOutputStream:75 - [STDERR_REDIRECT] 	at java.desktop/java.awt.EventDispatchThread.pumpOneEventForFilters(EventDispatchThread.java:203)
2024-07-02 15:00:50,551 [ERROR] LogOutputStream:75 - [STDERR_REDIRECT] 	at java.desktop/java.awt.EventDispatchThread.pumpEventsForFilter(EventDispatchThread.java:124)
2024-07-02 15:00:50,554 [ERROR] LogOutputStream:75 - [STDERR_REDIRECT] 	at java.desktop/java.awt.EventDispatchThread.pumpEventsForHierarchy(EventDispatchThread.java:113)
2024-07-02 15:00:50,556 [ERROR] LogOutputStream:75 - [STDERR_REDIRECT] 	at java.desktop/java.awt.EventDispatchThread.pumpEvents(EventDispatchThread.java:109)
2024-07-02 15:00:50,558 [ERROR] LogOutputStream:75 - [STDERR_REDIRECT] 	at java.desktop/java.awt.EventDispatchThread.pumpEvents(EventDispatchThread.java:101)
2024-07-02 15:00:50,559 [ERROR] LogOutputStream:75 - [STDERR_REDIRECT] 	at java.desktop/java.awt.EventDispatchThread.run(EventDispatchThread.java:90)
2024-07-02 15:00:53,366 [INFO] Gpio:277 - dependency for GPIO [SPI2, USART1, USART3, USB_OTG_HS]
2024-07-02 15:01:37,466 [INFO] NvicIntPanel:101 - NVIC parent = com.st.microxplorer.plugins.ip.nvic.MultiNvicIntPanel[,2,27,817x580,layout=javax.swing.BoxLayout,alignmentX=0.0,alignmentY=0.0,border=,flags=9,maximumSize=,minimumSize=,preferredSize=]
2024-07-02 15:01:38,741 [INFO] Gpio:277 - dependency for GPIO [SPI2, USART1, USART3, USB_OTG_HS]
2024-07-02 15:01:41,183 [INFO] UtilMem:75 - End SaveConfig() Used Memory: 906515104 Bytes (1073741824)
2024-07-02 15:01:42,092 [INFO] UtilMem:75 - End SaveConfig() Used Memory: 824250312 Bytes (1073741824)
2024-07-02 15:01:45,977 [INFO] UtilMem:75 - End SaveConfig() Used Memory: 856084952 Bytes (1073741824)
2024-07-02 15:01:46,274 [INFO] BlockDiagram:2759 - set Specific Code input for plugin: SPI
2024-07-02 15:01:46,274 [INFO] BlockDiagram:2759 - set Specific Code input for plugin: USB_OTG_HS
2024-07-02 15:01:46,274 [INFO] BlockDiagram:2759 - set Specific Code input for plugin: RCC
2024-07-02 15:01:46,274 [INFO] BlockDiagram:2759 - set Specific Code input for plugin: USART
2024-07-02 15:01:46,274 [INFO] BlockDiagram:2759 - set Specific Code input for plugin: USART
2024-07-02 15:01:46,274 [INFO] BlockDiagram:2759 - set Specific Code input for plugin: TIM1_8H7
2024-07-02 15:01:46,274 [INFO] BlockDiagram:2759 - set Specific Code input for plugin: FATFS
2024-07-02 15:01:46,274 [INFO] BlockDiagram:2759 - set Specific Code input for plugin: USB_DEVICE
2024-07-02 15:01:46,274 [INFO] BlockDiagram:2759 - set Specific Code input for plugin: SYS
2024-07-02 15:01:46,274 [INFO] BlockDiagram:2759 - set Specific Code input for plugin: NVIC
2024-07-02 15:01:46,274 [INFO] BlockDiagram:2759 - set Specific Code input for plugin: DMA
2024-07-02 15:01:46,276 [INFO] BlockDiagram:2759 - set Specific Code input for plugin: GPIO
2024-07-02 15:01:46,277 [INFO] CodeGenerator:807 - code generatio: config db path: C:/Users/andre/.stm32cubemx/databases/DB.6.0.110/db/
2024-07-02 15:01:46,322 [INFO] Argument:325 - Argument : hdmavalue: null
2024-07-02 15:01:46,322 [INFO] Argument:327 - 	 sub Args: 
2024-07-02 15:01:46,322 [INFO] Argument:325 - Argument : Instancevalue: DMA1_Stream2
2024-07-02 15:01:46,322 [INFO] Argument:335 - Argument : Instancevalue: DMA1_Stream2
2024-07-02 15:01:46,322 [INFO] Argument:325 - Argument : Initvalue: null
2024-07-02 15:01:46,322 [INFO] Argument:327 - 	 sub Args: 
2024-07-02 15:01:46,323 [INFO] Argument:325 - Argument : Requestvalue: DMA_REQUEST_SPI2_RX
2024-07-02 15:01:46,323 [INFO] Argument:335 - Argument : Requestvalue: DMA_REQUEST_SPI2_RX
2024-07-02 15:01:46,323 [INFO] Argument:325 - Argument : Directionvalue: DMA_PERIPH_TO_MEMORY
2024-07-02 15:01:46,323 [INFO] Argument:335 - Argument : Directionvalue: DMA_PERIPH_TO_MEMORY
2024-07-02 15:01:46,323 [INFO] Argument:325 - Argument : PeriphIncvalue: DMA_PINC_DISABLE
2024-07-02 15:01:46,323 [INFO] Argument:335 - Argument : PeriphIncvalue: DMA_PINC_DISABLE
2024-07-02 15:01:46,323 [INFO] Argument:325 - Argument : MemIncvalue: DMA_MINC_ENABLE
2024-07-02 15:01:46,323 [INFO] Argument:335 - Argument : MemIncvalue: DMA_MINC_ENABLE
2024-07-02 15:01:46,323 [INFO] Argument:325 - Argument : PeriphDataAlignmentvalue: DMA_PDATAALIGN_BYTE
2024-07-02 15:01:46,323 [INFO] Argument:335 - Argument : PeriphDataAlignmentvalue: DMA_PDATAALIGN_BYTE
2024-07-02 15:01:46,323 [INFO] Argument:325 - Argument : MemDataAlignmentvalue: DMA_MDATAALIGN_BYTE
2024-07-02 15:01:46,323 [INFO] Argument:335 - Argument : MemDataAlignmentvalue: DMA_MDATAALIGN_BYTE
2024-07-02 15:01:46,323 [INFO] Argument:325 - Argument : Modevalue: DMA_CIRCULAR
2024-07-02 15:01:46,323 [INFO] Argument:335 - Argument : Modevalue: DMA_CIRCULAR
2024-07-02 15:01:46,323 [INFO] Argument:325 - Argument : Priorityvalue: DMA_PRIORITY_LOW
2024-07-02 15:01:46,323 [INFO] Argument:335 - Argument : Priorityvalue: DMA_PRIORITY_LOW
2024-07-02 15:01:46,323 [INFO] Argument:325 - Argument : FIFOModevalue: DMA_FIFOMODE_ENABLE
2024-07-02 15:01:46,323 [INFO] Argument:335 - Argument : FIFOModevalue: DMA_FIFOMODE_ENABLE
2024-07-02 15:01:46,323 [INFO] Argument:325 - Argument : FIFOThresholdvalue: DMA_FIFO_THRESHOLD_FULL
2024-07-02 15:01:46,323 [INFO] Argument:335 - Argument : FIFOThresholdvalue: DMA_FIFO_THRESHOLD_FULL
2024-07-02 15:01:46,323 [INFO] Argument:325 - Argument : MemBurstvalue: DMA_MBURST_SINGLE
2024-07-02 15:01:46,323 [INFO] Argument:335 - Argument : MemBurstvalue: DMA_MBURST_SINGLE
2024-07-02 15:01:46,323 [INFO] Argument:325 - Argument : PeriphBurstvalue: DMA_PBURST_SINGLE
2024-07-02 15:01:46,323 [INFO] Argument:335 - Argument : PeriphBurstvalue: DMA_PBURST_SINGLE
2024-07-02 15:01:46,323 [INFO] Argument:325 - Argument : Lockvalue: null
2024-07-02 15:01:46,323 [INFO] Argument:335 - Argument : Lockvalue: null
2024-07-02 15:01:46,323 [INFO] Argument:325 - Argument : Statevalue: null
2024-07-02 15:01:46,323 [INFO] Argument:335 - Argument : Statevalue: null
2024-07-02 15:01:46,323 [INFO] Argument:325 - Argument : Parentvalue: null
2024-07-02 15:01:46,323 [INFO] Argument:335 - Argument : Parentvalue: null
2024-07-02 15:01:46,323 [INFO] Argument:325 - Argument : XferCpltCallbackvalue: null
2024-07-02 15:01:46,323 [INFO] Argument:335 - Argument : XferCpltCallbackvalue: null
2024-07-02 15:01:46,323 [INFO] Argument:325 - Argument : XferHalfCpltCallbackvalue: null
2024-07-02 15:01:46,323 [INFO] Argument:335 - Argument : XferHalfCpltCallbackvalue: null
2024-07-02 15:01:46,323 [INFO] Argument:325 - Argument : XferM1CpltCallbackvalue: null
2024-07-02 15:01:46,323 [INFO] Argument:335 - Argument : XferM1CpltCallbackvalue: null
2024-07-02 15:01:46,323 [INFO] Argument:325 - Argument : XferM1HalfCpltCallbackvalue: null
2024-07-02 15:01:46,323 [INFO] Argument:335 - Argument : XferM1HalfCpltCallbackvalue: null
2024-07-02 15:01:46,323 [INFO] Argument:325 - Argument : XferErrorCallbackvalue: null
2024-07-02 15:01:46,323 [INFO] Argument:335 - Argument : XferErrorCallbackvalue: null
2024-07-02 15:01:46,323 [INFO] Argument:325 - Argument : XferAbortCallbackvalue: null
2024-07-02 15:01:46,323 [INFO] Argument:335 - Argument : XferAbortCallbackvalue: null
2024-07-02 15:01:46,323 [INFO] Argument:325 - Argument : ErrorCodevalue: null
2024-07-02 15:01:46,323 [INFO] Argument:335 - Argument : ErrorCodevalue: null
2024-07-02 15:01:46,323 [INFO] Argument:325 - Argument : StreamBaseAddressvalue: null
2024-07-02 15:01:46,323 [INFO] Argument:335 - Argument : StreamBaseAddressvalue: null
2024-07-02 15:01:46,323 [INFO] Argument:325 - Argument : StreamIndexvalue: null
2024-07-02 15:01:46,323 [INFO] Argument:335 - Argument : StreamIndexvalue: null
2024-07-02 15:01:46,332 [INFO] Argument:325 - Argument : hdmavalue: null
2024-07-02 15:01:46,332 [INFO] Argument:327 - 	 sub Args: 
2024-07-02 15:01:46,332 [INFO] Argument:325 - Argument : Instancevalue: DMA1_Stream0
2024-07-02 15:01:46,332 [INFO] Argument:335 - Argument : Instancevalue: DMA1_Stream0
2024-07-02 15:01:46,332 [INFO] Argument:325 - Argument : Initvalue: null
2024-07-02 15:01:46,332 [INFO] Argument:327 - 	 sub Args: 
2024-07-02 15:01:46,332 [INFO] Argument:325 - Argument : Requestvalue: DMA_REQUEST_USART1_RX
2024-07-02 15:01:46,332 [INFO] Argument:335 - Argument : Requestvalue: DMA_REQUEST_USART1_RX
2024-07-02 15:01:46,332 [INFO] Argument:325 - Argument : Directionvalue: DMA_PERIPH_TO_MEMORY
2024-07-02 15:01:46,332 [INFO] Argument:335 - Argument : Directionvalue: DMA_PERIPH_TO_MEMORY
2024-07-02 15:01:46,332 [INFO] Argument:325 - Argument : PeriphIncvalue: DMA_PINC_DISABLE
2024-07-02 15:01:46,332 [INFO] Argument:335 - Argument : PeriphIncvalue: DMA_PINC_DISABLE
2024-07-02 15:01:46,332 [INFO] Argument:325 - Argument : MemIncvalue: DMA_MINC_ENABLE
2024-07-02 15:01:46,332 [INFO] Argument:335 - Argument : MemIncvalue: DMA_MINC_ENABLE
2024-07-02 15:01:46,332 [INFO] Argument:325 - Argument : PeriphDataAlignmentvalue: DMA_PDATAALIGN_BYTE
2024-07-02 15:01:46,332 [INFO] Argument:335 - Argument : PeriphDataAlignmentvalue: DMA_PDATAALIGN_BYTE
2024-07-02 15:01:46,332 [INFO] Argument:325 - Argument : MemDataAlignmentvalue: DMA_MDATAALIGN_BYTE
2024-07-02 15:01:46,332 [INFO] Argument:335 - Argument : MemDataAlignmentvalue: DMA_MDATAALIGN_BYTE
2024-07-02 15:01:46,332 [INFO] Argument:325 - Argument : Modevalue: DMA_NORMAL
2024-07-02 15:01:46,332 [INFO] Argument:335 - Argument : Modevalue: DMA_NORMAL
2024-07-02 15:01:46,332 [INFO] Argument:325 - Argument : Priorityvalue: DMA_PRIORITY_HIGH
2024-07-02 15:01:46,332 [INFO] Argument:335 - Argument : Priorityvalue: DMA_PRIORITY_HIGH
2024-07-02 15:01:46,332 [INFO] Argument:325 - Argument : FIFOModevalue: DMA_FIFOMODE_DISABLE
2024-07-02 15:01:46,332 [INFO] Argument:335 - Argument : FIFOModevalue: DMA_FIFOMODE_DISABLE
2024-07-02 15:01:46,332 [INFO] Argument:325 - Argument : FIFOThresholdvalue: null
2024-07-02 15:01:46,332 [INFO] Argument:335 - Argument : FIFOThresholdvalue: null
2024-07-02 15:01:46,332 [INFO] Argument:325 - Argument : MemBurstvalue: null
2024-07-02 15:01:46,332 [INFO] Argument:335 - Argument : MemBurstvalue: null
2024-07-02 15:01:46,332 [INFO] Argument:325 - Argument : PeriphBurstvalue: null
2024-07-02 15:01:46,332 [INFO] Argument:335 - Argument : PeriphBurstvalue: null
2024-07-02 15:01:46,332 [INFO] Argument:325 - Argument : Lockvalue: null
2024-07-02 15:01:46,332 [INFO] Argument:335 - Argument : Lockvalue: null
2024-07-02 15:01:46,332 [INFO] Argument:325 - Argument : Statevalue: null
2024-07-02 15:01:46,332 [INFO] Argument:335 - Argument : Statevalue: null
2024-07-02 15:01:46,332 [INFO] Argument:325 - Argument : Parentvalue: null
2024-07-02 15:01:46,332 [INFO] Argument:335 - Argument : Parentvalue: null
2024-07-02 15:01:46,333 [INFO] Argument:325 - Argument : XferCpltCallbackvalue: null
2024-07-02 15:01:46,333 [INFO] Argument:335 - Argument : XferCpltCallbackvalue: null
2024-07-02 15:01:46,333 [INFO] Argument:325 - Argument : XferHalfCpltCallbackvalue: null
2024-07-02 15:01:46,333 [INFO] Argument:335 - Argument : XferHalfCpltCallbackvalue: null
2024-07-02 15:01:46,333 [INFO] Argument:325 - Argument : XferM1CpltCallbackvalue: null
2024-07-02 15:01:46,333 [INFO] Argument:335 - Argument : XferM1CpltCallbackvalue: null
2024-07-02 15:01:46,333 [INFO] Argument:325 - Argument : XferM1HalfCpltCallbackvalue: null
2024-07-02 15:01:46,333 [INFO] Argument:335 - Argument : XferM1HalfCpltCallbackvalue: null
2024-07-02 15:01:46,333 [INFO] Argument:325 - Argument : XferErrorCallbackvalue: null
2024-07-02 15:01:46,333 [INFO] Argument:335 - Argument : XferErrorCallbackvalue: null
2024-07-02 15:01:46,333 [INFO] Argument:325 - Argument : XferAbortCallbackvalue: null
2024-07-02 15:01:46,333 [INFO] Argument:335 - Argument : XferAbortCallbackvalue: null
2024-07-02 15:01:46,333 [INFO] Argument:325 - Argument : ErrorCodevalue: null
2024-07-02 15:01:46,333 [INFO] Argument:335 - Argument : ErrorCodevalue: null
2024-07-02 15:01:46,333 [INFO] Argument:325 - Argument : StreamBaseAddressvalue: null
2024-07-02 15:01:46,333 [INFO] Argument:335 - Argument : StreamBaseAddressvalue: null
2024-07-02 15:01:46,333 [INFO] Argument:325 - Argument : StreamIndexvalue: null
2024-07-02 15:01:46,333 [INFO] Argument:335 - Argument : StreamIndexvalue: null
2024-07-02 15:01:46,333 [INFO] Argument:325 - Argument : hdmavalue: null
2024-07-02 15:01:46,334 [INFO] Argument:327 - 	 sub Args: 
2024-07-02 15:01:46,334 [INFO] Argument:325 - Argument : Instancevalue: DMA1_Stream1
2024-07-02 15:01:46,334 [INFO] Argument:335 - Argument : Instancevalue: DMA1_Stream1
2024-07-02 15:01:46,334 [INFO] Argument:325 - Argument : Initvalue: null
2024-07-02 15:01:46,334 [INFO] Argument:327 - 	 sub Args: 
2024-07-02 15:01:46,334 [INFO] Argument:325 - Argument : Requestvalue: DMA_REQUEST_USART1_TX
2024-07-02 15:01:46,334 [INFO] Argument:335 - Argument : Requestvalue: DMA_REQUEST_USART1_TX
2024-07-02 15:01:46,334 [INFO] Argument:325 - Argument : Directionvalue: DMA_MEMORY_TO_PERIPH
2024-07-02 15:01:46,334 [INFO] Argument:335 - Argument : Directionvalue: DMA_MEMORY_TO_PERIPH
2024-07-02 15:01:46,334 [INFO] Argument:325 - Argument : PeriphIncvalue: DMA_PINC_DISABLE
2024-07-02 15:01:46,334 [INFO] Argument:335 - Argument : PeriphIncvalue: DMA_PINC_DISABLE
2024-07-02 15:01:46,334 [INFO] Argument:325 - Argument : MemIncvalue: DMA_MINC_ENABLE
2024-07-02 15:01:46,334 [INFO] Argument:335 - Argument : MemIncvalue: DMA_MINC_ENABLE
2024-07-02 15:01:46,334 [INFO] Argument:325 - Argument : PeriphDataAlignmentvalue: DMA_PDATAALIGN_BYTE
2024-07-02 15:01:46,334 [INFO] Argument:335 - Argument : PeriphDataAlignmentvalue: DMA_PDATAALIGN_BYTE
2024-07-02 15:01:46,334 [INFO] Argument:325 - Argument : MemDataAlignmentvalue: DMA_MDATAALIGN_BYTE
2024-07-02 15:01:46,334 [INFO] Argument:335 - Argument : MemDataAlignmentvalue: DMA_MDATAALIGN_BYTE
2024-07-02 15:01:46,334 [INFO] Argument:325 - Argument : Modevalue: DMA_NORMAL
2024-07-02 15:01:46,334 [INFO] Argument:335 - Argument : Modevalue: DMA_NORMAL
2024-07-02 15:01:46,334 [INFO] Argument:325 - Argument : Priorityvalue: DMA_PRIORITY_LOW
2024-07-02 15:01:46,334 [INFO] Argument:335 - Argument : Priorityvalue: DMA_PRIORITY_LOW
2024-07-02 15:01:46,334 [INFO] Argument:325 - Argument : FIFOModevalue: DMA_FIFOMODE_DISABLE
2024-07-02 15:01:46,334 [INFO] Argument:335 - Argument : FIFOModevalue: DMA_FIFOMODE_DISABLE
2024-07-02 15:01:46,334 [INFO] Argument:325 - Argument : FIFOThresholdvalue: null
2024-07-02 15:01:46,334 [INFO] Argument:335 - Argument : FIFOThresholdvalue: null
2024-07-02 15:01:46,334 [INFO] Argument:325 - Argument : MemBurstvalue: null
2024-07-02 15:01:46,334 [INFO] Argument:335 - Argument : MemBurstvalue: null
2024-07-02 15:01:46,334 [INFO] Argument:325 - Argument : PeriphBurstvalue: null
2024-07-02 15:01:46,334 [INFO] Argument:335 - Argument : PeriphBurstvalue: null
2024-07-02 15:01:46,334 [INFO] Argument:325 - Argument : Lockvalue: null
2024-07-02 15:01:46,334 [INFO] Argument:335 - Argument : Lockvalue: null
2024-07-02 15:01:46,334 [INFO] Argument:325 - Argument : Statevalue: null
2024-07-02 15:01:46,334 [INFO] Argument:335 - Argument : Statevalue: null
2024-07-02 15:01:46,334 [INFO] Argument:325 - Argument : Parentvalue: null
2024-07-02 15:01:46,334 [INFO] Argument:335 - Argument : Parentvalue: null
2024-07-02 15:01:46,334 [INFO] Argument:325 - Argument : XferCpltCallbackvalue: null
2024-07-02 15:01:46,334 [INFO] Argument:335 - Argument : XferCpltCallbackvalue: null
2024-07-02 15:01:46,334 [INFO] Argument:325 - Argument : XferHalfCpltCallbackvalue: null
2024-07-02 15:01:46,334 [INFO] Argument:335 - Argument : XferHalfCpltCallbackvalue: null
2024-07-02 15:01:46,334 [INFO] Argument:325 - Argument : XferM1CpltCallbackvalue: null
2024-07-02 15:01:46,334 [INFO] Argument:335 - Argument : XferM1CpltCallbackvalue: null
2024-07-02 15:01:46,334 [INFO] Argument:325 - Argument : XferM1HalfCpltCallbackvalue: null
2024-07-02 15:01:46,334 [INFO] Argument:335 - Argument : XferM1HalfCpltCallbackvalue: null
2024-07-02 15:01:46,334 [INFO] Argument:325 - Argument : XferErrorCallbackvalue: null
2024-07-02 15:01:46,334 [INFO] Argument:335 - Argument : XferErrorCallbackvalue: null
2024-07-02 15:01:46,334 [INFO] Argument:325 - Argument : XferAbortCallbackvalue: null
2024-07-02 15:01:46,334 [INFO] Argument:335 - Argument : XferAbortCallbackvalue: null
2024-07-02 15:01:46,334 [INFO] Argument:325 - Argument : ErrorCodevalue: null
2024-07-02 15:01:46,334 [INFO] Argument:335 - Argument : ErrorCodevalue: null
2024-07-02 15:01:46,334 [INFO] Argument:325 - Argument : StreamBaseAddressvalue: null
2024-07-02 15:01:46,334 [INFO] Argument:335 - Argument : StreamBaseAddressvalue: null
2024-07-02 15:01:46,335 [INFO] Argument:325 - Argument : StreamIndexvalue: null
2024-07-02 15:01:46,335 [INFO] Argument:335 - Argument : StreamIndexvalue: null
2024-07-02 15:01:46,341 [WARN] IP:2120 - DEVICE_SERIAL0_CDC_HS not found: check if there is a RefParameter without a condition.
2024-07-02 15:01:46,341 [WARN] IP:2120 - DEVICE_SERIAL1_CDC_HS not found: check if there is a RefParameter without a condition.
2024-07-02 15:01:46,341 [WARN] IP:2120 - DEVICE_SERIAL2_CDC_HS not found: check if there is a RefParameter without a condition.
2024-07-02 15:01:46,463 [INFO] CodeEngine:255 - oldGeneratedFile, C:\Users\andre\Documents\GitHub\TS_Nucleo\TS_STM-H7\TS_STM-H7\TS_STM-H7\MXTmpFiles\license.tmp_save
2024-07-02 15:01:46,575 [INFO] CodeEngine:279 - Generated code: C:\Users\andre\Documents\GitHub\TS_Nucleo\TS_STM-H7\TS_STM-H7\TS_STM-H7\MXTmpFiles\license.tmp
2024-07-02 15:01:46,693 [INFO] CodeEngine:255 - oldGeneratedFile, C:\Users\andre\Documents\GitHub\TS_Nucleo\TS_STM-H7\TS_STM-H7\TS_STM-H7\MXTmpFiles\gpio.tmp_save
2024-07-02 15:01:46,816 [INFO] CodeEngine:279 - Generated code: C:\Users\andre\Documents\GitHub\TS_Nucleo\TS_STM-H7\TS_STM-H7\TS_STM-H7\MXTmpFiles\gpio.tmp
2024-07-02 15:01:47,071 [INFO] CodeEngine:255 - oldGeneratedFile, C:\Users\andre\Documents\GitHub\TS_Nucleo\TS_STM-H7\TS_STM-H7\TS_STM-H7\MXTmpFiles\usb_otg_hs_vars.tmp_save
2024-07-02 15:01:47,180 [INFO] CodeEngine:279 - Generated code: C:\Users\andre\Documents\GitHub\TS_Nucleo\TS_STM-H7\TS_STM-H7\TS_STM-H7\MXTmpFiles\usb_otg_hs_vars.tmp
2024-07-02 15:01:47,185 [INFO] CodeEngine:255 - oldGeneratedFile, C:\Users\andre\Documents\GitHub\TS_Nucleo\TS_STM-H7\TS_STM-H7\TS_STM-H7\MXTmpFiles\usb_otg_hs_inc.tmp_save
2024-07-02 15:01:47,256 [INFO] CodeEngine:279 - Generated code: C:\Users\andre\Documents\GitHub\TS_Nucleo\TS_STM-H7\TS_STM-H7\TS_STM-H7\MXTmpFiles\usb_otg_hs_inc.tmp
2024-07-02 15:01:47,259 [INFO] CodeEngine:255 - oldGeneratedFile, C:\Users\andre\Documents\GitHub\TS_Nucleo\TS_STM-H7\TS_STM-H7\TS_STM-H7\MXTmpFiles\usb_otg_hs_HalInit.tmp_save
2024-07-02 15:01:47,362 [INFO] CodeEngine:279 - Generated code: C:\Users\andre\Documents\GitHub\TS_Nucleo\TS_STM-H7\TS_STM-H7\TS_STM-H7\MXTmpFiles\usb_otg_hs_HalInit.tmp
2024-07-02 15:01:47,366 [INFO] CodeEngine:255 - oldGeneratedFile, C:\Users\andre\Documents\GitHub\TS_Nucleo\TS_STM-H7\TS_STM-H7\TS_STM-H7\MXTmpFiles\usb_otg_hs_Msp.tmp_save
2024-07-02 15:01:47,455 [INFO] CodeEngine:279 - Generated code: C:\Users\andre\Documents\GitHub\TS_Nucleo\TS_STM-H7\TS_STM-H7\TS_STM-H7\MXTmpFiles\usb_otg_hs_Msp.tmp
2024-07-02 15:01:48,754 [INFO] Middleware:1439 - No code input for Bsp Dependency
2024-07-02 15:01:48,761 [INFO] CodeEngine:255 - oldGeneratedFile, C:\Users\andre\Documents\GitHub\TS_Nucleo\TS_STM-H7\TS_STM-H7\TS_STM-H7\MXTmpFiles\fatfs_HalInit.tmp_save
2024-07-02 15:01:48,867 [INFO] CodeEngine:279 - Generated code: C:\Users\andre\Documents\GitHub\TS_Nucleo\TS_STM-H7\TS_STM-H7\TS_STM-H7\MXTmpFiles\fatfs_HalInit.tmp
2024-07-02 15:01:48,873 [INFO] CodeEngine:255 - oldGeneratedFile, C:\Users\andre\Documents\GitHub\TS_Nucleo\TS_STM-H7\TS_STM-H7\TS_STM-H7\MXTmpFiles\fatfs_vars.tmp_save
2024-07-02 15:01:48,948 [INFO] CodeEngine:279 - Generated code: C:\Users\andre\Documents\GitHub\TS_Nucleo\TS_STM-H7\TS_STM-H7\TS_STM-H7\MXTmpFiles\fatfs_vars.tmp
2024-07-02 15:01:48,951 [INFO] CodeEngine:255 - oldGeneratedFile, C:\Users\andre\Documents\GitHub\TS_Nucleo\TS_STM-H7\TS_STM-H7\TS_STM-H7\MXTmpFiles\fatfs_ext_vars.tmp_save
2024-07-02 15:01:49,012 [INFO] CodeEngine:279 - Generated code: C:\Users\andre\Documents\GitHub\TS_Nucleo\TS_STM-H7\TS_STM-H7\TS_STM-H7\MXTmpFiles\fatfs_ext_vars.tmp
2024-07-02 15:01:49,016 [INFO] CodeEngine:255 - oldGeneratedFile, C:\Users\andre\Documents\GitHub\TS_Nucleo\TS_STM-H7\TS_STM-H7\TS_STM-H7\MXTmpFiles\fatfs_inc.tmp_save
2024-07-02 15:01:49,086 [INFO] CodeEngine:279 - Generated code: C:\Users\andre\Documents\GitHub\TS_Nucleo\TS_STM-H7\TS_STM-H7\TS_STM-H7\MXTmpFiles\fatfs_inc.tmp
2024-07-02 15:01:49,095 [INFO] Middleware:1439 - No code input for Bsp Dependency
2024-07-02 15:01:49,096 [ERROR] SWIPConfigModel:147 - Object (RefParameter) name : DEVICE_SERIAL1_CDC_HS  is not a String or a Boolean
2024-07-02 15:01:49,096 [ERROR] SWIPConfigModel:147 - Object (RefParameter) name : DEVICE_SERIAL2_CDC_HS  is not a String or a Boolean
2024-07-02 15:01:49,096 [ERROR] SWIPConfigModel:147 - Object (RefParameter) name : DEVICE_SERIAL0_CDC_HS  is not a String or a Boolean
2024-07-02 15:01:49,101 [INFO] CodeEngine:255 - oldGeneratedFile, C:\Users\andre\Documents\GitHub\TS_Nucleo\TS_STM-H7\TS_STM-H7\TS_STM-H7\MXTmpFiles\cortex.tmp_save
2024-07-02 15:01:49,183 [INFO] CodeEngine:279 - Generated code: C:\Users\andre\Documents\GitHub\TS_Nucleo\TS_STM-H7\TS_STM-H7\TS_STM-H7\MXTmpFiles\cortex.tmp
2024-07-02 15:01:49,307 [INFO] CodeEngine:255 - oldGeneratedFile, C:\Users\andre\Documents\GitHub\TS_Nucleo\TS_STM-H7\TS_STM-H7\TS_STM-H7\MXTmpFiles\dma.tmp_save
2024-07-02 15:01:49,402 [INFO] CodeEngine:279 - Generated code: C:\Users\andre\Documents\GitHub\TS_Nucleo\TS_STM-H7\TS_STM-H7\TS_STM-H7\MXTmpFiles\dma.tmp
2024-07-02 15:01:49,408 [INFO] CodeEngine:255 - oldGeneratedFile, C:\Users\andre\Documents\GitHub\TS_Nucleo\TS_STM-H7\TS_STM-H7\TS_STM-H7\MXTmpFiles\dma_GV.tmp_save
2024-07-02 15:01:49,464 [INFO] CodeEngine:279 - Generated code: C:\Users\andre\Documents\GitHub\TS_Nucleo\TS_STM-H7\TS_STM-H7\TS_STM-H7\MXTmpFiles\dma_GV.tmp
2024-07-02 15:01:49,468 [INFO] Middleware:1439 - No code input for Bsp Dependency
2024-07-02 15:01:49,480 [INFO] CodeEngine:255 - oldGeneratedFile, C:\Users\andre\Documents\GitHub\TS_Nucleo\TS_STM-H7\TS_STM-H7\TS_STM-H7\MXTmpFiles\fatfs_HalInit.tmp_save
2024-07-02 15:01:49,583 [INFO] CodeEngine:279 - Generated code: C:\Users\andre\Documents\GitHub\TS_Nucleo\TS_STM-H7\TS_STM-H7\TS_STM-H7\MXTmpFiles\fatfs_HalInit.tmp
2024-07-02 15:01:49,591 [INFO] CodeEngine:255 - oldGeneratedFile, C:\Users\andre\Documents\GitHub\TS_Nucleo\TS_STM-H7\TS_STM-H7\TS_STM-H7\MXTmpFiles\fatfs_vars.tmp_save
2024-07-02 15:01:49,648 [INFO] CodeEngine:279 - Generated code: C:\Users\andre\Documents\GitHub\TS_Nucleo\TS_STM-H7\TS_STM-H7\TS_STM-H7\MXTmpFiles\fatfs_vars.tmp
2024-07-02 15:01:49,657 [INFO] CodeEngine:255 - oldGeneratedFile, C:\Users\andre\Documents\GitHub\TS_Nucleo\TS_STM-H7\TS_STM-H7\TS_STM-H7\MXTmpFiles\fatfs_ext_vars.tmp_save
2024-07-02 15:01:49,716 [INFO] CodeEngine:279 - Generated code: C:\Users\andre\Documents\GitHub\TS_Nucleo\TS_STM-H7\TS_STM-H7\TS_STM-H7\MXTmpFiles\fatfs_ext_vars.tmp
2024-07-02 15:01:49,730 [INFO] CodeEngine:255 - oldGeneratedFile, C:\Users\andre\Documents\GitHub\TS_Nucleo\TS_STM-H7\TS_STM-H7\TS_STM-H7\MXTmpFiles\fatfs_inc.tmp_save
2024-07-02 15:01:49,794 [INFO] CodeEngine:279 - Generated code: C:\Users\andre\Documents\GitHub\TS_Nucleo\TS_STM-H7\TS_STM-H7\TS_STM-H7\MXTmpFiles\fatfs_inc.tmp
2024-07-02 15:01:49,810 [INFO] CodeEngine:255 - oldGeneratedFile, C:\Users\andre\Documents\GitHub\TS_Nucleo\TS_STM-H7\TS_STM-H7\TS_STM-H7\FATFS\Target\ffconf.h_save
2024-07-02 15:01:49,929 [INFO] CodeEngine:279 - Generated code: C:\Users\andre\Documents\GitHub\TS_Nucleo\TS_STM-H7\TS_STM-H7\TS_STM-H7\FATFS\Target\ffconf.h
2024-07-02 15:01:49,935 [INFO] CodeEngine:255 - oldGeneratedFile, C:\Users\andre\Documents\GitHub\TS_Nucleo\TS_STM-H7\TS_STM-H7\TS_STM-H7\FATFS\Target\user_diskio.c_save
2024-07-02 15:01:50,026 [INFO] CodeEngine:279 - Generated code: C:\Users\andre\Documents\GitHub\TS_Nucleo\TS_STM-H7\TS_STM-H7\TS_STM-H7\FATFS\Target\user_diskio.c
2024-07-02 15:01:50,033 [INFO] CodeEngine:255 - oldGeneratedFile, C:\Users\andre\Documents\GitHub\TS_Nucleo\TS_STM-H7\TS_STM-H7\TS_STM-H7\FATFS\Target\user_diskio.h_save
2024-07-02 15:01:50,120 [INFO] CodeEngine:279 - Generated code: C:\Users\andre\Documents\GitHub\TS_Nucleo\TS_STM-H7\TS_STM-H7\TS_STM-H7\FATFS\Target\user_diskio.h
2024-07-02 15:01:50,135 [INFO] CodeEngine:255 - oldGeneratedFile, C:\Users\andre\Documents\GitHub\TS_Nucleo\TS_STM-H7\TS_STM-H7\TS_STM-H7\FATFS\App\fatfs.c_save
2024-07-02 15:01:50,214 [INFO] CodeEngine:279 - Generated code: C:\Users\andre\Documents\GitHub\TS_Nucleo\TS_STM-H7\TS_STM-H7\TS_STM-H7\FATFS\App\fatfs.c
2024-07-02 15:01:50,222 [INFO] CodeEngine:255 - oldGeneratedFile, C:\Users\andre\Documents\GitHub\TS_Nucleo\TS_STM-H7\TS_STM-H7\TS_STM-H7\FATFS\App\fatfs.h_save
2024-07-02 15:01:50,296 [INFO] CodeEngine:279 - Generated code: C:\Users\andre\Documents\GitHub\TS_Nucleo\TS_STM-H7\TS_STM-H7\TS_STM-H7\FATFS\App\fatfs.h
2024-07-02 15:01:50,310 [INFO] Middleware:1439 - No code input for Bsp Dependency
2024-07-02 15:01:50,311 [ERROR] SWIPConfigModel:147 - Object (RefParameter) name : DEVICE_SERIAL1_CDC_HS  is not a String or a Boolean
2024-07-02 15:01:50,311 [ERROR] SWIPConfigModel:147 - Object (RefParameter) name : DEVICE_SERIAL2_CDC_HS  is not a String or a Boolean
2024-07-02 15:01:50,311 [ERROR] SWIPConfigModel:147 - Object (RefParameter) name : DEVICE_SERIAL0_CDC_HS  is not a String or a Boolean
2024-07-02 15:01:50,335 [INFO] CodeEngine:255 - oldGeneratedFile, C:\Users\andre\Documents\GitHub\TS_Nucleo\TS_STM-H7\TS_STM-H7\TS_STM-H7\USB_DEVICE\App\usb_device.c_save
2024-07-02 15:01:50,444 [INFO] CodeEngine:279 - Generated code: C:\Users\andre\Documents\GitHub\TS_Nucleo\TS_STM-H7\TS_STM-H7\TS_STM-H7\USB_DEVICE\App\usb_device.c
2024-07-02 15:01:50,451 [INFO] CodeEngine:255 - oldGeneratedFile, C:\Users\andre\Documents\GitHub\TS_Nucleo\TS_STM-H7\TS_STM-H7\TS_STM-H7\USB_DEVICE\App\usb_device.h_save
2024-07-02 15:01:50,538 [INFO] CodeEngine:279 - Generated code: C:\Users\andre\Documents\GitHub\TS_Nucleo\TS_STM-H7\TS_STM-H7\TS_STM-H7\USB_DEVICE\App\usb_device.h
2024-07-02 15:01:50,546 [INFO] CodeEngine:255 - oldGeneratedFile, C:\Users\andre\Documents\GitHub\TS_Nucleo\TS_STM-H7\TS_STM-H7\TS_STM-H7\USB_DEVICE\Target\usbd_conf.h_save
2024-07-02 15:01:50,618 [INFO] CodeEngine:279 - Generated code: C:\Users\andre\Documents\GitHub\TS_Nucleo\TS_STM-H7\TS_STM-H7\TS_STM-H7\USB_DEVICE\Target\usbd_conf.h
2024-07-02 15:01:50,632 [INFO] CodeEngine:255 - oldGeneratedFile, C:\Users\andre\Documents\GitHub\TS_Nucleo\TS_STM-H7\TS_STM-H7\TS_STM-H7\USB_DEVICE\Target\usbd_conf.c_save
2024-07-02 15:01:50,733 [INFO] CodeEngine:279 - Generated code: C:\Users\andre\Documents\GitHub\TS_Nucleo\TS_STM-H7\TS_STM-H7\TS_STM-H7\USB_DEVICE\Target\usbd_conf.c
2024-07-02 15:01:50,743 [INFO] CodeEngine:255 - oldGeneratedFile, C:\Users\andre\Documents\GitHub\TS_Nucleo\TS_STM-H7\TS_STM-H7\TS_STM-H7\USB_DEVICE\App\usbd_desc.h_save
2024-07-02 15:01:50,807 [INFO] CodeEngine:279 - Generated code: C:\Users\andre\Documents\GitHub\TS_Nucleo\TS_STM-H7\TS_STM-H7\TS_STM-H7\USB_DEVICE\App\usbd_desc.h
2024-07-02 15:01:50,824 [INFO] CodeEngine:255 - oldGeneratedFile, C:\Users\andre\Documents\GitHub\TS_Nucleo\TS_STM-H7\TS_STM-H7\TS_STM-H7\USB_DEVICE\App\usbd_desc.c_save
2024-07-02 15:01:50,923 [INFO] CodeEngine:279 - Generated code: C:\Users\andre\Documents\GitHub\TS_Nucleo\TS_STM-H7\TS_STM-H7\TS_STM-H7\USB_DEVICE\App\usbd_desc.c
2024-07-02 15:01:50,938 [INFO] CodeEngine:255 - oldGeneratedFile, C:\Users\andre\Documents\GitHub\TS_Nucleo\TS_STM-H7\TS_STM-H7\TS_STM-H7\USB_DEVICE\App\usbd_cdc_if.h_save
2024-07-02 15:01:51,010 [INFO] CodeEngine:279 - Generated code: C:\Users\andre\Documents\GitHub\TS_Nucleo\TS_STM-H7\TS_STM-H7\TS_STM-H7\USB_DEVICE\App\usbd_cdc_if.h
2024-07-02 15:01:51,028 [INFO] CodeEngine:255 - oldGeneratedFile, C:\Users\andre\Documents\GitHub\TS_Nucleo\TS_STM-H7\TS_STM-H7\TS_STM-H7\USB_DEVICE\App\usbd_cdc_if.c_save
2024-07-02 15:01:51,142 [INFO] CodeEngine:279 - Generated code: C:\Users\andre\Documents\GitHub\TS_Nucleo\TS_STM-H7\TS_STM-H7\TS_STM-H7\USB_DEVICE\App\usbd_cdc_if.c
2024-07-02 15:01:51,205 [INFO] CodeEngine:255 - oldGeneratedFile, C:\Users\andre\Documents\GitHub\TS_Nucleo\TS_STM-H7\TS_STM-H7\TS_STM-H7\Core\Src\stm32h7xx_it.c_save
2024-07-02 15:01:51,367 [INFO] CodeEngine:279 - Generated code: C:\Users\andre\Documents\GitHub\TS_Nucleo\TS_STM-H7\TS_STM-H7\TS_STM-H7\Core\Src\stm32h7xx_it.c
2024-07-02 15:01:51,377 [INFO] CodeEngine:255 - oldGeneratedFile, C:\Users\andre\Documents\GitHub\TS_Nucleo\TS_STM-H7\TS_STM-H7\TS_STM-H7\Core\Inc\stm32h7xx_it.h_save
2024-07-02 15:01:51,468 [INFO] CodeEngine:279 - Generated code: C:\Users\andre\Documents\GitHub\TS_Nucleo\TS_STM-H7\TS_STM-H7\TS_STM-H7\Core\Inc\stm32h7xx_it.h
2024-07-02 15:01:51,702 [INFO] CodeEngine:255 - oldGeneratedFile, C:\Users\andre\Documents\GitHub\TS_Nucleo\TS_STM-H7\TS_STM-H7\TS_STM-H7\Core\Src\stm32h7xx_hal_msp.c_save
2024-07-02 15:01:51,879 [INFO] CodeEngine:279 - Generated code: C:\Users\andre\Documents\GitHub\TS_Nucleo\TS_STM-H7\TS_STM-H7\TS_STM-H7\Core\Src\stm32h7xx_hal_msp.c
2024-07-02 15:01:51,884 [INFO] CodeEngine:255 - oldGeneratedFile, C:\Users\andre\Documents\GitHub\TS_Nucleo\TS_STM-H7\TS_STM-H7\TS_STM-H7\MXTmpFiles\system.tmp_save
2024-07-02 15:01:51,947 [INFO] CodeEngine:279 - Generated code: C:\Users\andre\Documents\GitHub\TS_Nucleo\TS_STM-H7\TS_STM-H7\TS_STM-H7\MXTmpFiles\system.tmp
2024-07-02 15:01:51,972 [INFO] CodeEngine:311 - oldGeneratedFile, C:\Users\andre\Documents\GitHub\TS_Nucleo\TS_STM-H7\TS_STM-H7\TS_STM-H7\Core\Inc\stm32h7xx_hal_conf.h_save
2024-07-02 15:01:52,096 [INFO] CodeEngine:335 - Generated code: C:\Users\andre\Documents\GitHub\TS_Nucleo\TS_STM-H7\TS_STM-H7\TS_STM-H7\Core\Inc\stm32h7xx_hal_conf.h
2024-07-02 15:01:52,146 [WARN] IPConfigManager:3513 - IP not found : TIM
2024-07-02 15:01:52,146 [WARN] CodeGenerator:3951 - IP not found : null
2024-07-02 15:01:52,172 [INFO] CodeEngine:255 - oldGeneratedFile, C:\Users\andre\Documents\GitHub\TS_Nucleo\TS_STM-H7\TS_STM-H7\TS_STM-H7\Core\Inc\main.h_save
2024-07-02 15:01:52,289 [INFO] CodeEngine:279 - Generated code: C:\Users\andre\Documents\GitHub\TS_Nucleo\TS_STM-H7\TS_STM-H7\TS_STM-H7\Core\Inc\main.h
2024-07-02 15:01:52,311 [INFO] CodeEngine:255 - oldGeneratedFile, C:\Users\andre\Documents\GitHub\TS_Nucleo\TS_STM-H7\TS_STM-H7\TS_STM-H7\Core\Src\main.c_save
2024-07-02 15:01:52,471 [INFO] CodeEngine:279 - Generated code: C:\Users\andre\Documents\GitHub\TS_Nucleo\TS_STM-H7\TS_STM-H7\TS_STM-H7\Core\Src\main.c
2024-07-02 15:01:52,963 [INFO] ProjectBuilder:3163 - Time for Copy HAL[1] : 267mS.
2024-07-02 15:01:52,976 [INFO] ProjectBuilder:4736 - Project Generator version: 4.3.0-B58
2024-07-02 15:01:53,076 [INFO] ConfigFileManager:1503 - The Die is : DIE483
2024-07-02 15:01:54,238 [INFO] ProjectBuilder:5002 - Time for Generating toolchain IDE Files: 1262mS.
2024-07-02 15:01:54,239 [INFO] ProjectBuilder:3034 - Time for Copy CMSIS : 1mS.
2024-07-02 15:01:54,249 [INFO] ProjectBuilder:3034 - Time for Copy CMSIS : 0mS.
2024-07-02 17:43:37,818 [ERROR] LogOutputStream:75 - [STDERR_REDIRECT] 
