2024-06-28 14:44:13,521 [INFO] Activator:176 - 


2024-06-28 14:44:13,527 [INFO] Activator:177 - !SESSION log4j initialized
2024-06-28 14:44:18,290 [INFO] LogOutputStream:77 - [STDOUT_REDIRECT] 
2024-06-28 14:44:20,946 [INFO] ApplicationProperties:184 - Using Application install path: C:\ST\STM32CubeIDE_1.14.1\STM32CubeIDE\plugins\com.st.stm32cube.common.mx_6.11.1.202404110753
2024-06-28 14:44:20,962 [INFO] DbMcusXml:78 - Set database path to: C:\ST\STM32CubeIDE_1.14.1\STM32CubeIDE\plugins\com.st.stm32cube.common.mx_6.11.1.202404110753\\db\/mcu/
2024-06-28 14:44:20,963 [INFO] ApiDb:274 - Set plugin database path to: C:\ST\STM32CubeIDE_1.14.1\STM32CubeIDE\plugins\com.st.stm32cube.common.mx_6.11.1.202404110753\\db\/plugins/boardmanager/
2024-06-28 14:44:20,963 [WARN] ApiDb:259 - Overriding images path with different value:  => C:\ST\STM32CubeIDE_1.14.1\STM32CubeIDE\plugins\com.st.stm32cube.common.mx_6.11.1.202404110753\\db\/plugins/mcufinder/images/
2024-06-28 14:44:20,976 [INFO] ApiDb:250 - Set database path to: C:\Users\andre\.stmcufinder\plugins\mcufinder//mcu/
2024-06-28 14:44:20,979 [INFO] DbMcusAds:125 - Set database path to: C:\Users\andre\.stmcufinder\plugins\mcufinder//mcu/
2024-06-28 14:44:20,981 [INFO] CrossReferenceDbSqlite:203 - Set database path to: C:\Users\andre\.stmcufinder\plugins\mcufinder//mcu/cs/
2024-06-28 14:44:21,099 [INFO] RulesReader:64 - Compatibility file has been processed (297 Rules)
2024-06-28 14:44:21,187 [INFO] DbMcusXml:78 - Set database path to: C:\ST\STM32CubeIDE_1.14.1\STM32CubeIDE\plugins\com.st.stm32cube.common.mx_6.11.1.202404110753\\db\/mcu/
2024-06-28 14:44:21,187 [INFO] ApiDb:274 - Set plugin database path to: C:\ST\STM32CubeIDE_1.14.1\STM32CubeIDE\plugins\com.st.stm32cube.common.mx_6.11.1.202404110753\\db\/plugins/boardmanager/
2024-06-28 14:44:21,188 [INFO] ApiDb:261 - Set plugin images path to: C:\ST\STM32CubeIDE_1.14.1\STM32CubeIDE\plugins\com.st.stm32cube.common.mx_6.11.1.202404110753\\db\/plugins/mcufinder/images/
2024-06-28 14:44:21,188 [WARN] DbFile:41 - Overriding database path with different value: C:\Users\andre\.stmcufinder\plugins\mcufinder/ => C:\Users\andre\.stmcufinder\plugins\mcufinder
2024-06-28 14:44:21,188 [INFO] ApiDb:250 - Set database path to: C:\Users\andre\.stmcufinder\plugins\mcufinder//mcu/
2024-06-28 14:44:21,188 [WARN] DbFile:41 - Overriding database path with different value: C:\Users\andre\.stmcufinder\plugins\mcufinder/ => C:\Users\andre\.stmcufinder\plugins\mcufinder
2024-06-28 14:44:21,188 [INFO] DbMcusAds:125 - Set database path to: C:\Users\andre\.stmcufinder\plugins\mcufinder//mcu/
2024-06-28 14:44:21,188 [WARN] DbFile:41 - Overriding database path with different value: C:\Users\andre\.stmcufinder\plugins\mcufinder/ => C:\Users\andre\.stmcufinder\plugins\mcufinder
2024-06-28 14:44:21,188 [WARN] DbFile:41 - Overriding database path with different value: C:\Users\andre\.stmcufinder\plugins\mcufinder/ => C:\Users\andre\.stmcufinder\plugins\mcufinder
2024-06-28 14:44:21,188 [INFO] CrossReferenceDbSqlite:203 - Set database path to: C:\Users\andre\.stmcufinder\plugins\mcufinder//mcu/cs/
2024-06-28 14:44:21,273 [INFO] MainPanel:264 - HeapMemory: 268435456
2024-06-28 14:44:21,371 [INFO] DbMcusXml:78 - Set database path to: C:\ST\STM32CubeIDE_1.14.1\STM32CubeIDE\plugins\com.st.stm32cube.common.mx_6.11.1.202404110753\\db\/mcu/
2024-06-28 14:44:21,371 [INFO] ApiDb:274 - Set plugin database path to: C:\ST\STM32CubeIDE_1.14.1\STM32CubeIDE\plugins\com.st.stm32cube.common.mx_6.11.1.202404110753\\db\/plugins/boardmanager/
2024-06-28 14:44:21,371 [INFO] ApiDb:261 - Set plugin images path to: C:\ST\STM32CubeIDE_1.14.1\STM32CubeIDE\plugins\com.st.stm32cube.common.mx_6.11.1.202404110753\\db\/plugins/mcufinder/images/
2024-06-28 14:44:21,371 [WARN] DbFile:41 - Overriding database path with different value: C:\Users\andre\.stmcufinder\plugins\mcufinder/ => C:\Users\andre\.stmcufinder\plugins\mcufinder
2024-06-28 14:44:21,371 [INFO] ApiDb:250 - Set database path to: C:\Users\andre\.stmcufinder\plugins\mcufinder//mcu/
2024-06-28 14:44:21,371 [WARN] DbFile:41 - Overriding database path with different value: C:\Users\andre\.stmcufinder\plugins\mcufinder/ => C:\Users\andre\.stmcufinder\plugins\mcufinder
2024-06-28 14:44:21,372 [INFO] DbMcusAds:125 - Set database path to: C:\Users\andre\.stmcufinder\plugins\mcufinder//mcu/
2024-06-28 14:44:21,372 [WARN] DbFile:41 - Overriding database path with different value: C:\Users\andre\.stmcufinder\plugins\mcufinder/ => C:\Users\andre\.stmcufinder\plugins\mcufinder
2024-06-28 14:44:21,372 [WARN] DbFile:41 - Overriding database path with different value: C:\Users\andre\.stmcufinder\plugins\mcufinder/ => C:\Users\andre\.stmcufinder\plugins\mcufinder
2024-06-28 14:44:21,372 [INFO] CrossReferenceDbSqlite:203 - Set database path to: C:\Users\andre\.stmcufinder\plugins\mcufinder//mcu/cs/
2024-06-28 14:44:21,389 [INFO] ApplicationProperties:184 - Using Application install path: C:\ST\STM32CubeIDE_1.14.1\STM32CubeIDE\plugins\com.st.stm32cube.common.mx_6.11.1.202404110753
2024-06-28 14:44:21,391 [INFO] PluginManage:196 - Search for loadable plugins [exclusion list=, ]
2024-06-28 14:44:21,392 [INFO] PluginManage:310 - Check plugin analytics
2024-06-28 14:44:21,559 [INFO] AnalyticsPlugin:253 - Accepted Software Licenses: STM32CubeMX.6.10.0,STM32CubeMX.6.11.1
2024-06-28 14:44:21,559 [INFO] AnalyticsPlugin:255 - Accepted CMSIS Pack Licenses: STMicroelectronics.X-CUBE-AZRTOS-H7.3.2.0
2024-06-28 14:44:21,559 [INFO] AnalyticsPlugin:257 - Accepted Firmware Licenses: FW.H7.1.11.0
2024-06-28 14:44:21,562 [INFO] PluginManage:359 - Loaded plugin analytics (category:tool,tabindex:-1)
2024-06-28 14:44:21,563 [INFO] PluginManage:310 - Check plugin cadmodel
2024-06-28 14:44:21,607 [INFO] CADModel:105 - Init CAD model plugin
2024-06-28 14:44:21,607 [INFO] PluginManage:359 - Loaded plugin cadmodel (category:power,tabindex:5)
2024-06-28 14:44:21,607 [INFO] PluginManage:310 - Check plugin clock
2024-06-28 14:44:21,626 [INFO] PluginManage:359 - Loaded plugin clock (category:base,tabindex:2)
2024-06-28 14:44:21,627 [INFO] PluginManage:310 - Check plugin ddr
2024-06-28 14:44:21,629 [INFO] PluginManage:359 - Loaded plugin ddr (category:tool,tabindex:6)
2024-06-28 14:44:21,629 [INFO] PluginManage:310 - Check plugin filemanager
2024-06-28 14:44:21,768 [INFO] PluginManage:359 - Loaded plugin filemanager (category:base,tabindex:10)
2024-06-28 14:44:21,768 [INFO] PluginManage:310 - Check plugin ipmanager
2024-06-28 14:44:21,775 [INFO] PluginManage:359 - Loaded plugin ipmanager (category:base,tabindex:5)
2024-06-28 14:44:21,775 [INFO] PluginManage:310 - Check plugin lpbam
2024-06-28 14:44:21,796 [INFO] PluginManage:359 - Loaded plugin lpbam (category:base,tabindex:0)
2024-06-28 14:44:21,796 [INFO] PluginManage:310 - Check plugin memorymap
2024-06-28 14:44:21,819 [INFO] PluginManage:359 - Loaded plugin memorymap (category:base,tabindex:4)
2024-06-28 14:44:21,819 [INFO] PluginManage:310 - Check plugin pinoutandconfiguration
2024-06-28 14:44:21,837 [INFO] PluginManage:359 - Loaded plugin pinoutandconfiguration (category:base,tabindex:1)
2024-06-28 14:44:21,837 [INFO] PluginManage:310 - Check plugin pinoutconfig
2024-06-28 14:44:21,938 [WARN] SupportedApi:132 - Cannot load RTOS API schema: s4s-elt-must-match.1: The content of 'definitions' must match (annotation?, (simpleType | complexType)?, (unique | key | keyref)*)). A problem was found starting at: attribute.
2024-06-28 14:44:22,081 [INFO] PluginManage:359 - Loaded plugin pinoutconfig (category:base,tabindex:0)
2024-06-28 14:44:22,081 [INFO] PluginManage:310 - Check plugin power
2024-06-28 14:44:22,099 [INFO] PluginManage:359 - Loaded plugin power (category:power,tabindex:4)
2024-06-28 14:44:22,099 [INFO] PluginManage:310 - Check plugin projectmanager
2024-06-28 14:44:22,116 [INFO] PluginManage:359 - Loaded plugin projectmanager (category:projectmanager,tabindex:3)
2024-06-28 14:44:22,116 [INFO] PluginManage:310 - Check plugin thirdparty
2024-06-28 14:44:22,383 [INFO] PluginManage:359 - Loaded plugin thirdparty (category:base,tabindex:-1)
2024-06-28 14:44:22,383 [INFO] PluginManage:310 - Check plugin tools
2024-06-28 14:44:22,383 [WARN] IntegrityCheckThread:84 - waiting for thirdparty lock release [integrity check]
2024-06-28 14:44:22,383 [INFO] IntegrityCheckThread:86 - entering critical section [integrity check]
2024-06-28 14:44:22,384 [INFO] ThirdPartyUpdaterWithRetryManager:70 - Updater plugin not ready yet. [1/15]
2024-06-28 14:44:22,415 [INFO] PluginManage:359 - Loaded plugin tools (category:base,tabindex:7)
2024-06-28 14:44:22,415 [INFO] PluginManage:310 - Check plugin tutovideos
2024-06-28 14:44:22,593 [INFO] PluginManage:359 - Loaded plugin tutovideos (category:base,tabindex:-1)
2024-06-28 14:44:22,594 [INFO] PluginManage:310 - Check plugin updater
2024-06-28 14:44:22,603 [INFO] PluginManage:359 - Loaded plugin updater (category:base,tabindex:12)
2024-06-28 14:44:22,604 [INFO] PluginManage:310 - Check plugin userauth
2024-06-28 14:44:22,609 [INFO] UserAuth:114 - Init User Auth plugin
2024-06-28 14:44:22,609 [INFO] PluginManage:359 - Loaded plugin userauth (category:base,tabindex:14)
2024-06-28 14:44:22,609 [INFO] PluginManage:283 - PluginManage : Loaded plugins [17]
2024-06-28 14:44:22,805 [INFO] PinOutPanel:1561 - setPackage(No Configuration,No Configuration)
2024-06-28 14:44:22,871 [INFO] CADModel:165 - CPN selected for project level
2024-06-28 14:44:22,871 [INFO] CADModel:114 - Register for checkConnection events
2024-06-28 14:44:22,894 [INFO] IPUIPlugin:80 - create IPUIPlugin
2024-06-28 14:44:22,894 [INFO] PluginManager:220 - loadIPPluginJar : add adc
2024-06-28 14:44:22,925 [INFO] IPUIPlugin:80 - create IPUIPlugin
2024-06-28 14:44:22,925 [INFO] PluginManager:220 - loadIPPluginJar : add aes
2024-06-28 14:44:22,958 [INFO] IPUIPlugin:80 - create IPUIPlugin
2024-06-28 14:44:22,958 [INFO] PluginManager:220 - loadIPPluginJar : add can
2024-06-28 14:44:22,978 [INFO] IPUIPlugin:80 - create IPUIPlugin
2024-06-28 14:44:22,979 [INFO] PluginManager:220 - loadIPPluginJar : add comp
2024-06-28 14:44:23,007 [INFO] IPUIPlugin:80 - create IPUIPlugin
2024-06-28 14:44:23,007 [INFO] PluginManager:220 - loadIPPluginJar : add cryp
2024-06-28 14:44:23,033 [INFO] IPUIPlugin:80 - create IPUIPlugin
2024-06-28 14:44:23,033 [INFO] PluginManager:220 - loadIPPluginJar : add dfsdm
2024-06-28 14:44:23,045 [INFO] IPUIPlugin:80 - create IPUIPlugin
2024-06-28 14:44:23,045 [INFO] PluginManager:220 - loadIPPluginJar : add dma
2024-06-28 14:44:23,082 [INFO] IPUIPlugin:80 - create IPUIPlugin
2024-06-28 14:44:23,082 [INFO] PluginManager:220 - loadIPPluginJar : add dma3
2024-06-28 14:44:23,120 [INFO] IPUIPlugin:80 - create IPUIPlugin
2024-06-28 14:44:23,121 [INFO] PluginManager:220 - loadIPPluginJar : add extmemmanager
2024-06-28 14:44:23,138 [INFO] IPUIPlugin:80 - create IPUIPlugin
2024-06-28 14:44:23,138 [INFO] PluginManager:220 - loadIPPluginJar : add fatfs
2024-06-28 14:44:23,180 [INFO] IPUIPlugin:80 - create IPUIPlugin
2024-06-28 14:44:23,180 [INFO] PluginManager:220 - loadIPPluginJar : add fmc
2024-06-28 14:44:23,192 [INFO] IPUIPlugin:80 - create IPUIPlugin
2024-06-28 14:44:23,193 [INFO] PluginManager:220 - loadIPPluginJar : add freertos
2024-06-28 14:44:23,210 [INFO] IPUIPlugin:80 - create IPUIPlugin
2024-06-28 14:44:23,211 [INFO] PluginManager:220 - loadIPPluginJar : add genericplugin
2024-06-28 14:44:23,291 [INFO] IPUIPlugin:80 - create IPUIPlugin
2024-06-28 14:44:23,291 [INFO] PluginManager:220 - loadIPPluginJar : add gfxmmu
2024-06-28 14:44:23,412 [INFO] IPUIPlugin:80 - create IPUIPlugin
2024-06-28 14:44:23,412 [INFO] PluginManager:220 - loadIPPluginJar : add gic
2024-06-28 14:44:23,422 [INFO] IPUIPlugin:80 - create IPUIPlugin
2024-06-28 14:44:23,422 [INFO] PluginManager:220 - loadIPPluginJar : add gpio
2024-06-28 14:44:23,498 [INFO] IPUIPlugin:80 - create IPUIPlugin
2024-06-28 14:44:23,498 [INFO] PluginManager:220 - loadIPPluginJar : add gtzc
2024-06-28 14:44:23,526 [INFO] IPUIPlugin:80 - create IPUIPlugin
2024-06-28 14:44:23,526 [INFO] PluginManager:220 - loadIPPluginJar : add hash
2024-06-28 14:44:23,571 [INFO] IPUIPlugin:80 - create IPUIPlugin
2024-06-28 14:44:23,571 [INFO] PluginManager:220 - loadIPPluginJar : add i2c
2024-06-28 14:44:23,613 [INFO] IPUIPlugin:80 - create IPUIPlugin
2024-06-28 14:44:23,613 [INFO] PluginManager:220 - loadIPPluginJar : add i2s
2024-06-28 14:44:23,646 [INFO] IPUIPlugin:80 - create IPUIPlugin
2024-06-28 14:44:23,646 [INFO] PluginManager:220 - loadIPPluginJar : add i3c
2024-06-28 14:44:23,739 [INFO] IPUIPlugin:80 - create IPUIPlugin
2024-06-28 14:44:23,739 [INFO] PluginManager:220 - loadIPPluginJar : add ipddr
2024-06-28 14:44:23,821 [INFO] IPUIPlugin:80 - create IPUIPlugin
2024-06-28 14:44:23,821 [INFO] PluginManager:220 - loadIPPluginJar : add linkedlist
2024-06-28 14:44:23,850 [INFO] IPUIPlugin:80 - create IPUIPlugin
2024-06-28 14:44:23,850 [INFO] PluginManager:220 - loadIPPluginJar : add lorawan
2024-06-28 14:44:23,881 [INFO] IPUIPlugin:80 - create IPUIPlugin
2024-06-28 14:44:23,881 [INFO] PluginManager:220 - loadIPPluginJar : add ltdc
2024-06-28 14:44:23,893 [INFO] IPUIPlugin:80 - create IPUIPlugin
2024-06-28 14:44:23,893 [INFO] PluginManager:220 - loadIPPluginJar : add mdma
2024-06-28 14:44:23,903 [INFO] IPUIPlugin:80 - create IPUIPlugin
2024-06-28 14:44:23,904 [INFO] PluginManager:220 - loadIPPluginJar : add nvic
2024-06-28 14:44:23,934 [INFO] IPUIPlugin:80 - create IPUIPlugin
2024-06-28 14:44:23,934 [INFO] PluginManager:220 - loadIPPluginJar : add opamp
2024-06-28 14:44:23,984 [INFO] IPUIPlugin:80 - create IPUIPlugin
2024-06-28 14:44:23,984 [INFO] PluginManager:220 - loadIPPluginJar : add openamp
2024-06-28 14:44:24,020 [INFO] IPUIPlugin:80 - create IPUIPlugin
2024-06-28 14:44:24,020 [INFO] PluginManager:220 - loadIPPluginJar : add pdm2pcm
2024-06-28 14:44:24,033 [INFO] IPUIPlugin:80 - create IPUIPlugin
2024-06-28 14:44:24,034 [INFO] PluginManager:220 - loadIPPluginJar : add plateformsettings
2024-06-28 14:44:24,053 [INFO] IPUIPlugin:80 - create IPUIPlugin
2024-06-28 14:44:24,053 [INFO] PluginManager:220 - loadIPPluginJar : add quadspi
2024-06-28 14:44:24,063 [INFO] IPUIPlugin:80 - create IPUIPlugin
2024-06-28 14:44:24,063 [INFO] PluginManager:220 - loadIPPluginJar : add resmgrutility
2024-06-28 14:44:24,103 [INFO] IPUIPlugin:80 - create IPUIPlugin
2024-06-28 14:44:24,103 [INFO] PluginManager:220 - loadIPPluginJar : add sai
2024-06-28 14:44:24,134 [INFO] IPUIPlugin:80 - create IPUIPlugin
2024-06-28 14:44:24,134 [INFO] PluginManager:220 - loadIPPluginJar : add spi
2024-06-28 14:44:24,193 [INFO] IPUIPlugin:80 - create IPUIPlugin
2024-06-28 14:44:24,193 [INFO] PluginManager:220 - loadIPPluginJar : add stm32_wpan
2024-06-28 14:44:24,212 [INFO] IPUIPlugin:80 - create IPUIPlugin
2024-06-28 14:44:24,212 [INFO] PluginManager:220 - loadIPPluginJar : add tim
2024-06-28 14:44:24,265 [INFO] IPUIPlugin:80 - create IPUIPlugin
2024-06-28 14:44:24,265 [INFO] PluginManager:220 - loadIPPluginJar : add touchsensing
2024-06-28 14:44:24,284 [INFO] IPUIPlugin:80 - create IPUIPlugin
2024-06-28 14:44:24,284 [INFO] PluginManager:220 - loadIPPluginJar : add tracer_emb
2024-06-28 14:44:24,303 [INFO] IPUIPlugin:80 - create IPUIPlugin
2024-06-28 14:44:24,303 [INFO] PluginManager:220 - loadIPPluginJar : add ts
2024-06-28 14:44:24,322 [INFO] IPUIPlugin:80 - create IPUIPlugin
2024-06-28 14:44:24,322 [INFO] PluginManager:220 - loadIPPluginJar : add tsc
2024-06-28 14:44:24,341 [INFO] IPUIPlugin:80 - create IPUIPlugin
2024-06-28 14:44:24,341 [INFO] PluginManager:220 - loadIPPluginJar : add ucpd
2024-06-28 14:44:24,377 [INFO] IPUIPlugin:80 - create IPUIPlugin
2024-06-28 14:44:24,377 [INFO] PluginManager:220 - loadIPPluginJar : add usart
2024-06-28 14:44:24,413 [INFO] IPUIPlugin:80 - create IPUIPlugin
2024-06-28 14:44:24,413 [INFO] PluginManager:220 - loadIPPluginJar : add usbx
2024-06-28 14:44:24,528 [INFO] CADModel:165 - CPN selected for project level
2024-06-28 14:44:24,528 [INFO] CADModel:114 - Register for checkConnection events
2024-06-28 14:44:24,529 [FATAL] Updater:308 - Updater called before beeing initialized
2024-06-28 14:44:24,529 [ERROR] CADModel:125 - Updater not yet initialized, retry later 
2024-06-28 14:44:24,651 [INFO] CADModel:165 - CPN selected for project level
2024-06-28 14:44:24,651 [INFO] CADModel:114 - Register for checkConnection events
2024-06-28 14:44:24,651 [FATAL] Updater:308 - Updater called before beeing initialized
2024-06-28 14:44:24,651 [ERROR] CADModel:125 - Updater not yet initialized, retry later 
2024-06-28 14:44:24,654 [FATAL] Updater:308 - Updater called before beeing initialized
2024-06-28 14:44:24,782 [FATAL] Updater:308 - Updater called before beeing initialized
2024-06-28 14:44:24,790 [INFO] DbMcusAds:53 - JSON generation date=Thu May 16 11:22:00 CEST 2024 (1715851320852)
2024-06-28 14:44:24,790 [FATAL] Updater:308 - Updater called before beeing initialized
2024-06-28 14:44:24,824 [WARN] DetailPanel:346 - Failed to get advertising image, set to default
2024-06-28 14:44:24,893 [FATAL] Updater:308 - Updater called before beeing initialized
2024-06-28 14:44:24,896 [FATAL] Updater:308 - Updater called before beeing initialized
2024-06-28 14:44:24,896 [FATAL] Updater:308 - Updater called before beeing initialized
2024-06-28 14:44:24,896 [WARN] DetailPanel:346 - Failed to get advertising image, set to default
2024-06-28 14:44:24,896 [FATAL] Updater:308 - Updater called before beeing initialized
2024-06-28 14:44:24,949 [ERROR] Updater:1120 - MainUpdater not yet initialized. External WinMGr cannot be set.
2024-06-28 14:44:24,959 [INFO] Updater:1056 - Updater Version found : 6.11.1
2024-06-28 14:44:24,976 [INFO] ApplicationProperties:184 - Using Application install path: C:\ST\STM32CubeIDE_1.14.1\STM32CubeIDE\plugins\com.st.stm32cube.common.mx_6.11.1.202404110753
2024-06-28 14:44:25,384 [INFO] ThirdPartyUpdaterWithRetryManager:70 - Updater plugin not ready yet. [2/15]
2024-06-28 14:44:26,554 [ERROR] LogOutputStream:75 - [STDERR_REDIRECT] Jun 28, 2024 2:44:26 PM java.util.prefs.WindowsPreferences <init>
2024-06-28 14:44:26,555 [ERROR] LogOutputStream:75 - [STDERR_REDIRECT] WARNING: Could not open/create prefs root node Software\JavaSoft\Prefs at root 0xffffffff80000002. Windows RegCreateKeyEx(...) returned error code 5.
2024-06-28 14:44:26,555 [ERROR] LogOutputStream:75 - [STDERR_REDIRECT] 
2024-06-28 14:44:26,963 [INFO] MainUpdater:2873 - connection check result : 10
2024-06-28 14:44:26,964 [INFO] MainUpdater:290 - Updater Check For Update Now.
2024-06-28 14:44:26,964 [INFO] MicroXplorer:498 - Change Database Version : DB.6.0.111
2024-06-28 14:44:26,977 [INFO] McuFinderGlobals:63 - Set McuFinder mode to 2 (CubeIDE integrated)
2024-06-28 14:44:26,990 [INFO] UserAuth:415 - Internet connection configuration mode: 1
2024-06-28 14:44:27,016 [INFO] JxBrowserEngine:152 - Initiate JxBrowser Engine with user profile folder
2024-06-28 14:44:27,158 [INFO] CheckServerUpdateThread:120 - End of CheckServer Thread
2024-06-28 14:44:28,537 [WARN] PackLoader:240 - Cannot read IP mode file for STMicroelectronics.FP-SNS-MOTENVWB1.1.4.0
2024-06-28 14:44:28,556 [WARN] PackLoader:240 - Cannot read IP mode file for STMicroelectronics.X-CUBE-SMBUS.2.1.0
2024-06-28 14:44:28,570 [WARN] PackLoader:240 - Cannot read IP mode file for STMicroelectronics.X-CUBE-TOUCHGFX.4.23.1
2024-06-28 14:44:28,581 [WARN] PackLoader:240 - Cannot read IP mode file for STMicroelectronics.X-CUBE-TOUCHGFX.4.23.0
2024-06-28 14:44:28,590 [WARN] PackLoader:240 - Cannot read IP mode file for STMicroelectronics.X-CUBE-TOUCHGFX.4.23.2
2024-06-28 14:44:28,644 [WARN] PackLoader:240 - Cannot read IP mode file for STMicroelectronics.X-CUBE-AZRTOS-F7.1.1.0
2024-06-28 14:44:28,664 [WARN] PackLoader:240 - Cannot read IP mode file for STMicroelectronics.FP-SNS-MOTENV1.4.3.2
2024-06-28 14:44:28,678 [WARN] PackLoader:240 - Cannot read IP mode file for STMicroelectronics.FP-SNS-FLIGHT1.5.0.2
2024-06-28 14:44:28,700 [WARN] PackLoader:240 - Cannot read IP mode file for STMicroelectronics.X-CUBE-DISPLAY.3.0.0
2024-06-28 14:44:28,724 [WARN] PackLoader:240 - Cannot read IP mode file for STMicroelectronics.X-CUBE-BLE1.7.0.0
2024-06-28 14:44:28,739 [WARN] PackLoader:240 - Cannot read IP mode file for emotas.I-CUBE-CANOPEN.1.3.0
2024-06-28 14:44:28,762 [WARN] PackLoader:240 - Cannot read IP mode file for STMicroelectronics.X-CUBE-BLEMGR.3.1.0
2024-06-28 14:44:28,776 [WARN] PackLoader:240 - Cannot read IP mode file for STMicroelectronics.FP-SNS-SMARTAG2.1.2.0
2024-06-28 14:44:28,797 [INFO] LogOutputStream:77 - [STDOUT_REDIRECT] 1 : Invalid condition id : UX_CORESTACK_Condition cause : null
2024-06-28 14:44:28,797 [INFO] LogOutputStream:77 - [STDOUT_REDIRECT] 1 : Invalid condition id : UX_CORESTACK_Condition cause : null
2024-06-28 14:44:28,798 [INFO] LogOutputStream:77 - [STDOUT_REDIRECT] 1 : Invalid condition id : UX_CORESTACK_Condition cause : null
2024-06-28 14:44:28,799 [INFO] LogOutputStream:77 - [STDOUT_REDIRECT] 1 : Invalid condition id : UX_CORESTACK_Condition cause : null
2024-06-28 14:44:28,799 [INFO] LogOutputStream:77 - [STDOUT_REDIRECT] 1 : Invalid condition id : UX_CORESTACK_Condition cause : null
2024-06-28 14:44:28,801 [WARN] PackLoader:240 - Cannot read IP mode file for STMicroelectronics.X-CUBE-AZRTOS-WL.2.0.0
2024-06-28 14:44:28,813 [WARN] PackLoader:240 - Cannot read IP mode file for STMicroelectronics.FP-SNS-MOTENV1.5.0.0
2024-06-28 14:44:28,824 [WARN] PackLoader:240 - Cannot read IP mode file for wolfSSL.I-CUBE-wolfMQTT.1.19.0
2024-06-28 14:44:28,837 [WARN] PackLoader:240 - Cannot read IP mode file for WES.I-CUBE-Cesium.1.3.0
2024-06-28 14:44:28,848 [WARN] PackLoader:240 - Cannot read IP mode file for STMicroelectronics.X-CUBE-BLE2.3.3.0
2024-06-28 14:44:28,860 [WARN] PackLoader:240 - Cannot read IP mode file for STMicroelectronics.X-CUBE-TCPP.4.1.0
2024-06-28 14:44:28,872 [WARN] PackLoader:240 - Cannot read IP mode file for STMicroelectronics.X-CUBE-ALGOBUILD.1.3.0
2024-06-28 14:44:28,900 [WARN] PackLoader:240 - Cannot read IP mode file for STMicroelectronics.X-CUBE-AZRTOS-G0.1.1.0
2024-06-28 14:44:28,920 [WARN] PackLoader:240 - Cannot read IP mode file for STMicroelectronics.X-CUBE-SAFEA1.1.2.2
2024-06-28 14:44:28,937 [WARN] PackLoader:240 - Cannot read IP mode file for STMicroelectronics.X-CUBE-NFC4.3.0.0
2024-06-28 14:44:28,950 [WARN] PackLoader:240 - Cannot read IP mode file for wolfSSL.I-CUBE-wolfMQTT.1.18.0
2024-06-28 14:44:28,964 [WARN] PackLoader:240 - Cannot read IP mode file for STMicroelectronics.FP-ATR-SIGFOX1.3.2.0
2024-06-28 14:44:28,981 [WARN] PackLoader:240 - Cannot read IP mode file for STMicroelectronics.X-CUBE-EEPRMA1.5.1.0
2024-06-28 14:44:29,019 [WARN] PackLoader:240 - Cannot read IP mode file for SEGGER.I-CUBE-embOS.1.3.1
2024-06-28 14:44:29,100 [WARN] PackLoader:240 - Cannot read IP mode file for STMicroelectronics.X-CUBE-ALGOBUILD.1.4.0
2024-06-28 14:44:29,134 [WARN] PackLoader:240 - Cannot read IP mode file for STMicroelectronics.X-CUBE-GNSS1.6.0.0
2024-06-28 14:44:29,190 [WARN] PackLoader:240 - Cannot read IP mode file for STMicroelectronics.X-CUBE-AZRTOS-F4.1.1.0
2024-06-28 14:44:29,215 [WARN] PackLoader:240 - Cannot read IP mode file for STMicroelectronics.X-CUBE-FREERTOS.1.2.0
2024-06-28 14:44:29,233 [WARN] PackLoader:240 - Cannot read IP mode file for wolfSSL.I-CUBE-wolfSSL.5.6.6
2024-06-28 14:44:29,264 [WARN] PackLoader:240 - Cannot read IP mode file for STMicroelectronics.X-CUBE-AZRTOS-L5.2.0.0
2024-06-28 14:44:29,280 [WARN] PackLoader:240 - Cannot read IP mode file for STMicroelectronics.X-CUBE-NFC6.3.1.0
2024-06-28 14:44:29,299 [WARN] PackLoader:240 - Cannot read IP mode file for ITTIA_DB.I-CUBE-ITTIADB.8.8.0
2024-06-28 14:44:29,313 [WARN] PackLoader:240 - Cannot read IP mode file for STMicroelectronics.X-CUBE-AI.9.0.0
2024-06-28 14:44:29,328 [WARN] PackLoader:240 - Cannot read IP mode file for STMicroelectronics.X-CUBE-NFC7.1.0.1
2024-06-28 14:44:29,342 [WARN] PackLoader:240 - Cannot read IP mode file for STMicroelectronics.X-CUBE-NFC6.3.0.0
2024-06-28 14:44:29,356 [WARN] PackLoader:240 - Cannot read IP mode file for STMicroelectronics.X-CUBE-AI.8.1.0
2024-06-28 14:44:29,388 [WARN] ConditionMgr:438 - getConditionDescription Invalid condition id : LAN8742 Phy interface Condition cause : null
2024-06-28 14:44:29,388 [WARN] PackLoader:240 - Cannot read IP mode file for STMicroelectronics.X-CUBE-AZRTOS-L4.2.0.0
2024-06-28 14:44:29,389 [WARN] ConditionMgr:1039 - genDependencies : Invalid condition id : LAN8742 Phy interface Condition cause : null
2024-06-28 14:44:29,389 [WARN] ConditionMgr:1039 - genDependencies : Invalid condition id : LAN8742 Phy interface Condition cause : null
2024-06-28 14:44:29,390 [WARN] ConditionMgr:1039 - genDependencies : Invalid condition id : LAN8742 Phy interface Condition cause : null
2024-06-28 14:44:29,406 [WARN] PackLoader:240 - Cannot read IP mode file for STMicroelectronics.X-CUBE-SFXS2LP1.4.0.0
2024-06-28 14:44:29,434 [WARN] ConditionMgr:438 - getConditionDescription Invalid condition id : UX DEVICE CLASS RTOS Condition cause : null
2024-06-28 14:44:29,435 [WARN] ConditionMgr:438 - getConditionDescription Invalid condition id : UX DEVICE CLASS RTOS Condition cause : null
2024-06-28 14:44:29,437 [WARN] PackLoader:240 - Cannot read IP mode file for STMicroelectronics.X-CUBE-AZRTOS-WB.2.0.0
2024-06-28 14:44:29,438 [WARN] ConditionMgr:1039 - genDependencies : Invalid condition id : UX DEVICE CLASS RTOS Condition cause : null
2024-06-28 14:44:29,438 [WARN] ConditionMgr:1039 - genDependencies : Invalid condition id : UX DEVICE CLASS RTOS Condition cause : null
2024-06-28 14:44:29,438 [WARN] ConditionMgr:1039 - genDependencies : Invalid condition id : UX DEVICE CLASS RTOS Condition cause : null
2024-06-28 14:44:29,439 [WARN] ConditionMgr:1039 - genDependencies : Invalid condition id : UX DEVICE CLASS RTOS Condition cause : null
2024-06-28 14:44:29,439 [WARN] ConditionMgr:1039 - genDependencies : Invalid condition id : UX DEVICE CLASS RTOS Condition cause : null
2024-06-28 14:44:29,457 [WARN] PackLoader:240 - Cannot read IP mode file for STMicroelectronics.X-CUBE-SUBG2.5.0.0
2024-06-28 14:44:29,489 [WARN] PackLoader:240 - Cannot read IP mode file for STMicroelectronics.X-CUBE-AZRTOS-G4.2.0.0
2024-06-28 14:44:29,511 [WARN] PackLoader:240 - Cannot read IP mode file for Infineon.AIROC-Wi-Fi-Bluetooth-STM32.1.5.1
2024-06-28 14:44:29,524 [WARN] PackLoader:240 - Cannot read IP mode file for STMicroelectronics.FP-SNS-MOTENVWB1.1.3.1
2024-06-28 14:44:29,537 [WARN] PackLoader:240 - Cannot read IP mode file for STMicroelectronics.X-CUBE-ISPU.2.0.0
2024-06-28 14:44:29,555 [WARN] PackLoader:240 - Cannot read IP mode file for STMicroelectronics.X-CUBE-ALS.1.0.2
2024-06-28 14:44:29,606 [WARN] PackLoader:240 - Cannot read IP mode file for STMicroelectronics.X-CUBE-MEMS1.10.0.0
2024-06-28 14:44:29,739 [WARN] PackLoader:240 - Cannot read IP mode file for STMicroelectronics.X-CUBE-FREERTOS.1.1.0
2024-06-28 14:44:29,755 [WARN] PackLoader:240 - Cannot read IP mode file for STMicroelectronics.X-CUBE-TOUCHGFX.4.24.0
2024-06-28 14:44:29,773 [WARN] PackLoader:240 - Cannot read IP mode file for portGmbH.I-Cube-SoM-uGOAL.1.1.0
2024-06-28 14:44:29,790 [WARN] PackLoader:240 - Cannot read IP mode file for STMicroelectronics.X-CUBE-ALS.1.0.1
2024-06-28 14:44:29,836 [WARN] PackLoader:240 - Cannot read IP mode file for STMicroelectronics.X-CUBE-AZRTOS-H7RS.1.0.0
2024-06-28 14:44:29,856 [WARN] PackLoader:240 - Cannot read IP mode file for STMicroelectronics.FP-ATR-ASTRA1.2.0.0
2024-06-28 14:44:29,883 [WARN] PackLoader:240 - Cannot read IP mode file for STMicroelectronics.X-CUBE-TOF1.3.4.1
2024-06-28 14:44:29,931 [WARN] PackLoader:240 - Cannot read IP mode file for STMicroelectronics.X-CUBE-AZRTOS-H7.3.2.0
2024-06-28 14:44:30,190 [INFO] ThirdParty:978 - Integrity check success = true
2024-06-28 14:44:30,190 [INFO] IntegrityCheckThread:100 - exiting critical section [integrity check]
2024-06-28 14:44:30,190 [INFO] IntegrityCheckThread:103 - End integrity checks thread
2024-06-28 14:44:31,351 [INFO] WebApp:161 - Instantiating new browser for Auth
2024-06-28 14:44:32,076 [INFO] WebApp:779 - Register for checkConnection events
2024-06-28 14:44:32,077 [INFO] WebApp:414 - Apply proxy settings
2024-06-28 14:44:32,077 [INFO] WebApp:499 - Chromium requires no authentication
2024-06-28 14:44:32,085 [INFO] WebApp:442 - Direct internet connection detected
2024-06-28 14:44:32,237 [INFO] WebApp:192 - Starting web application
2024-06-28 14:44:32,237 [INFO] WebApp:544 - Web application path used C:\ST\STM32CubeIDE_1.14.1\STM32CubeIDE\plugins\com.st.stm32cube.common.mx_6.11.1.202404110753\db\plugins\mcufinder\reactClient1\index.html
2024-06-28 16:42:18,600 [INFO] McuFinderGlobals:63 - Set McuFinder mode to 2 (CubeIDE integrated)
2024-06-28 16:42:18,628 [INFO] MainUpdater:2873 - connection check result : 10
2024-06-28 16:42:18,635 [INFO] MainUpdater:2873 - connection check result : 10
2024-06-28 16:42:18,801 [INFO] MicroXplorer:468 - Change Database Path : 
2024-06-28 16:42:18,802 [INFO] MicroXplorer:498 - Change Database Version : DB.6.0.111
2024-06-28 16:42:18,807 [WARN] ThirdParty:871 - waiting for thirdparty lock release [close project]
2024-06-28 16:42:18,807 [INFO] ThirdParty:873 - entering critical section [close project]
2024-06-28 16:42:18,809 [INFO] ThirdParty:883 - exiting critical section [close project]
2024-06-28 16:42:18,811 [INFO] PinOutPanel:1561 - setPackage(No Configuration,No Configuration)
2024-06-28 16:42:18,845 [INFO] UtilMem:75 - Begin LoadConfig() Used Memory: 665870000 Bytes (754974720)
2024-06-28 16:42:18,880 [INFO] MicroXplorer:468 - Change Database Path : C:/Users/andre/.stm32cubemx/databases/DB.6.0.110/db/
2024-06-28 16:42:18,880 [INFO] MicroXplorer:498 - Change Database Version : DB.6.0.110
2024-06-28 16:42:20,741 [INFO] OpenFileManager:312 - Change cursor
2024-06-28 16:42:20,827 [INFO] Mcu:2021 - Initializing MCU STM32H723ZGTx STM32H723ZGTx STM32H723ZGT6
2024-06-28 16:42:25,906 [INFO] Context:663 - Trying to add GPIOservice into a context  which must be forbidden
2024-06-28 16:42:27,512 [INFO] RtosManager:555 - Registered RTOS mode: class=CMSIS, group=RTOS, mode=CMSIS_V1, owner=FREERTOS
2024-06-28 16:42:27,512 [INFO] RtosManager:555 - Registered RTOS mode: class=CMSIS, group=RTOS2, mode=CMSIS_V2, owner=FREERTOS
2024-06-28 16:42:27,512 [INFO] RtosManager:555 - Registered RTOS mode: class=RTOS, group=Core, mode=CMSIS_V1, owner=FREERTOS
2024-06-28 16:42:27,512 [INFO] RtosManager:555 - Registered RTOS mode: class=RTOS, group=Core, mode=CMSIS_V2, owner=FREERTOS
2024-06-28 16:42:27,513 [WARN] ModelIntegratedComponent:184 - Missing modes for component STMicroelectronics:FreeRTOS:0.0.1:STMicroelectronics:RTOS:FreeRTOS:Core:::10.2.0:
2024-06-28 16:42:27,522 [WARN] ModelIntegratedComponent:182 - Modes not found for component STMicroelectronics:USB_HOST:1.0.0:STMicroelectronics:USB::USB Host:Audio FS::1.0:USB_HOST_1_0_RESTRICTED_FS
2024-06-28 16:42:27,522 [WARN] ModelIntegratedComponent:188 - Modes not found for component STMicroelectronics:USB_HOST:1.0.0:STMicroelectronics:USB::USB Host:Audio FS::1.0:USB_HOST_1_0_RESTRICTED_FS
2024-06-28 16:42:27,522 [WARN] ModelIntegratedComponent:182 - Modes not found for component STMicroelectronics:USB_HOST:1.0.0:STMicroelectronics:USB::USB Host:CDC FS::1.0:USB_HOST_1_0_RESTRICTED_FS
2024-06-28 16:42:27,522 [WARN] ModelIntegratedComponent:188 - Modes not found for component STMicroelectronics:USB_HOST:1.0.0:STMicroelectronics:USB::USB Host:CDC FS::1.0:USB_HOST_1_0_RESTRICTED_FS
2024-06-28 16:42:27,523 [WARN] ModelIntegratedComponent:182 - Modes not found for component STMicroelectronics:USB_HOST:1.0.0:STMicroelectronics:USB::USB Host:MSC FS::1.0:USB_HOST_1_0_RESTRICTED_FS
2024-06-28 16:42:27,523 [WARN] ModelIntegratedComponent:188 - Modes not found for component STMicroelectronics:USB_HOST:1.0.0:STMicroelectronics:USB::USB Host:MSC FS::1.0:USB_HOST_1_0_RESTRICTED_FS
2024-06-28 16:42:27,523 [WARN] ModelIntegratedComponent:182 - Modes not found for component STMicroelectronics:USB_HOST:1.0.0:STMicroelectronics:USB::USB Host:HID FS::1.0:USB_HOST_1_0_RESTRICTED_FS
2024-06-28 16:42:27,523 [WARN] ModelIntegratedComponent:188 - Modes not found for component STMicroelectronics:USB_HOST:1.0.0:STMicroelectronics:USB::USB Host:HID FS::1.0:USB_HOST_1_0_RESTRICTED_FS
2024-06-28 16:42:27,523 [WARN] ModelIntegratedComponent:182 - Modes not found for component STMicroelectronics:USB_HOST:1.0.0:STMicroelectronics:USB::USB Host:MTP FS::1.0:USB_HOST_1_0_RESTRICTED_FS
2024-06-28 16:42:27,523 [WARN] ModelIntegratedComponent:188 - Modes not found for component STMicroelectronics:USB_HOST:1.0.0:STMicroelectronics:USB::USB Host:MTP FS::1.0:USB_HOST_1_0_RESTRICTED_FS
2024-06-28 16:42:27,536 [WARN] ModelIntegratedComponent:63 - No mode defined for component null
2024-06-28 16:42:27,536 [WARN] ModelIntegratedComponent:63 - No mode defined for component null
2024-06-28 16:42:27,536 [WARN] ModelIntegratedComponent:63 - No mode defined for component null
2024-06-28 16:42:27,536 [WARN] ModelIntegratedComponent:63 - No mode defined for component null
2024-06-28 16:42:27,536 [WARN] ModelIntegratedComponent:63 - No mode defined for component null
2024-06-28 16:42:27,536 [WARN] ModelIntegratedComponent:63 - No mode defined for component null
2024-06-28 16:42:27,536 [WARN] ModelIntegratedComponent:63 - No mode defined for component null
2024-06-28 16:42:27,536 [WARN] ModelIntegratedComponent:63 - No mode defined for component null
2024-06-28 16:42:27,536 [WARN] ModelIntegratedComponent:63 - No mode defined for component null
2024-06-28 16:42:27,536 [WARN] ModelIntegratedComponent:63 - No mode defined for component null
2024-06-28 16:42:27,536 [WARN] ModelIntegratedComponent:63 - No mode defined for component null
2024-06-28 16:42:27,536 [WARN] ModelIntegratedComponent:63 - No mode defined for component null
2024-06-28 16:42:27,536 [WARN] ModelIntegratedComponent:63 - No mode defined for component null
2024-06-28 16:42:27,537 [WARN] ModelIntegratedComponent:63 - No mode defined for component null
2024-06-28 16:42:27,537 [WARN] ModelIntegratedComponent:63 - No mode defined for component null
2024-06-28 16:42:27,537 [WARN] ModelIntegratedComponent:63 - No mode defined for component null
2024-06-28 16:42:27,537 [WARN] ModelIntegratedComponent:63 - No mode defined for component null
2024-06-28 16:42:27,537 [WARN] ModelIntegratedComponent:63 - No mode defined for component null
2024-06-28 16:42:27,537 [WARN] ModelIntegratedComponent:63 - No mode defined for component null
2024-06-28 16:42:27,537 [WARN] ModelIntegratedComponent:63 - No mode defined for component null
2024-06-28 16:42:27,537 [WARN] ModelIntegratedComponent:63 - No mode defined for component null
2024-06-28 16:42:27,537 [WARN] ModelIntegratedComponent:63 - No mode defined for component null
2024-06-28 16:42:27,537 [WARN] ModelIntegratedComponent:63 - No mode defined for component null
2024-06-28 16:42:27,537 [WARN] ModelIntegratedComponent:63 - No mode defined for component null
2024-06-28 16:42:27,537 [WARN] ModelIntegratedComponent:63 - No mode defined for component null
2024-06-28 16:42:27,537 [WARN] ModelIntegratedComponent:63 - No mode defined for component null
2024-06-28 16:42:27,537 [WARN] ModelIntegratedComponent:63 - No mode defined for component null
2024-06-28 16:42:27,537 [WARN] ModelIntegratedComponent:63 - No mode defined for component null
2024-06-28 16:42:27,537 [WARN] ModelIntegratedComponent:63 - No mode defined for component null
2024-06-28 16:42:27,537 [WARN] ModelIntegratedComponent:63 - No mode defined for component null
2024-06-28 16:42:27,537 [WARN] ModelIntegratedComponent:63 - No mode defined for component null
2024-06-28 16:42:27,537 [WARN] ModelIntegratedComponent:63 - No mode defined for component null
2024-06-28 16:42:27,537 [WARN] ModelIntegratedComponent:63 - No mode defined for component null
2024-06-28 16:42:27,537 [WARN] ModelIntegratedComponent:63 - No mode defined for component null
2024-06-28 16:42:27,618 [WARN] ModelIntegratedComponent:182 - Modes not found for component STMicroelectronics:USB_DEVICE:1.0.0:STMicroelectronics:USB::USB Device:Audio FS::1.0:USB_DEVICE_1_0_RESTRICTED_FS
2024-06-28 16:42:27,618 [WARN] ModelIntegratedComponent:188 - Modes not found for component STMicroelectronics:USB_DEVICE:1.0.0:STMicroelectronics:USB::USB Device:Audio FS::1.0:USB_DEVICE_1_0_RESTRICTED_FS
2024-06-28 16:42:27,618 [WARN] ModelIntegratedComponent:182 - Modes not found for component STMicroelectronics:USB_DEVICE:1.0.0:STMicroelectronics:USB::USB Device:CDC FS::1.0:USB_DEVICE_1_0_RESTRICTED_FS
2024-06-28 16:42:27,618 [WARN] ModelIntegratedComponent:188 - Modes not found for component STMicroelectronics:USB_DEVICE:1.0.0:STMicroelectronics:USB::USB Device:CDC FS::1.0:USB_DEVICE_1_0_RESTRICTED_FS
2024-06-28 16:42:27,619 [WARN] ModelIntegratedComponent:182 - Modes not found for component STMicroelectronics:USB_DEVICE:1.0.0:STMicroelectronics:USB::USB Device:DFU FS::1.0:USB_DEVICE_1_0_RESTRICTED_FS
2024-06-28 16:42:27,619 [WARN] ModelIntegratedComponent:188 - Modes not found for component STMicroelectronics:USB_DEVICE:1.0.0:STMicroelectronics:USB::USB Device:DFU FS::1.0:USB_DEVICE_1_0_RESTRICTED_FS
2024-06-28 16:42:27,619 [WARN] ModelIntegratedComponent:182 - Modes not found for component STMicroelectronics:USB_DEVICE:1.0.0:STMicroelectronics:USB::USB Device:HID FS::1.0:USB_DEVICE_1_0_RESTRICTED_FS
2024-06-28 16:42:27,619 [WARN] ModelIntegratedComponent:188 - Modes not found for component STMicroelectronics:USB_DEVICE:1.0.0:STMicroelectronics:USB::USB Device:HID FS::1.0:USB_DEVICE_1_0_RESTRICTED_FS
2024-06-28 16:42:27,619 [WARN] ModelIntegratedComponent:182 - Modes not found for component STMicroelectronics:USB_DEVICE:1.0.0:STMicroelectronics:USB::USB Device:Custom HID FS::1.0:USB_DEVICE_1_0_RESTRICTED_FS
2024-06-28 16:42:27,619 [WARN] ModelIntegratedComponent:188 - Modes not found for component STMicroelectronics:USB_DEVICE:1.0.0:STMicroelectronics:USB::USB Device:Custom HID FS::1.0:USB_DEVICE_1_0_RESTRICTED_FS
2024-06-28 16:42:27,619 [WARN] ModelIntegratedComponent:182 - Modes not found for component STMicroelectronics:USB_DEVICE:1.0.0:STMicroelectronics:USB::USB Device:MSC FS::1.0:USB_DEVICE_1_0_RESTRICTED_FS
2024-06-28 16:42:27,619 [WARN] ModelIntegratedComponent:188 - Modes not found for component STMicroelectronics:USB_DEVICE:1.0.0:STMicroelectronics:USB::USB Device:MSC FS::1.0:USB_DEVICE_1_0_RESTRICTED_FS
2024-06-28 16:42:27,642 [INFO] ThirdPartyModel:298 - Start build external matchings
2024-06-28 16:42:27,875 [INFO] ThirdPartyModel:316 - End build external matchings
2024-06-28 16:42:27,906 [INFO] ImportTextPane:194 - (OptionalMessage_ERROR) IP (DMA) : Parameter (Instance) has Id (USART1_RX) currently not set
2024-06-28 16:42:27,906 [INFO] ImportTextPane:194 - (OptionalMessage_ERROR) IP (DMA) : Parameter (Request) has Id (USART1_RX) currently not set
2024-06-28 16:42:27,906 [INFO] ImportTextPane:194 - (OptionalMessage_ERROR) IP (DMA) : Parameter (Direction) has Id (USART1_RX) currently not set
2024-06-28 16:42:27,906 [INFO] ImportTextPane:194 - (OptionalMessage_ERROR) IP (DMA) : Parameter (PeriphInc) has Id (USART1_RX) currently not set
2024-06-28 16:42:27,906 [INFO] ImportTextPane:194 - (OptionalMessage_ERROR) IP (DMA) : Parameter (MemInc) has Id (USART1_RX) currently not set
2024-06-28 16:42:27,906 [INFO] ImportTextPane:194 - (OptionalMessage_ERROR) IP (DMA) : Parameter (PeriphDataAlignment) has Id (USART1_RX) currently not set
2024-06-28 16:42:27,906 [INFO] ImportTextPane:194 - (OptionalMessage_ERROR) IP (DMA) : Parameter (MemDataAlignment) has Id (USART1_RX) currently not set
2024-06-28 16:42:27,906 [INFO] ImportTextPane:194 - (OptionalMessage_ERROR) IP (DMA) : Parameter (Mode) has Id (USART1_RX) currently not set
2024-06-28 16:42:27,906 [INFO] ImportTextPane:194 - (OptionalMessage_ERROR) IP (DMA) : Parameter (Priority) has Id (USART1_RX) currently not set
2024-06-28 16:42:27,906 [INFO] ImportTextPane:194 - (OptionalMessage_ERROR) IP (DMA) : Parameter (FIFOMode) has Id (USART1_RX) currently not set
2024-06-28 16:42:27,906 [INFO] ImportTextPane:194 - (OptionalMessage_ERROR) IP (DMA) : Parameter (SignalID) has Id (USART1_RX) currently not set
2024-06-28 16:42:27,906 [INFO] ImportTextPane:194 - (OptionalMessage_ERROR) IP (DMA) : Parameter (Polarity) has Id (USART1_RX) currently not set
2024-06-28 16:42:27,906 [INFO] ImportTextPane:194 - (OptionalMessage_ERROR) IP (DMA) : Parameter (RequestNumber) has Id (USART1_RX) currently not set
2024-06-28 16:42:27,906 [INFO] ImportTextPane:194 - (OptionalMessage_ERROR) IP (DMA) : Parameter (SyncSignalID) has Id (USART1_RX) currently not set
2024-06-28 16:42:27,906 [INFO] ImportTextPane:194 - (OptionalMessage_ERROR) IP (DMA) : Parameter (SyncPolarity) has Id (USART1_RX) currently not set
2024-06-28 16:42:27,914 [INFO] ImportTextPane:194 - (OptionalMessage_ERROR) IP (DMA) : Parameter (SyncEnable) has Id (USART1_RX) currently not set
2024-06-28 16:42:27,914 [INFO] ImportTextPane:194 - (OptionalMessage_ERROR) IP (DMA) : Parameter (EventEnable) has Id (USART1_RX) currently not set
2024-06-28 16:42:27,914 [INFO] ImportTextPane:194 - (OptionalMessage_ERROR) IP (DMA) : Parameter (SyncRequestNumber) has Id (USART1_RX) currently not set
2024-06-28 16:42:27,914 [INFO] ImportTextPane:194 - (OptionalMessage_ERROR) IP (DMA) : Parameter (Instance) has Id (USART1_TX) currently not set
2024-06-28 16:42:27,914 [INFO] ImportTextPane:194 - (OptionalMessage_ERROR) IP (DMA) : Parameter (Request) has Id (USART1_TX) currently not set
2024-06-28 16:42:27,914 [INFO] ImportTextPane:194 - (OptionalMessage_ERROR) IP (DMA) : Parameter (Direction) has Id (USART1_TX) currently not set
2024-06-28 16:42:27,914 [INFO] ImportTextPane:194 - (OptionalMessage_ERROR) IP (DMA) : Parameter (PeriphInc) has Id (USART1_TX) currently not set
2024-06-28 16:42:27,914 [INFO] ImportTextPane:194 - (OptionalMessage_ERROR) IP (DMA) : Parameter (MemInc) has Id (USART1_TX) currently not set
2024-06-28 16:42:27,915 [INFO] ImportTextPane:194 - (OptionalMessage_ERROR) IP (DMA) : Parameter (PeriphDataAlignment) has Id (USART1_TX) currently not set
2024-06-28 16:42:27,915 [INFO] ImportTextPane:194 - (OptionalMessage_ERROR) IP (DMA) : Parameter (MemDataAlignment) has Id (USART1_TX) currently not set
2024-06-28 16:42:27,915 [INFO] ImportTextPane:194 - (OptionalMessage_ERROR) IP (DMA) : Parameter (Mode) has Id (USART1_TX) currently not set
2024-06-28 16:42:27,915 [INFO] ImportTextPane:194 - (OptionalMessage_ERROR) IP (DMA) : Parameter (Priority) has Id (USART1_TX) currently not set
2024-06-28 16:42:27,915 [INFO] ImportTextPane:194 - (OptionalMessage_ERROR) IP (DMA) : Parameter (FIFOMode) has Id (USART1_TX) currently not set
2024-06-28 16:42:27,915 [INFO] ImportTextPane:194 - (OptionalMessage_ERROR) IP (DMA) : Parameter (SignalID) has Id (USART1_TX) currently not set
2024-06-28 16:42:27,915 [INFO] ImportTextPane:194 - (OptionalMessage_ERROR) IP (DMA) : Parameter (Polarity) has Id (USART1_TX) currently not set
2024-06-28 16:42:27,915 [INFO] ImportTextPane:194 - (OptionalMessage_ERROR) IP (DMA) : Parameter (RequestNumber) has Id (USART1_TX) currently not set
2024-06-28 16:42:27,915 [INFO] ImportTextPane:194 - (OptionalMessage_ERROR) IP (DMA) : Parameter (SyncSignalID) has Id (USART1_TX) currently not set
2024-06-28 16:42:27,915 [INFO] ImportTextPane:194 - (OptionalMessage_ERROR) IP (DMA) : Parameter (SyncPolarity) has Id (USART1_TX) currently not set
2024-06-28 16:42:27,915 [INFO] ImportTextPane:194 - (OptionalMessage_ERROR) IP (DMA) : Parameter (SyncEnable) has Id (USART1_TX) currently not set
2024-06-28 16:42:27,915 [INFO] ImportTextPane:194 - (OptionalMessage_ERROR) IP (DMA) : Parameter (EventEnable) has Id (USART1_TX) currently not set
2024-06-28 16:42:27,915 [INFO] ImportTextPane:194 - (OptionalMessage_ERROR) IP (DMA) : Parameter (SyncRequestNumber) has Id (USART1_TX) currently not set
2024-06-28 16:42:27,915 [INFO] ImportTextPane:194 - (OptionalMessage_ERROR) IP (DMA) : Parameter (Instance) has Id (SPI2_RX) currently not set
2024-06-28 16:42:27,915 [INFO] ImportTextPane:194 - (OptionalMessage_ERROR) IP (DMA) : Parameter (Request) has Id (SPI2_RX) currently not set
2024-06-28 16:42:27,915 [INFO] ImportTextPane:194 - (OptionalMessage_ERROR) IP (DMA) : Parameter (Direction) has Id (SPI2_RX) currently not set
2024-06-28 16:42:27,915 [INFO] ImportTextPane:194 - (OptionalMessage_ERROR) IP (DMA) : Parameter (PeriphInc) has Id (SPI2_RX) currently not set
2024-06-28 16:42:27,915 [INFO] ImportTextPane:194 - (OptionalMessage_ERROR) IP (DMA) : Parameter (MemInc) has Id (SPI2_RX) currently not set
2024-06-28 16:42:27,915 [INFO] ImportTextPane:194 - (OptionalMessage_ERROR) IP (DMA) : Parameter (PeriphDataAlignment) has Id (SPI2_RX) currently not set
2024-06-28 16:42:27,915 [INFO] ImportTextPane:194 - (OptionalMessage_ERROR) IP (DMA) : Parameter (MemDataAlignment) has Id (SPI2_RX) currently not set
2024-06-28 16:42:27,915 [INFO] ImportTextPane:194 - (OptionalMessage_ERROR) IP (DMA) : Parameter (Mode) has Id (SPI2_RX) currently not set
2024-06-28 16:42:27,915 [INFO] ImportTextPane:194 - (OptionalMessage_ERROR) IP (DMA) : Parameter (Priority) has Id (SPI2_RX) currently not set
2024-06-28 16:42:27,915 [INFO] ImportTextPane:194 - (OptionalMessage_ERROR) IP (DMA) : Parameter (FIFOMode) has Id (SPI2_RX) currently not set
2024-06-28 16:42:27,915 [INFO] ImportTextPane:194 - (OptionalMessage_ERROR) IP (DMA) : Parameter (FIFOThreshold) has Id (SPI2_RX) currently not set
2024-06-28 16:42:27,915 [INFO] ImportTextPane:194 - (OptionalMessage_ERROR) IP (DMA) : Parameter (FIFOThreshold) has invalid value (null)
2024-06-28 16:42:27,915 [INFO] ImportTextPane:194 - (OptionalMessage_ERROR) IP (DMA) : Parameter (MemBurst) has Id (SPI2_RX) currently not set
2024-06-28 16:42:27,915 [INFO] ImportTextPane:194 - (OptionalMessage_ERROR) IP (DMA) : Parameter (MemBurst) has invalid value (null)
2024-06-28 16:42:27,915 [INFO] ImportTextPane:194 - (OptionalMessage_ERROR) IP (DMA) : Parameter (PeriphBurst) has Id (SPI2_RX) currently not set
2024-06-28 16:42:27,915 [INFO] ImportTextPane:194 - (OptionalMessage_ERROR) IP (DMA) : Parameter (PeriphBurst) has invalid value (null)
2024-06-28 16:42:27,915 [INFO] ImportTextPane:194 - (OptionalMessage_ERROR) IP (DMA) : Parameter (SignalID) has Id (SPI2_RX) currently not set
2024-06-28 16:42:27,915 [INFO] ImportTextPane:194 - (OptionalMessage_ERROR) IP (DMA) : Parameter (Polarity) has Id (SPI2_RX) currently not set
2024-06-28 16:42:27,915 [INFO] ImportTextPane:194 - (OptionalMessage_ERROR) IP (DMA) : Parameter (RequestNumber) has Id (SPI2_RX) currently not set
2024-06-28 16:42:27,915 [INFO] ImportTextPane:194 - (OptionalMessage_ERROR) IP (DMA) : Parameter (SyncSignalID) has Id (SPI2_RX) currently not set
2024-06-28 16:42:27,915 [INFO] ImportTextPane:194 - (OptionalMessage_ERROR) IP (DMA) : Parameter (SyncPolarity) has Id (SPI2_RX) currently not set
2024-06-28 16:42:27,915 [INFO] ImportTextPane:194 - (OptionalMessage_ERROR) IP (DMA) : Parameter (SyncEnable) has Id (SPI2_RX) currently not set
2024-06-28 16:42:27,915 [INFO] ImportTextPane:194 - (OptionalMessage_ERROR) IP (DMA) : Parameter (EventEnable) has Id (SPI2_RX) currently not set
2024-06-28 16:42:27,915 [INFO] ImportTextPane:194 - (OptionalMessage_ERROR) IP (DMA) : Parameter (SyncRequestNumber) has Id (SPI2_RX) currently not set
2024-06-28 16:42:27,933 [WARN] IP:2120 - DEVICE_SERIAL0_CDC_HS not found: check if there is a RefParameter without a condition.
2024-06-28 16:42:27,933 [WARN] IP:2120 - DEVICE_SERIAL1_CDC_HS not found: check if there is a RefParameter without a condition.
2024-06-28 16:42:27,933 [WARN] IP:2120 - DEVICE_SERIAL2_CDC_HS not found: check if there is a RefParameter without a condition.
2024-06-28 16:42:28,902 [INFO] ApiDb:581 - Connected to CubeFinder SQLite database (C:\Users\andre\.stmcufinder\plugins\mcufinder\mcu\cube-finder-db.db)
2024-06-28 16:42:29,007 [INFO] ApiDb:668 - CubeFinder database Data Model version=2.1
2024-06-28 16:42:29,008 [INFO] ApiDb:669 - CubeFinder database Configuration version=3.0.39
2024-06-28 16:42:29,010 [INFO] ApiDb:670 - CubeFinder database generation date=2024-03-01 (1709305525)
2024-06-28 16:42:29,010 [INFO] ApiDb:671 - CubeFinder database FW Pack versions=[FP-ATR-ASTRA1_V2.0.0, FP-SNS-FLIGHT1_V5.0.1, FP-SNS-FLIGHT1_V5.0.2, FP-SNS-MOTENV1_V4.3.1, FP-SNS-MOTENV1_V4.3.2, FP-SNS-MOTENVWB1_V1.3.1, FP-SNS-SMARTAG2_V1.2.0, STM32Cube_FW_C0_V1.1.0, STM32Cube_FW_F4_V1.28.0, STM32Cube_FW_F7_V1.17.0, STM32Cube_FW_G0_V1.6.2, STM32Cube_FW_G4_V1.5.2, STM32Cube_FW_H5_V0.5.1, STM32Cube_FW_H5_V1.1.1, STM32Cube_FW_H5_V1.2.0, STM32Cube_FW_H5_V1.2.0RC4, STM32Cube_FW_H7RS_V1.0.0, STM32Cube_FW_H7RS_V1.0.0RC4, STM32Cube_FW_H7_V1.11.0, STM32Cube_FW_L0_V1.12.2, STM32Cube_FW_L5_V1.5.1, STM32Cube_FW_U0_V1.0.0, STM32Cube_FW_U0_V1.0.0RC1, STM32Cube_FW_U5_V1.3.0RC4, STM32Cube_FW_U5_V1.5.0, STM32Cube_FW_U5_V1.5.0RC1, STM32Cube_FW_WBA_V1.0.0RC1, STM32Cube_FW_WBA_V1.2.0, STM32Cube_FW_WBA_V1.2.0RC2, STM32Cube_FW_WBA_V1.3.0, STM32Cube_FW_WBA_V1.3.0RC1, STM32Cube_FW_WB_V1.15.0RC1, STM32Cube_FW_WB_V1.16.0, STM32Cube_FW_WB_V1.16.0RC2, STM32Cube_FW_WB_V1.18.0, STM32Cube_FW_WB_V1.19.0, STM32Cube_FW_WL_V1.3.0, X-CUBE-ALGOBUILD_V1.3.0, X-CUBE-ALS_V1.0.1, X-CUBE-AZRTOS-F4_V1.1.0, X-CUBE-AZRTOS-F7_V1.1.0, X-CUBE-AZRTOS-G0_V1.1.0, X-CUBE-AZRTOS-G4_V2.0.0, X-CUBE-AZRTOS-H7_V3.2.0, X-CUBE-AZRTOS-L4_V1.0.0, X-CUBE-AZRTOS-L4_V2.0.0, X-CUBE-AZRTOS-L5_V1.1.0, X-CUBE-AZRTOS-WB_V2.0.0, X-CUBE-AZRTOS-WL_V2.0.0, X-CUBE-BLE1_V7.0.0, X-CUBE-BLE2_V3.3.0, X-CUBE-BLEMGR_V3.1.0, X-CUBE-EEPRMA1_V4.1.0, X-CUBE-EEPRMA1_V5.1.0, X-CUBE-FREERTOS_V1.1.0, X-CUBE-GNSS1_V6.0.0, X-CUBE-MEMS1_V10.0.0, X-CUBE-MEMS1_V9.1.0, X-CUBE-MEMS1_V9.4.0, X-CUBE-MEMS1_V9.6.0, X-CUBE-NFC4_V3.0.0, X-CUBE-NFC7_V1.0.1, X-CUBE-SFXS2LP1_V4.0.0, X-CUBE-SUBG2_V5.0.0, X-CUBE-TOF1_V3.4.0]
2024-06-28 16:42:29,168 [INFO] DbBoardsSqlite:226 - include board P-NUCLEO-WB55-NUCLEO as a kit item of type 'Nucleo-64'
2024-06-28 16:42:29,169 [INFO] DbBoardsSqlite:226 - include board P-NUCLEO-WB55-USBDONGLE as a kit item of type 'Nucleo USB Dongle'
2024-06-28 16:42:29,170 [INFO] DbBoardsSqlite:226 - include board STEVAL-IDP005V1 as a kit item of type 'Evaluation Board'
2024-06-28 16:42:29,170 [INFO] DbBoardsSqlite:226 - include board STEVAL-IDP005V2 as a kit item of type 'Evaluation Board'
2024-06-28 16:42:29,455 [INFO] ApiDb:240 - Found 483 in-development CPN: [B-G473E-ZEST1S, B-WB1M-WPAN1, B-WL5M-SUBG1, NUCLEO-C031C6, NUCLEO-H503RB, NUCLEO-H533RE, NUCLEO-H563ZI, NUCLEO-H7S3L8, NUCLEO-U031R8, NUCLEO-U083RC, NUCLEO-U545RE-Q, NUCLEO-U5A5ZJ-Q, NUCLEO-WBA52CG, NUCLEO-WBA55CG, STEVAL-PROTEUS1, STEVAL-SMARTAG2, STEVAL-STWINBX1, STM320518-EVAL, STM32C0116-DK, STM32C011D6Y3TR, STM32C011D6Y6TR, STM32C011F4P3, STM32C011F4P6, STM32C011F4U3, STM32C011F4U6TR, STM32C011F6P3, STM32C011F6P6, STM32C011F6U3, STM32C011F6U6TR, STM32C011J4M3, STM32C011J4M6, STM32C011J6M3, STM32C011J6M6, STM32C0316-DK, STM32C031C4T3, STM32C031C4T6, STM32C031C4U3, STM32C031C4U6, STM32C031C6T3, STM32C031C6T6, STM32C031C6U3, STM32C031C6U6, STM32C031F4P3, STM32C031F4P6, STM32C031F6P3, STM32C031F6P6, STM32C031G4U3, STM32C031G4U6, STM32C031G6U3, STM32C031G6U6, STM32C031K4T3, STM32C031K4T6, STM32C031K4U3, STM32C031K4U6, STM32C031K6T3, STM32C031K6T6, STM32C031K6U3, STM32C031K6U6, STM32G071K8TXN, STM32G071K8UXN, STM32G081GBU6N, STM32G081KBT6N, STM32G081KBUXN, STM32G0B1CCT6N, STM32G0B1KCT6, STM32G0B1NEY6TR, STM32G0B1RCT6N, STM32G0C1CCT6, STM32G0C1CCT6N, STM32G0C1CCU6N, STM32G0C1CET6N, STM32G0C1CEU6N, STM32G0C1KCT6, STM32G0C1NEY6TR, STM32G0C1RCI6N, STM32G0C1RCT6N, STM32G0C1REI6N, STM32G0C1RET6N, STM32G0C1VCI6, STM32G0C1VEI6, STM32G471CCT6, STM32G471CCU6, STM32G471CET3, STM32G471CET6, STM32G471CEU3, STM32G471CEU6, STM32G471MCT6, STM32G471MET3, STM32G471MET6, STM32G471MEY6TR, STM32G471QCT6, STM32G471QET3, STM32G471RCT6, STM32G471RET3, STM32G471RET6, STM32G471VCH6, STM32G471VCI6, STM32G471VCT6, STM32G471VEH3, STM32G471VEH6, STM32G471VEI3, STM32G471VEI6, STM32G471VET3, STM32G471VET6, STM32G474CCT6, STM32H503CBT6, STM32H503CBU6, STM32H503EBY6TR, STM32H503KBU6, STM32H503RBT6, STM32H523CCT6, STM32H523CCU6, STM32H523CET6, STM32H523CEU6, STM32H523HEY6TR, STM32H523RCT6, STM32H523RET6, STM32H523VCI6, STM32H523VCT6, STM32H523VEI6, STM32H523VET6, STM32H523ZCJ6, STM32H523ZCT6, STM32H523ZEJ6, STM32H523ZET6, STM32H533CET6, STM32H533CEU6, STM32H533HEY6TR, STM32H533RET6, STM32H533VEI6, STM32H533VET6, STM32H533ZEJ6, STM32H533ZET6, STM32H562AGI6, STM32H562AII6, STM32H562IGK6, STM32H562IGT6, STM32H562IIK6, STM32H562IIT6, STM32H562RGT6, STM32H562RGV6, STM32H562RIT6, STM32H562RIV6, STM32H562VGT6, STM32H562VIT6, STM32H562ZGT6, STM32H562ZIT6, STM32H563AGI6, STM32H563AII3Q, STM32H563AII6, STM32H563IGK6, STM32H563IGT6, STM32H563IIK3Q, STM32H563IIK6, STM32H563IIT3Q, STM32H563IIT6, STM32H563MIY3QTR, STM32H563RGT6, STM32H563RGV6, STM32H563RIT6, STM32H563RIV6, STM32H563VGT6, STM32H563VIT3Q, STM32H563VIT6, STM32H563ZGT6, STM32H563ZIT3Q, STM32H563ZIT6, STM32H573AII3Q, STM32H573AII6, STM32H573I-DK, STM32H573IIK3Q, STM32H573IIK6, STM32H573IIT3Q, STM32H573IIT6, STM32H573MIY3QTR, STM32H573RIT6, STM32H573RIV6, STM32H573VIT3Q, STM32H573VIT6, STM32H573ZIT3Q, STM32H573ZIT6, STM32H7R3A8I6, STM32H7R3I8K6, STM32H7R3I8T6, STM32H7R3L8H6, STM32H7R3L8H6H, STM32H7R3R8V6, STM32H7R3V8H6, STM32H7R3V8T6, STM32H7R3V8Y6, STM32H7R3Z8J6, STM32H7R3Z8T6, STM32H7R7A8I6, STM32H7R7I8K6, STM32H7R7I8T6, STM32H7R7L8H6, STM32H7R7L8H6H, STM32H7R7Z8J6, STM32H7S3A8I6, STM32H7S3I8K6, STM32H7S3I8T6, STM32H7S3L8H6, STM32H7S3L8H6H, STM32H7S3R8V6, STM32H7S3V8H6, STM32H7S3V8T6, STM32H7S3V8Y6, STM32H7S3Z8J6, STM32H7S3Z8T6, STM32H7S78-DK, STM32H7S7A8I6, STM32H7S7I8K6, STM32H7S7I8T6, STM32H7S7L8H6, STM32H7S7L8H6H, STM32H7S7Z8J6, STM32L4R5QGI6STR, STM32MP131AAE3, STM32MP131AAF3, STM32MP131AAG3, STM32MP131CAE3, STM32MP131CAF3, STM32MP131CAG3, STM32MP131DAE7, STM32MP131DAF7, STM32MP131DAG7, STM32MP131FAE7, STM32MP131FAF7, STM32MP131FAG7, STM32MP133AAE3, STM32MP133AAF3, STM32MP133AAG3, STM32MP133CAE3, STM32MP133CAF3, STM32MP133CAG3, STM32MP133DAE7, STM32MP133DAF7, STM32MP133DAG7, STM32MP133FAE7, STM32MP133FAF7, STM32MP133FAG7, STM32MP135AAE3, STM32MP135AAF3, STM32MP135AAG3, STM32MP135CAE3, STM32MP135CAF3, STM32MP135CAG3, STM32MP135DAE7, STM32MP135DAF7, STM32MP135DAG7, STM32MP135F-DK, STM32MP135FAE7, STM32MP135FAF7, STM32MP135FAF7T, STM32MP135FAF7U, STM32MP135FAG7, STM32U031C6T6, STM32U031C6U6, STM32U031C8T6, STM32U031C8U6, STM32U031F4P6, STM32U031F6P6, STM32U031F8P6, STM32U031G6Y6TR, STM32U031G8Y6TR, STM32U031K4U6, STM32U031K6U6, STM32U031K8U6, STM32U031R6I6, STM32U031R6T6, STM32U031R8I6, STM32U031R8T6, STM32U073C8T6, STM32U073C8U6, STM32U073CBT6, STM32U073CBU6, STM32U073CCT6, STM32U073CCU6, STM32U073H8Y6TR, STM32U073HBY6TR, STM32U073HCY6TR, STM32U073K8U6, STM32U073KBU6, STM32U073KCU6, STM32U073M8I6, STM32U073M8T6, STM32U073MBI6, STM32U073MBT6, STM32U073MCI6, STM32U073MCT6, STM32U073R8I6, STM32U073R8T6, STM32U073RBI6, STM32U073RBT6, STM32U073RCI6, STM32U073RCT6, STM32U083C-DK, STM32U083CCT6, STM32U083CCU6, STM32U083HCY6TR, STM32U083KCU6, STM32U083MCI6, STM32U083MCT6, STM32U083RCI6, STM32U083RCT6, STM32U535CBT6, STM32U535CBT6Q, STM32U535CBU6, STM32U535CBU6Q, STM32U535CCT6, STM32U535CCT6Q, STM32U535CCU6, STM32U535CCU6Q, STM32U535CET6, STM32U535CET6Q, STM32U535CEU6, STM32U535CEU6Q, STM32U535JEY6QTR, STM32U535NCY6QTR, STM32U535NEY6QTR, STM32U535RBI6, STM32U535RBI6Q, STM32U535RBT6, STM32U535RBT6Q, STM32U535RCI6, STM32U535RCI6Q, STM32U535RCT6, STM32U535RCT6Q, STM32U535REI6, STM32U535REI6Q, STM32U535RET6, STM32U535RET6Q, STM32U535VCI6, STM32U535VCI6Q, STM32U535VCT6, STM32U535VCT6Q, STM32U535VEI6, STM32U535VEI6Q, STM32U535VET6, STM32U535VET6Q, STM32U545CET6, STM32U545CET6Q, STM32U545CEU6, STM32U545CEU6Q, STM32U545JEY6QTR, STM32U545NEY6QTR, STM32U545REI6, STM32U545REI6Q, STM32U545RET6, STM32U545RET6Q, STM32U545VEI6, STM32U545VEI6Q, STM32U545VET6, STM32U545VET6Q, STM32U595AIH6, STM32U595AIH6Q, STM32U595AJH6, STM32U595AJH6Q, STM32U595QII6, STM32U595QII6Q, STM32U595QJI6, STM32U595QJI6Q, STM32U595RIT6, STM32U595RIT6Q, STM32U595RJT6, STM32U595RJT6Q, STM32U595VIT6, STM32U595VIT6Q, STM32U595VJT6, STM32U595VJT6Q, STM32U595ZIT6, STM32U595ZIT6Q, STM32U595ZIY6QTR, STM32U595ZJT6, STM32U595ZJT6Q, STM32U595ZJY6QTR, STM32U599BJY6QTR, STM32U599NIH6Q, STM32U599NJH6Q, STM32U599VIT6Q, STM32U599VJT6, STM32U599VJT6Q, STM32U599ZIT6Q, STM32U599ZIY6QTR, STM32U599ZJT6Q, STM32U599ZJY6QTR, STM32U5A5AJH6, STM32U5A5AJH6Q, STM32U5A5QII3Q , STM32U5A5QJI6, STM32U5A5QJI6Q, STM32U5A5RJT6, STM32U5A5RJT6Q, STM32U5A5VJT6, STM32U5A5VJT6Q, STM32U5A5ZJT6, STM32U5A5ZJT6Q, STM32U5A5ZJY6QTR, STM32U5A9BJY6QTR, STM32U5A9J-DK, STM32U5A9NJH6Q, STM32U5A9VJT6Q, STM32U5A9ZJT6Q, STM32U5A9ZJY6QTR, STM32U5F7VIT6, STM32U5F7VIT6Q, STM32U5F7VJT6, STM32U5F7VJT6Q, STM32U5F9BJY6QTR, STM32U5F9NJH6Q, STM32U5F9VIT6Q, STM32U5F9VJT6Q, STM32U5F9ZIJ6QTR, STM32U5F9ZIT6Q, STM32U5F9ZJJ6QTR, STM32U5F9ZJT6Q, STM32U5G7VJT6, STM32U5G7VJT6Q, STM32U5G9BJY6QTR, STM32U5G9J-DK1, STM32U5G9J-DK2, STM32U5G9NJH6Q, STM32U5G9VJT6Q, STM32U5G9ZJJ6QTR, STM32U5G9ZJT6Q, STM32WB1MMCH6, STM32WBA50KEU6, STM32WBA50KEU6TR, STM32WBA50KGU6, STM32WBA50KGU6TR, STM32WBA52CEU6, STM32WBA52CEU6TR, STM32WBA52CEU7, STM32WBA52CEU7TR, STM32WBA52CGU6, STM32WBA52CGU6TR, STM32WBA52CGU6U, STM32WBA52CGU7, STM32WBA52CGU7TR, STM32WBA52KEU6, STM32WBA52KEU6TR, STM32WBA52KGU6, STM32WBA52KGU6TR, STM32WBA54CEU6, STM32WBA54CEU6TR, STM32WBA54CEU7, STM32WBA54CEU7TR, STM32WBA54CGU6, STM32WBA54CGU6TR, STM32WBA54CGU7, STM32WBA54CGU7TR, STM32WBA54KEU6, STM32WBA54KEU6TR, STM32WBA54KEU7, STM32WBA54KEU7TR, STM32WBA54KGU6, STM32WBA54KGU6TR, STM32WBA54KGU7, STM32WBA54KGU7TR, STM32WBA55CEU6, STM32WBA55CEU6TR, STM32WBA55CEU7, STM32WBA55CEU7TR, STM32WBA55CGU6, STM32WBA55CGU6TR, STM32WBA55CGU6U, STM32WBA55CGU7, STM32WBA55CGU7TR, STM32WBA55G-DK1, STM32WBA55HEF6, STM32WBA55HEF7, STM32WBA55HGF6, STM32WBA55HGF7, STM32WBA55UEI6, STM32WBA55UEI6TR, STM32WBA55UEI7, STM32WBA55UEI7TR, STM32WBA55UGI6, STM32WBA55UGI6TR, STM32WBA55UGI7, STM32WBA55UGI7TR, STM32WL5MOCH6, STM32WL5MOCH6TR]
2024-06-28 16:42:29,577 [INFO] BoardInfo:889 - No configuration file found for board P-NUCLEO-WB55
2024-06-28 16:42:29,578 [INFO] DbBoards:161 - Kit is not supported: P-NUCLEO-WB55
2024-06-28 16:42:29,583 [INFO] BoardInfo:889 - No configuration file found for board STEVAL-BFA001V1B
2024-06-28 16:42:29,583 [INFO] DbBoards:161 - Kit is not supported: STEVAL-BFA001V1B
2024-06-28 16:42:29,584 [INFO] BoardInfo:889 - No configuration file found for board STEVAL-BFA001V2B
2024-06-28 16:42:29,585 [INFO] DbBoards:161 - Kit is not supported: STEVAL-BFA001V2B
2024-06-28 16:42:29,749 [INFO] DbBoards:168 - Found 199 boards, 196 are supported
2024-06-28 16:42:29,750 [INFO] DbBoards:169 - Found 199 boards, 8 of them is supported for  Bsp
2024-06-28 16:42:29,753 [INFO] ApiDb:668 - CubeFinder database Data Model version=2.1
2024-06-28 16:42:29,753 [INFO] ApiDb:669 - CubeFinder database Configuration version=3.0.39
2024-06-28 16:42:29,754 [INFO] ApiDb:670 - CubeFinder database generation date=2024-03-01 (1709305525)
2024-06-28 16:42:29,754 [INFO] ApiDb:671 - CubeFinder database FW Pack versions=[FP-ATR-ASTRA1_V2.0.0, FP-SNS-FLIGHT1_V5.0.1, FP-SNS-FLIGHT1_V5.0.2, FP-SNS-MOTENV1_V4.3.1, FP-SNS-MOTENV1_V4.3.2, FP-SNS-MOTENVWB1_V1.3.1, FP-SNS-SMARTAG2_V1.2.0, STM32Cube_FW_C0_V1.1.0, STM32Cube_FW_F4_V1.28.0, STM32Cube_FW_F7_V1.17.0, STM32Cube_FW_G0_V1.6.2, STM32Cube_FW_G4_V1.5.2, STM32Cube_FW_H5_V0.5.1, STM32Cube_FW_H5_V1.1.1, STM32Cube_FW_H5_V1.2.0, STM32Cube_FW_H5_V1.2.0RC4, STM32Cube_FW_H7RS_V1.0.0, STM32Cube_FW_H7RS_V1.0.0RC4, STM32Cube_FW_H7_V1.11.0, STM32Cube_FW_L0_V1.12.2, STM32Cube_FW_L5_V1.5.1, STM32Cube_FW_U0_V1.0.0, STM32Cube_FW_U0_V1.0.0RC1, STM32Cube_FW_U5_V1.3.0RC4, STM32Cube_FW_U5_V1.5.0, STM32Cube_FW_U5_V1.5.0RC1, STM32Cube_FW_WBA_V1.0.0RC1, STM32Cube_FW_WBA_V1.2.0, STM32Cube_FW_WBA_V1.2.0RC2, STM32Cube_FW_WBA_V1.3.0, STM32Cube_FW_WBA_V1.3.0RC1, STM32Cube_FW_WB_V1.15.0RC1, STM32Cube_FW_WB_V1.16.0, STM32Cube_FW_WB_V1.16.0RC2, STM32Cube_FW_WB_V1.18.0, STM32Cube_FW_WB_V1.19.0, STM32Cube_FW_WL_V1.3.0, X-CUBE-ALGOBUILD_V1.3.0, X-CUBE-ALS_V1.0.1, X-CUBE-AZRTOS-F4_V1.1.0, X-CUBE-AZRTOS-F7_V1.1.0, X-CUBE-AZRTOS-G0_V1.1.0, X-CUBE-AZRTOS-G4_V2.0.0, X-CUBE-AZRTOS-H7_V3.2.0, X-CUBE-AZRTOS-L4_V1.0.0, X-CUBE-AZRTOS-L4_V2.0.0, X-CUBE-AZRTOS-L5_V1.1.0, X-CUBE-AZRTOS-WB_V2.0.0, X-CUBE-AZRTOS-WL_V2.0.0, X-CUBE-BLE1_V7.0.0, X-CUBE-BLE2_V3.3.0, X-CUBE-BLEMGR_V3.1.0, X-CUBE-EEPRMA1_V4.1.0, X-CUBE-EEPRMA1_V5.1.0, X-CUBE-FREERTOS_V1.1.0, X-CUBE-GNSS1_V6.0.0, X-CUBE-MEMS1_V10.0.0, X-CUBE-MEMS1_V9.1.0, X-CUBE-MEMS1_V9.4.0, X-CUBE-MEMS1_V9.6.0, X-CUBE-NFC4_V3.0.0, X-CUBE-NFC7_V1.0.1, X-CUBE-SFXS2LP1_V4.0.0, X-CUBE-SUBG2_V5.0.0, X-CUBE-TOF1_V3.4.0]
2024-06-28 16:42:31,423 [INFO] ApiDb:240 - Found 483 in-development CPN: [B-G473E-ZEST1S, B-WB1M-WPAN1, B-WL5M-SUBG1, NUCLEO-C031C6, NUCLEO-H503RB, NUCLEO-H533RE, NUCLEO-H563ZI, NUCLEO-H7S3L8, NUCLEO-U031R8, NUCLEO-U083RC, NUCLEO-U545RE-Q, NUCLEO-U5A5ZJ-Q, NUCLEO-WBA52CG, NUCLEO-WBA55CG, STEVAL-PROTEUS1, STEVAL-SMARTAG2, STEVAL-STWINBX1, STM320518-EVAL, STM32C0116-DK, STM32C011D6Y3TR, STM32C011D6Y6TR, STM32C011F4P3, STM32C011F4P6, STM32C011F4U3, STM32C011F4U6TR, STM32C011F6P3, STM32C011F6P6, STM32C011F6U3, STM32C011F6U6TR, STM32C011J4M3, STM32C011J4M6, STM32C011J6M3, STM32C011J6M6, STM32C0316-DK, STM32C031C4T3, STM32C031C4T6, STM32C031C4U3, STM32C031C4U6, STM32C031C6T3, STM32C031C6T6, STM32C031C6U3, STM32C031C6U6, STM32C031F4P3, STM32C031F4P6, STM32C031F6P3, STM32C031F6P6, STM32C031G4U3, STM32C031G4U6, STM32C031G6U3, STM32C031G6U6, STM32C031K4T3, STM32C031K4T6, STM32C031K4U3, STM32C031K4U6, STM32C031K6T3, STM32C031K6T6, STM32C031K6U3, STM32C031K6U6, STM32G071K8TXN, STM32G071K8UXN, STM32G081GBU6N, STM32G081KBT6N, STM32G081KBUXN, STM32G0B1CCT6N, STM32G0B1KCT6, STM32G0B1NEY6TR, STM32G0B1RCT6N, STM32G0C1CCT6, STM32G0C1CCT6N, STM32G0C1CCU6N, STM32G0C1CET6N, STM32G0C1CEU6N, STM32G0C1KCT6, STM32G0C1NEY6TR, STM32G0C1RCI6N, STM32G0C1RCT6N, STM32G0C1REI6N, STM32G0C1RET6N, STM32G0C1VCI6, STM32G0C1VEI6, STM32G471CCT6, STM32G471CCU6, STM32G471CET3, STM32G471CET6, STM32G471CEU3, STM32G471CEU6, STM32G471MCT6, STM32G471MET3, STM32G471MET6, STM32G471MEY6TR, STM32G471QCT6, STM32G471QET3, STM32G471RCT6, STM32G471RET3, STM32G471RET6, STM32G471VCH6, STM32G471VCI6, STM32G471VCT6, STM32G471VEH3, STM32G471VEH6, STM32G471VEI3, STM32G471VEI6, STM32G471VET3, STM32G471VET6, STM32G474CCT6, STM32H503CBT6, STM32H503CBU6, STM32H503EBY6TR, STM32H503KBU6, STM32H503RBT6, STM32H523CCT6, STM32H523CCU6, STM32H523CET6, STM32H523CEU6, STM32H523HEY6TR, STM32H523RCT6, STM32H523RET6, STM32H523VCI6, STM32H523VCT6, STM32H523VEI6, STM32H523VET6, STM32H523ZCJ6, STM32H523ZCT6, STM32H523ZEJ6, STM32H523ZET6, STM32H533CET6, STM32H533CEU6, STM32H533HEY6TR, STM32H533RET6, STM32H533VEI6, STM32H533VET6, STM32H533ZEJ6, STM32H533ZET6, STM32H562AGI6, STM32H562AII6, STM32H562IGK6, STM32H562IGT6, STM32H562IIK6, STM32H562IIT6, STM32H562RGT6, STM32H562RGV6, STM32H562RIT6, STM32H562RIV6, STM32H562VGT6, STM32H562VIT6, STM32H562ZGT6, STM32H562ZIT6, STM32H563AGI6, STM32H563AII3Q, STM32H563AII6, STM32H563IGK6, STM32H563IGT6, STM32H563IIK3Q, STM32H563IIK6, STM32H563IIT3Q, STM32H563IIT6, STM32H563MIY3QTR, STM32H563RGT6, STM32H563RGV6, STM32H563RIT6, STM32H563RIV6, STM32H563VGT6, STM32H563VIT3Q, STM32H563VIT6, STM32H563ZGT6, STM32H563ZIT3Q, STM32H563ZIT6, STM32H573AII3Q, STM32H573AII6, STM32H573I-DK, STM32H573IIK3Q, STM32H573IIK6, STM32H573IIT3Q, STM32H573IIT6, STM32H573MIY3QTR, STM32H573RIT6, STM32H573RIV6, STM32H573VIT3Q, STM32H573VIT6, STM32H573ZIT3Q, STM32H573ZIT6, STM32H7R3A8I6, STM32H7R3I8K6, STM32H7R3I8T6, STM32H7R3L8H6, STM32H7R3L8H6H, STM32H7R3R8V6, STM32H7R3V8H6, STM32H7R3V8T6, STM32H7R3V8Y6, STM32H7R3Z8J6, STM32H7R3Z8T6, STM32H7R7A8I6, STM32H7R7I8K6, STM32H7R7I8T6, STM32H7R7L8H6, STM32H7R7L8H6H, STM32H7R7Z8J6, STM32H7S3A8I6, STM32H7S3I8K6, STM32H7S3I8T6, STM32H7S3L8H6, STM32H7S3L8H6H, STM32H7S3R8V6, STM32H7S3V8H6, STM32H7S3V8T6, STM32H7S3V8Y6, STM32H7S3Z8J6, STM32H7S3Z8T6, STM32H7S78-DK, STM32H7S7A8I6, STM32H7S7I8K6, STM32H7S7I8T6, STM32H7S7L8H6, STM32H7S7L8H6H, STM32H7S7Z8J6, STM32L4R5QGI6STR, STM32MP131AAE3, STM32MP131AAF3, STM32MP131AAG3, STM32MP131CAE3, STM32MP131CAF3, STM32MP131CAG3, STM32MP131DAE7, STM32MP131DAF7, STM32MP131DAG7, STM32MP131FAE7, STM32MP131FAF7, STM32MP131FAG7, STM32MP133AAE3, STM32MP133AAF3, STM32MP133AAG3, STM32MP133CAE3, STM32MP133CAF3, STM32MP133CAG3, STM32MP133DAE7, STM32MP133DAF7, STM32MP133DAG7, STM32MP133FAE7, STM32MP133FAF7, STM32MP133FAG7, STM32MP135AAE3, STM32MP135AAF3, STM32MP135AAG3, STM32MP135CAE3, STM32MP135CAF3, STM32MP135CAG3, STM32MP135DAE7, STM32MP135DAF7, STM32MP135DAG7, STM32MP135F-DK, STM32MP135FAE7, STM32MP135FAF7, STM32MP135FAF7T, STM32MP135FAF7U, STM32MP135FAG7, STM32U031C6T6, STM32U031C6U6, STM32U031C8T6, STM32U031C8U6, STM32U031F4P6, STM32U031F6P6, STM32U031F8P6, STM32U031G6Y6TR, STM32U031G8Y6TR, STM32U031K4U6, STM32U031K6U6, STM32U031K8U6, STM32U031R6I6, STM32U031R6T6, STM32U031R8I6, STM32U031R8T6, STM32U073C8T6, STM32U073C8U6, STM32U073CBT6, STM32U073CBU6, STM32U073CCT6, STM32U073CCU6, STM32U073H8Y6TR, STM32U073HBY6TR, STM32U073HCY6TR, STM32U073K8U6, STM32U073KBU6, STM32U073KCU6, STM32U073M8I6, STM32U073M8T6, STM32U073MBI6, STM32U073MBT6, STM32U073MCI6, STM32U073MCT6, STM32U073R8I6, STM32U073R8T6, STM32U073RBI6, STM32U073RBT6, STM32U073RCI6, STM32U073RCT6, STM32U083C-DK, STM32U083CCT6, STM32U083CCU6, STM32U083HCY6TR, STM32U083KCU6, STM32U083MCI6, STM32U083MCT6, STM32U083RCI6, STM32U083RCT6, STM32U535CBT6, STM32U535CBT6Q, STM32U535CBU6, STM32U535CBU6Q, STM32U535CCT6, STM32U535CCT6Q, STM32U535CCU6, STM32U535CCU6Q, STM32U535CET6, STM32U535CET6Q, STM32U535CEU6, STM32U535CEU6Q, STM32U535JEY6QTR, STM32U535NCY6QTR, STM32U535NEY6QTR, STM32U535RBI6, STM32U535RBI6Q, STM32U535RBT6, STM32U535RBT6Q, STM32U535RCI6, STM32U535RCI6Q, STM32U535RCT6, STM32U535RCT6Q, STM32U535REI6, STM32U535REI6Q, STM32U535RET6, STM32U535RET6Q, STM32U535VCI6, STM32U535VCI6Q, STM32U535VCT6, STM32U535VCT6Q, STM32U535VEI6, STM32U535VEI6Q, STM32U535VET6, STM32U535VET6Q, STM32U545CET6, STM32U545CET6Q, STM32U545CEU6, STM32U545CEU6Q, STM32U545JEY6QTR, STM32U545NEY6QTR, STM32U545REI6, STM32U545REI6Q, STM32U545RET6, STM32U545RET6Q, STM32U545VEI6, STM32U545VEI6Q, STM32U545VET6, STM32U545VET6Q, STM32U595AIH6, STM32U595AIH6Q, STM32U595AJH6, STM32U595AJH6Q, STM32U595QII6, STM32U595QII6Q, STM32U595QJI6, STM32U595QJI6Q, STM32U595RIT6, STM32U595RIT6Q, STM32U595RJT6, STM32U595RJT6Q, STM32U595VIT6, STM32U595VIT6Q, STM32U595VJT6, STM32U595VJT6Q, STM32U595ZIT6, STM32U595ZIT6Q, STM32U595ZIY6QTR, STM32U595ZJT6, STM32U595ZJT6Q, STM32U595ZJY6QTR, STM32U599BJY6QTR, STM32U599NIH6Q, STM32U599NJH6Q, STM32U599VIT6Q, STM32U599VJT6, STM32U599VJT6Q, STM32U599ZIT6Q, STM32U599ZIY6QTR, STM32U599ZJT6Q, STM32U599ZJY6QTR, STM32U5A5AJH6, STM32U5A5AJH6Q, STM32U5A5QII3Q , STM32U5A5QJI6, STM32U5A5QJI6Q, STM32U5A5RJT6, STM32U5A5RJT6Q, STM32U5A5VJT6, STM32U5A5VJT6Q, STM32U5A5ZJT6, STM32U5A5ZJT6Q, STM32U5A5ZJY6QTR, STM32U5A9BJY6QTR, STM32U5A9J-DK, STM32U5A9NJH6Q, STM32U5A9VJT6Q, STM32U5A9ZJT6Q, STM32U5A9ZJY6QTR, STM32U5F7VIT6, STM32U5F7VIT6Q, STM32U5F7VJT6, STM32U5F7VJT6Q, STM32U5F9BJY6QTR, STM32U5F9NJH6Q, STM32U5F9VIT6Q, STM32U5F9VJT6Q, STM32U5F9ZIJ6QTR, STM32U5F9ZIT6Q, STM32U5F9ZJJ6QTR, STM32U5F9ZJT6Q, STM32U5G7VJT6, STM32U5G7VJT6Q, STM32U5G9BJY6QTR, STM32U5G9J-DK1, STM32U5G9J-DK2, STM32U5G9NJH6Q, STM32U5G9VJT6Q, STM32U5G9ZJJ6QTR, STM32U5G9ZJT6Q, STM32WB1MMCH6, STM32WBA50KEU6, STM32WBA50KEU6TR, STM32WBA50KGU6, STM32WBA50KGU6TR, STM32WBA52CEU6, STM32WBA52CEU6TR, STM32WBA52CEU7, STM32WBA52CEU7TR, STM32WBA52CGU6, STM32WBA52CGU6TR, STM32WBA52CGU6U, STM32WBA52CGU7, STM32WBA52CGU7TR, STM32WBA52KEU6, STM32WBA52KEU6TR, STM32WBA52KGU6, STM32WBA52KGU6TR, STM32WBA54CEU6, STM32WBA54CEU6TR, STM32WBA54CEU7, STM32WBA54CEU7TR, STM32WBA54CGU6, STM32WBA54CGU6TR, STM32WBA54CGU7, STM32WBA54CGU7TR, STM32WBA54KEU6, STM32WBA54KEU6TR, STM32WBA54KEU7, STM32WBA54KEU7TR, STM32WBA54KGU6, STM32WBA54KGU6TR, STM32WBA54KGU7, STM32WBA54KGU7TR, STM32WBA55CEU6, STM32WBA55CEU6TR, STM32WBA55CEU7, STM32WBA55CEU7TR, STM32WBA55CGU6, STM32WBA55CGU6TR, STM32WBA55CGU6U, STM32WBA55CGU7, STM32WBA55CGU7TR, STM32WBA55G-DK1, STM32WBA55HEF6, STM32WBA55HEF7, STM32WBA55HGF6, STM32WBA55HGF7, STM32WBA55UEI6, STM32WBA55UEI6TR, STM32WBA55UEI7, STM32WBA55UEI7TR, STM32WBA55UGI6, STM32WBA55UGI6TR, STM32WBA55UGI7, STM32WBA55UGI7TR, STM32WL5MOCH6, STM32WL5MOCH6TR]
2024-06-28 16:42:31,427 [INFO] DbMcus:218 - Found 4091 MCUs, 4091 are supported
2024-06-28 16:42:31,427 [INFO] ApiDb:423 - Load user favorites file C:\Users\andre/.stm32cubeide/favorites.mcus.txt: 0 item(s)
2024-06-28 16:42:31,428 [INFO] ApiDb:427 - User favorites MCUs=[]
2024-06-28 16:42:31,428 [INFO] DbMcus:224 - Set 0 / 0 favorites MCUs
2024-06-28 16:42:31,744 [INFO] ApiDb:423 - Load user favorites file C:\Users\andre/.stm32cubeide/favorites.boards.txt: 1 item(s)
2024-06-28 16:42:31,751 [INFO] ApiDb:427 - User favorites Boards=[NUCLEO-H723ZG]
2024-06-28 16:42:31,751 [INFO] DbBoards:198 - Set 1 / 1 favorites Boards
2024-06-28 16:42:31,834 [INFO] UtilMem:75 - End LoadConfig() Used Memory: 339581112 Bytes (754974720)
2024-06-28 16:42:31,984 [WARN] ThirdParty:833 - waiting for thirdparty lock release [change project]
2024-06-28 16:42:31,984 [INFO] ThirdParty:835 - entering critical section [change project]
2024-06-28 16:42:31,984 [INFO] ThirdParty:1030 - CMSIS Pack Vendor :STMicroelectronics USBPD 4.1
2024-06-28 16:42:31,984 [INFO] ThirdParty:1030 - CMSIS Pack Vendor :STMicroelectronics X-CUBE-GNSS1 6.0.0
2024-06-28 16:42:31,984 [INFO] ThirdParty:1030 - CMSIS Pack Vendor :STMicroelectronics USB_HOST 2.0.0
2024-06-28 16:42:31,984 [INFO] ThirdParty:1030 - CMSIS Pack Vendor :STMicroelectronics FP-SNS-MOTENVWB1 1.4.0
2024-06-28 16:42:31,984 [INFO] ThirdParty:1030 - CMSIS Pack Vendor :STMicroelectronics X-CUBE-AZRTOS-F4 1.1.0
2024-06-28 16:42:31,984 [INFO] ThirdParty:1030 - CMSIS Pack Vendor :STMicroelectronics LIBJPEG 8.0.0
2024-06-28 16:42:31,984 [INFO] ThirdParty:1030 - CMSIS Pack Vendor :STMicroelectronics X-CUBE-SMBUS 2.1.0
2024-06-28 16:42:31,984 [INFO] ThirdParty:1030 - CMSIS Pack Vendor :STMicroelectronics USB_DEVICE 3.0.0
2024-06-28 16:42:31,984 [INFO] ThirdParty:1030 - CMSIS Pack Vendor :STMicroelectronics X-CUBE-TCPP 4.1.0
2024-06-28 16:42:31,984 [INFO] ThirdParty:1030 - CMSIS Pack Vendor :STMicroelectronics X-CUBE-FREERTOS 1.2.0
2024-06-28 16:42:31,984 [INFO] ThirdParty:1030 - CMSIS Pack Vendor :STMicroelectronics X-CUBE-AZRTOS-WB 2.0.0
2024-06-28 16:42:31,984 [INFO] ThirdParty:1030 - CMSIS Pack Vendor :wolfSSL I-CUBE-wolfSSL 5.6.6
2024-06-28 16:42:31,984 [INFO] ThirdParty:1030 - CMSIS Pack Vendor :STMicroelectronics X-CUBE-TOUCHGFX 4.23.1
2024-06-28 16:42:31,984 [INFO] ThirdParty:1030 - CMSIS Pack Vendor :STMicroelectronics X-CUBE-TOUCHGFX 4.23.0
2024-06-28 16:42:31,984 [INFO] ThirdParty:1030 - CMSIS Pack Vendor :STMicroelectronics X-CUBE-TOUCHGFX 4.23.2
2024-06-28 16:42:31,984 [INFO] ThirdParty:1030 - CMSIS Pack Vendor :STMicroelectronics X-CUBE-AZRTOS-F7 1.1.0
2024-06-28 16:42:31,984 [INFO] ThirdParty:1030 - CMSIS Pack Vendor :STMicroelectronics X-CUBE-AZRTOS-L5 2.0.0
2024-06-28 16:42:31,984 [INFO] ThirdParty:1030 - CMSIS Pack Vendor :STMicroelectronics USB_DEVICE 2.0.0
2024-06-28 16:42:31,984 [INFO] ThirdParty:1030 - CMSIS Pack Vendor :STMicroelectronics X-CUBE-NFC6 3.1.0
2024-06-28 16:42:31,984 [INFO] ThirdParty:1030 - CMSIS Pack Vendor :ITTIA_DB I-CUBE-ITTIADB 8.8.0
2024-06-28 16:42:31,984 [INFO] ThirdParty:1030 - CMSIS Pack Vendor :STMicroelectronics FP-SNS-MOTENV1 4.3.2
2024-06-28 16:42:31,984 [INFO] ThirdParty:1030 - CMSIS Pack Vendor :STMicroelectronics X-CUBE-ALGOBUILD 1.3.0
2024-06-28 16:42:31,984 [INFO] ThirdParty:1030 - CMSIS Pack Vendor :STMicroelectronics FreeRTOS 0.0.1
2024-06-28 16:42:31,984 [INFO] ThirdParty:1030 - CMSIS Pack Vendor :STMicroelectronics X-CUBE-AZRTOS-G0 1.1.0
2024-06-28 16:42:31,984 [INFO] ThirdParty:1030 - CMSIS Pack Vendor :STMicroelectronics X-CUBE-SAFEA1 1.2.2
2024-06-28 16:42:31,984 [INFO] ThirdParty:1030 - CMSIS Pack Vendor :STMicroelectronics X-CUBE-NFC4 3.0.0
2024-06-28 16:42:31,984 [INFO] ThirdParty:1030 - CMSIS Pack Vendor :STMicroelectronics X-CUBE-SUBG2 5.0.0
2024-06-28 16:42:31,984 [INFO] ThirdParty:1030 - CMSIS Pack Vendor :STMicroelectronics STM32_WPAN 1.0.0
2024-06-28 16:42:31,984 [INFO] ThirdParty:1030 - CMSIS Pack Vendor :wolfSSL I-CUBE-wolfMQTT 1.18.0
2024-06-28 16:42:31,984 [INFO] ThirdParty:1030 - CMSIS Pack Vendor :STMicroelectronics lwIP 2.0.3
2024-06-28 16:42:31,984 [INFO] ThirdParty:1030 - CMSIS Pack Vendor :STMicroelectronics FP-SNS-FLIGHT1 5.0.2
2024-06-28 16:42:31,984 [INFO] ThirdParty:1030 - CMSIS Pack Vendor :STMicroelectronics USB_HOST 1.0.0
2024-06-28 16:42:31,984 [INFO] ThirdParty:1030 - CMSIS Pack Vendor :STMicroelectronics X-CUBE-AI 9.0.0
2024-06-28 16:42:31,984 [INFO] ThirdParty:1030 - CMSIS Pack Vendor :STMicroelectronics X-CUBE-AZRTOS-G4 2.0.0
2024-06-28 16:42:31,984 [INFO] ThirdParty:1030 - CMSIS Pack Vendor :STMicroelectronics PDM2PCM 3.1.0
2024-06-28 16:42:31,984 [INFO] ThirdParty:1030 - CMSIS Pack Vendor :Infineon AIROC-Wi-Fi-Bluetooth-STM32 1.5.1
2024-06-28 16:42:31,984 [INFO] ThirdParty:1030 - CMSIS Pack Vendor :STMicroelectronics PDM2PCM 3.3.0
2024-06-28 16:42:31,984 [INFO] ThirdParty:1030 - CMSIS Pack Vendor :STMicroelectronics X-CUBE-DISPLAY 3.0.0
2024-06-28 16:42:31,984 [INFO] ThirdParty:1030 - CMSIS Pack Vendor :STMicroelectronics FP-SNS-MOTENVWB1 1.3.1
2024-06-28 16:42:31,984 [INFO] ThirdParty:1030 - CMSIS Pack Vendor :STMicroelectronics X-CUBE-BLE1 7.0.0
2024-06-28 16:42:31,984 [INFO] ThirdParty:1030 - CMSIS Pack Vendor :STMicroelectronics FP-ATR-SIGFOX1 3.2.0
2024-06-28 16:42:31,984 [INFO] ThirdParty:1030 - CMSIS Pack Vendor :STMicroelectronics X-CUBE-ISPU 2.0.0
2024-06-28 16:42:31,984 [INFO] ThirdParty:1030 - CMSIS Pack Vendor :STMicroelectronics X-CUBE-EEPRMA1 5.1.0
2024-06-28 16:42:31,984 [INFO] ThirdParty:1030 - CMSIS Pack Vendor :STMicroelectronics HAL Drivers 0.0.0
2024-06-28 16:42:31,984 [INFO] ThirdParty:1030 - CMSIS Pack Vendor :STMicroelectronics MBEDTLS 2.16.2
2024-06-28 16:42:31,984 [INFO] ThirdParty:1030 - CMSIS Pack Vendor :STMicroelectronics X-CUBE-ALS 1.0.2
2024-06-28 16:42:31,984 [INFO] ThirdParty:1030 - CMSIS Pack Vendor :emotas I-CUBE-CANOPEN 1.3.0
2024-06-28 16:42:31,984 [INFO] ThirdParty:1030 - CMSIS Pack Vendor :STMicroelectronics X-CUBE-MEMS1 10.0.0
2024-06-28 16:42:31,984 [INFO] ThirdParty:1030 - CMSIS Pack Vendor :STMicroelectronics X-CUBE-FREERTOS 1.1.0
2024-06-28 16:42:31,984 [INFO] ThirdParty:1030 - CMSIS Pack Vendor :STMicroelectronics X-CUBE-NFC7 1.0.1
2024-06-28 16:42:31,984 [INFO] ThirdParty:1030 - CMSIS Pack Vendor :STMicroelectronics MBEDTLS 2.14.1
2024-06-28 16:42:31,984 [INFO] ThirdParty:1030 - CMSIS Pack Vendor :STMicroelectronics X-CUBE-TOUCHGFX 4.24.0
2024-06-28 16:42:31,984 [INFO] ThirdParty:1030 - CMSIS Pack Vendor :STMicroelectronics X-CUBE-NFC6 3.0.0
2024-06-28 16:42:31,984 [INFO] ThirdParty:1030 - CMSIS Pack Vendor :portGmbH I-Cube-SoM-uGOAL 1.1.0
2024-06-28 16:42:31,984 [INFO] ThirdParty:1030 - CMSIS Pack Vendor :STMicroelectronics X-CUBE-ALS 1.0.1
2024-06-28 16:42:31,984 [INFO] ThirdParty:1030 - CMSIS Pack Vendor :STMicroelectronics X-CUBE-BLEMGR 3.1.0
2024-06-28 16:42:31,984 [INFO] ThirdParty:1030 - CMSIS Pack Vendor :STMicroelectronics ThreadX 1.0.0
2024-06-28 16:42:31,984 [INFO] ThirdParty:1030 - CMSIS Pack Vendor :STMicroelectronics FP-SNS-SMARTAG2 1.2.0
2024-06-28 16:42:31,984 [INFO] ThirdParty:1030 - CMSIS Pack Vendor :STMicroelectronics X-CUBE-AZRTOS-WL 2.0.0
2024-06-28 16:42:31,984 [INFO] ThirdParty:1030 - CMSIS Pack Vendor :SEGGER I-CUBE-embOS 1.3.1
2024-06-28 16:42:31,984 [INFO] ThirdParty:1030 - CMSIS Pack Vendor :STMicroelectronics X-CUBE-ALGOBUILD 1.4.0
2024-06-28 16:42:31,984 [INFO] ThirdParty:1030 - CMSIS Pack Vendor :STMicroelectronics FP-SNS-MOTENV1 5.0.0
2024-06-28 16:42:31,984 [INFO] ThirdParty:1030 - CMSIS Pack Vendor :STMicroelectronics USB_DEVICE 1.0.0
2024-06-28 16:42:31,984 [INFO] ThirdParty:1030 - CMSIS Pack Vendor :STMicroelectronics X-CUBE-AI 8.1.0
2024-06-28 16:42:31,984 [INFO] ThirdParty:1030 - CMSIS Pack Vendor :STMicroelectronics X-CUBE-AZRTOS-H7RS 1.0.0
2024-06-28 16:42:31,984 [INFO] ThirdParty:1030 - CMSIS Pack Vendor :wolfSSL I-CUBE-wolfMQTT 1.19.0
2024-06-28 16:42:31,984 [INFO] ThirdParty:1030 - CMSIS Pack Vendor :STMicroelectronics X-CUBE-AZRTOS-L4 2.0.0
2024-06-28 16:42:31,984 [INFO] ThirdParty:1030 - CMSIS Pack Vendor :STMicroelectronics ThreadX 0.0.2
2024-06-28 16:42:31,984 [INFO] ThirdParty:1030 - CMSIS Pack Vendor :WES I-CUBE-Cesium 1.3.0
2024-06-28 16:42:31,984 [INFO] ThirdParty:1030 - CMSIS Pack Vendor :STMicroelectronics FP-ATR-ASTRA1 2.0.0
2024-06-28 16:42:31,984 [INFO] ThirdParty:1030 - CMSIS Pack Vendor :STMicroelectronics lwIP 2.1.2
2024-06-28 16:42:31,984 [INFO] ThirdParty:1030 - CMSIS Pack Vendor :STMicroelectronics X-CUBE-SFXS2LP1 4.0.0
2024-06-28 16:42:31,984 [INFO] ThirdParty:1030 - CMSIS Pack Vendor :STMicroelectronics X-CUBE-BLE2 3.3.0
2024-06-28 16:42:31,984 [INFO] ThirdParty:1030 - CMSIS Pack Vendor :STMicroelectronics X-CUBE-TOF1 3.4.1
2024-06-28 16:42:31,984 [INFO] ThirdParty:1030 - CMSIS Pack Vendor :STMicroelectronics X-CUBE-AZRTOS-H7 3.2.0
2024-06-28 16:42:31,984 [INFO] ThirdParty:1030 - CMSIS Pack Vendor :STMicroelectronics PDM2PCM 3.2.0
2024-06-28 16:42:31,984 [INFO] ThirdParty:841 - exiting critical section [change project]
2024-06-28 16:42:33,034 [INFO] PinOutPanel:1561 - setPackage(No Configuration,No Configuration)
2024-06-28 16:42:33,037 [INFO] PinOutPanel:1561 - setPackage(STM32H723ZGTx,LQFP144)
2024-06-28 16:42:34,238 [INFO] UtilMem:75 - Before build in PCC Used Memory: 351432224 Bytes (818937856)
2024-06-28 16:42:36,463 [INFO] UtilMem:75 - After build in PCC Used Memory: 374017464 Bytes (890241024)
2024-06-28 16:42:36,574 [INFO] ApiDbMcu:508 - Load IP Config File for FATFS
2024-06-28 16:42:36,613 [INFO] ApiDbMcu:508 - Load IP Config File for USB_DEVICE
2024-06-28 16:42:36,689 [INFO] IPUIPlugin:80 - create IPUIPlugin
2024-06-28 16:42:36,689 [INFO] IPUIPlugin:80 - create IPUIPlugin
2024-06-28 16:42:36,689 [INFO] IPUIPlugin:80 - create IPUIPlugin
2024-06-28 16:42:36,689 [INFO] IPUIPlugin:80 - create IPUIPlugin
2024-06-28 16:42:36,689 [INFO] IPUIPlugin:80 - create IPUIPlugin
2024-06-28 16:42:36,689 [INFO] IPUIPlugin:80 - create IPUIPlugin
2024-06-28 16:42:36,690 [INFO] IPUIPlugin:80 - create IPUIPlugin
2024-06-28 16:42:36,690 [INFO] IPUIPlugin:80 - create IPUIPlugin
2024-06-28 16:42:36,690 [INFO] IPUIPlugin:80 - create IPUIPlugin
2024-06-28 16:42:36,690 [INFO] IPUIPlugin:80 - create IPUIPlugin
2024-06-28 16:42:36,691 [INFO] IPUIPlugin:80 - create IPUIPlugin
2024-06-28 16:42:36,691 [INFO] IPUIPlugin:80 - create IPUIPlugin
2024-06-28 16:42:36,691 [INFO] IPUIPlugin:80 - create IPUIPlugin
2024-06-28 16:42:36,691 [INFO] IPUIPlugin:80 - create IPUIPlugin
2024-06-28 16:42:36,691 [INFO] IPUIPlugin:80 - create IPUIPlugin
2024-06-28 16:42:36,691 [INFO] IPUIPlugin:80 - create IPUIPlugin
2024-06-28 16:42:36,692 [INFO] IPUIPlugin:80 - create IPUIPlugin
2024-06-28 16:42:36,692 [INFO] IPUIPlugin:80 - create IPUIPlugin
2024-06-28 16:42:36,692 [INFO] IPUIPlugin:80 - create IPUIPlugin
2024-06-28 16:42:36,692 [INFO] IPUIPlugin:80 - create IPUIPlugin
2024-06-28 16:42:36,692 [INFO] IPUIPlugin:80 - create IPUIPlugin
2024-06-28 16:42:36,692 [INFO] IPUIPlugin:80 - create IPUIPlugin
2024-06-28 16:42:36,692 [INFO] IPUIPlugin:80 - create IPUIPlugin
2024-06-28 16:42:36,693 [INFO] IPUIPlugin:80 - create IPUIPlugin
2024-06-28 16:42:36,693 [INFO] IPUIPlugin:80 - create IPUIPlugin
2024-06-28 16:42:36,693 [INFO] IPUIPlugin:80 - create IPUIPlugin
2024-06-28 16:42:36,693 [INFO] IPUIPlugin:80 - create IPUIPlugin
2024-06-28 16:42:36,694 [INFO] IPUIPlugin:80 - create IPUIPlugin
2024-06-28 16:42:36,694 [INFO] IPUIPlugin:80 - create IPUIPlugin
2024-06-28 16:42:36,694 [INFO] IPUIPlugin:80 - create IPUIPlugin
2024-06-28 16:42:36,694 [INFO] IPUIPlugin:80 - create IPUIPlugin
2024-06-28 16:42:36,694 [INFO] IPUIPlugin:80 - create IPUIPlugin
2024-06-28 16:42:36,695 [INFO] IPUIPlugin:80 - create IPUIPlugin
2024-06-28 16:42:36,695 [INFO] IPUIPlugin:80 - create IPUIPlugin
2024-06-28 16:42:36,695 [INFO] IPUIPlugin:80 - create IPUIPlugin
2024-06-28 16:42:36,696 [INFO] IPUIPlugin:80 - create IPUIPlugin
2024-06-28 16:42:36,696 [INFO] IPUIPlugin:80 - create IPUIPlugin
2024-06-28 16:42:36,697 [INFO] IPUIPlugin:80 - create IPUIPlugin
2024-06-28 16:42:36,697 [INFO] IPUIPlugin:80 - create IPUIPlugin
2024-06-28 16:42:36,698 [INFO] IPUIPlugin:80 - create IPUIPlugin
2024-06-28 16:42:36,699 [INFO] IPUIPlugin:80 - create IPUIPlugin
2024-06-28 16:42:36,699 [INFO] IPUIPlugin:80 - create IPUIPlugin
2024-06-28 16:42:36,700 [INFO] IPUIPlugin:80 - create IPUIPlugin
2024-06-28 16:42:36,700 [INFO] IPUIPlugin:80 - create IPUIPlugin
2024-06-28 16:42:36,701 [INFO] IPUIPlugin:80 - create IPUIPlugin
2024-06-28 16:42:36,701 [INFO] IPUIPlugin:80 - create IPUIPlugin
2024-06-28 16:42:36,702 [INFO] IPUIPlugin:80 - create IPUIPlugin
2024-06-28 16:42:36,702 [INFO] IPUIPlugin:80 - create IPUIPlugin
2024-06-28 16:42:36,702 [INFO] IPUIPlugin:80 - create IPUIPlugin
2024-06-28 16:42:36,703 [INFO] IPUIPlugin:80 - create IPUIPlugin
2024-06-28 16:42:36,704 [INFO] IPUIPlugin:80 - create IPUIPlugin
2024-06-28 16:42:36,704 [INFO] IPUIPlugin:80 - create IPUIPlugin
2024-06-28 16:42:36,705 [INFO] IPUIPlugin:80 - create IPUIPlugin
2024-06-28 16:42:36,705 [INFO] IPUIPlugin:80 - create IPUIPlugin
2024-06-28 16:42:36,705 [INFO] IPUIPlugin:80 - create IPUIPlugin
2024-06-28 16:42:36,706 [INFO] IPUIPlugin:80 - create IPUIPlugin
2024-06-28 16:42:36,706 [INFO] IPUIPlugin:80 - create IPUIPlugin
2024-06-28 16:42:36,707 [INFO] IPUIPlugin:80 - create IPUIPlugin
2024-06-28 16:42:36,707 [INFO] IPUIPlugin:80 - create IPUIPlugin
2024-06-28 16:42:36,707 [INFO] IPUIPlugin:80 - create IPUIPlugin
2024-06-28 16:42:36,708 [INFO] IPUIPlugin:80 - create IPUIPlugin
2024-06-28 16:42:36,708 [INFO] IPUIPlugin:80 - create IPUIPlugin
2024-06-28 16:42:36,708 [INFO] IPUIPlugin:80 - create IPUIPlugin
2024-06-28 16:42:36,708 [INFO] IPUIPlugin:80 - create IPUIPlugin
2024-06-28 16:42:36,709 [INFO] IPUIPlugin:80 - create IPUIPlugin
2024-06-28 16:42:36,709 [INFO] IPUIPlugin:80 - create IPUIPlugin
2024-06-28 16:42:36,709 [INFO] IPUIPlugin:80 - create IPUIPlugin
2024-06-28 16:42:36,710 [INFO] IPUIPlugin:80 - create IPUIPlugin
2024-06-28 16:42:36,710 [INFO] IPUIPlugin:80 - create IPUIPlugin
2024-06-28 16:42:36,710 [INFO] IPUIPlugin:80 - create IPUIPlugin
2024-06-28 16:42:36,711 [INFO] IPUIPlugin:80 - create IPUIPlugin
2024-06-28 16:42:36,711 [INFO] IPUIPlugin:80 - create IPUIPlugin
2024-06-28 16:42:36,712 [INFO] IPUIPlugin:80 - create IPUIPlugin
2024-06-28 16:42:36,713 [INFO] IPUIPlugin:80 - create IPUIPlugin
2024-06-28 16:42:36,714 [INFO] IPUIPlugin:80 - create IPUIPlugin
2024-06-28 16:42:36,714 [INFO] IPUIPlugin:80 - create IPUIPlugin
2024-06-28 16:42:36,715 [INFO] IPUIPlugin:80 - create IPUIPlugin
2024-06-28 16:42:36,715 [INFO] IPUIPlugin:80 - create IPUIPlugin
2024-06-28 16:42:36,716 [INFO] IPUIPlugin:80 - create IPUIPlugin
2024-06-28 16:42:36,716 [INFO] IPUIPlugin:80 - create IPUIPlugin
2024-06-28 16:42:36,716 [INFO] IPUIPlugin:80 - create IPUIPlugin
2024-06-28 16:42:36,717 [INFO] IPUIPlugin:80 - create IPUIPlugin
2024-06-28 16:42:36,717 [INFO] IPUIPlugin:80 - create IPUIPlugin
2024-06-28 16:42:36,717 [INFO] IPUIPlugin:80 - create IPUIPlugin
2024-06-28 16:42:36,718 [INFO] IPUIPlugin:80 - create IPUIPlugin
2024-06-28 16:42:36,718 [INFO] IPUIPlugin:80 - create IPUIPlugin
2024-06-28 16:42:36,718 [INFO] IPUIPlugin:80 - create IPUIPlugin
2024-06-28 16:42:36,719 [INFO] IPUIPlugin:80 - create IPUIPlugin
2024-06-28 16:42:36,719 [INFO] IPUIPlugin:80 - create IPUIPlugin
2024-06-28 16:42:36,720 [INFO] IPUIPlugin:80 - create IPUIPlugin
2024-06-28 16:42:36,720 [INFO] IPUIPlugin:80 - create IPUIPlugin
2024-06-28 16:42:36,721 [INFO] IPUIPlugin:80 - create IPUIPlugin
2024-06-28 16:42:36,721 [INFO] IPUIPlugin:80 - create IPUIPlugin
2024-06-28 16:42:36,722 [INFO] IPUIPlugin:80 - create IPUIPlugin
2024-06-28 16:42:36,722 [INFO] IPUIPlugin:80 - create IPUIPlugin
2024-06-28 16:42:36,723 [INFO] IPUIPlugin:80 - create IPUIPlugin
2024-06-28 16:42:36,723 [INFO] IPUIPlugin:80 - create IPUIPlugin
2024-06-28 16:42:36,723 [INFO] IPUIPlugin:80 - create IPUIPlugin
2024-06-28 16:42:36,724 [INFO] IPUIPlugin:80 - create IPUIPlugin
2024-06-28 16:42:36,724 [INFO] IPUIPlugin:80 - create IPUIPlugin
2024-06-28 16:42:36,725 [INFO] IPUIPlugin:80 - create IPUIPlugin
2024-06-28 16:42:36,725 [INFO] IPUIPlugin:80 - create IPUIPlugin
2024-06-28 16:42:36,726 [INFO] IPUIPlugin:80 - create IPUIPlugin
2024-06-28 16:42:36,726 [INFO] IPUIPlugin:80 - create IPUIPlugin
2024-06-28 16:42:36,727 [INFO] IPUIPlugin:80 - create IPUIPlugin
2024-06-28 16:42:36,752 [INFO] ApiDbMcu:508 - Load IP Config File for PDM2PCM
2024-06-28 16:42:37,084 [INFO] CADModel:165 - CPN selected for project levelSTM32H723ZGT6
2024-06-28 16:42:37,084 [INFO] CADModel:114 - Register for checkConnection events
2024-06-28 16:42:37,143 [INFO] OpenFileManager:343 - Restore cursor
2024-06-28 16:42:37,555 [WARN] IP:2120 - DEVICE_SERIAL0_CDC_HS not found: check if there is a RefParameter without a condition.
2024-06-28 16:42:37,556 [WARN] IP:2120 - DEVICE_SERIAL1_CDC_HS not found: check if there is a RefParameter without a condition.
2024-06-28 16:42:37,556 [WARN] IP:2120 - DEVICE_SERIAL2_CDC_HS not found: check if there is a RefParameter without a condition.
2024-06-28 16:42:37,557 [WARN] IP:2120 - DEVICE_SERIAL0_CDC_HS not found: check if there is a RefParameter without a condition.
2024-06-28 16:42:37,557 [WARN] IP:2120 - DEVICE_SERIAL1_CDC_HS not found: check if there is a RefParameter without a condition.
2024-06-28 16:42:37,557 [WARN] IP:2120 - DEVICE_SERIAL2_CDC_HS not found: check if there is a RefParameter without a condition.
2024-06-28 16:42:58,025 [WARN] IP:2120 - DEVICE_SERIAL0_CDC_HS not found: check if there is a RefParameter without a condition.
2024-06-28 16:42:58,025 [WARN] IP:2120 - DEVICE_SERIAL1_CDC_HS not found: check if there is a RefParameter without a condition.
2024-06-28 16:42:58,025 [WARN] IP:2120 - DEVICE_SERIAL2_CDC_HS not found: check if there is a RefParameter without a condition.
2024-06-28 16:42:58,025 [WARN] IP:2120 - DEVICE_SERIAL0_CDC_HS not found: check if there is a RefParameter without a condition.
2024-06-28 16:42:58,025 [WARN] IP:2120 - DEVICE_SERIAL1_CDC_HS not found: check if there is a RefParameter without a condition.
2024-06-28 16:42:58,025 [WARN] IP:2120 - DEVICE_SERIAL2_CDC_HS not found: check if there is a RefParameter without a condition.
2024-06-28 16:42:58,312 [WARN] IP:2120 - DEVICE_SERIAL0_CDC_HS not found: check if there is a RefParameter without a condition.
2024-06-28 16:42:58,312 [WARN] IP:2120 - DEVICE_SERIAL1_CDC_HS not found: check if there is a RefParameter without a condition.
2024-06-28 16:42:58,312 [WARN] IP:2120 - DEVICE_SERIAL2_CDC_HS not found: check if there is a RefParameter without a condition.
2024-06-28 16:42:58,312 [WARN] IP:2120 - DEVICE_SERIAL0_CDC_HS not found: check if there is a RefParameter without a condition.
2024-06-28 16:42:58,312 [WARN] IP:2120 - DEVICE_SERIAL1_CDC_HS not found: check if there is a RefParameter without a condition.
2024-06-28 16:42:58,312 [WARN] IP:2120 - DEVICE_SERIAL2_CDC_HS not found: check if there is a RefParameter without a condition.
2024-06-28 16:43:50,337 [WARN] IP:2120 - DEVICE_SERIAL0_CDC_HS not found: check if there is a RefParameter without a condition.
2024-06-28 16:43:50,337 [WARN] IP:2120 - DEVICE_SERIAL1_CDC_HS not found: check if there is a RefParameter without a condition.
2024-06-28 16:43:50,337 [WARN] IP:2120 - DEVICE_SERIAL2_CDC_HS not found: check if there is a RefParameter without a condition.
2024-06-28 16:43:50,339 [WARN] IP:2120 - DEVICE_SERIAL0_CDC_HS not found: check if there is a RefParameter without a condition.
2024-06-28 16:43:50,339 [WARN] IP:2120 - DEVICE_SERIAL1_CDC_HS not found: check if there is a RefParameter without a condition.
2024-06-28 16:43:50,339 [WARN] IP:2120 - DEVICE_SERIAL2_CDC_HS not found: check if there is a RefParameter without a condition.
2024-06-28 16:43:50,627 [WARN] IP:2120 - DEVICE_SERIAL0_CDC_HS not found: check if there is a RefParameter without a condition.
2024-06-28 16:43:50,628 [WARN] IP:2120 - DEVICE_SERIAL1_CDC_HS not found: check if there is a RefParameter without a condition.
2024-06-28 16:43:50,628 [WARN] IP:2120 - DEVICE_SERIAL2_CDC_HS not found: check if there is a RefParameter without a condition.
2024-06-28 16:43:50,628 [WARN] IP:2120 - DEVICE_SERIAL0_CDC_HS not found: check if there is a RefParameter without a condition.
2024-06-28 16:43:50,628 [WARN] IP:2120 - DEVICE_SERIAL1_CDC_HS not found: check if there is a RefParameter without a condition.
2024-06-28 16:43:50,628 [WARN] IP:2120 - DEVICE_SERIAL2_CDC_HS not found: check if there is a RefParameter without a condition.
2024-06-28 16:43:50,926 [WARN] IP:2120 - DEVICE_SERIAL0_CDC_HS not found: check if there is a RefParameter without a condition.
2024-06-28 16:43:50,926 [WARN] IP:2120 - DEVICE_SERIAL1_CDC_HS not found: check if there is a RefParameter without a condition.
2024-06-28 16:43:50,926 [WARN] IP:2120 - DEVICE_SERIAL2_CDC_HS not found: check if there is a RefParameter without a condition.
2024-06-28 16:43:50,927 [WARN] IP:2120 - DEVICE_SERIAL0_CDC_HS not found: check if there is a RefParameter without a condition.
2024-06-28 16:43:50,927 [WARN] IP:2120 - DEVICE_SERIAL1_CDC_HS not found: check if there is a RefParameter without a condition.
2024-06-28 16:43:50,927 [WARN] IP:2120 - DEVICE_SERIAL2_CDC_HS not found: check if there is a RefParameter without a condition.
2024-06-28 16:43:52,824 [WARN] IP:2120 - DEVICE_SERIAL0_CDC_HS not found: check if there is a RefParameter without a condition.
2024-06-28 16:43:52,824 [WARN] IP:2120 - DEVICE_SERIAL1_CDC_HS not found: check if there is a RefParameter without a condition.
2024-06-28 16:43:52,824 [WARN] IP:2120 - DEVICE_SERIAL2_CDC_HS not found: check if there is a RefParameter without a condition.
2024-06-28 16:43:52,825 [WARN] IP:2120 - DEVICE_SERIAL0_CDC_HS not found: check if there is a RefParameter without a condition.
2024-06-28 16:43:52,825 [WARN] IP:2120 - DEVICE_SERIAL1_CDC_HS not found: check if there is a RefParameter without a condition.
2024-06-28 16:43:52,825 [WARN] IP:2120 - DEVICE_SERIAL2_CDC_HS not found: check if there is a RefParameter without a condition.
2024-06-28 16:43:53,056 [WARN] IP:2120 - DEVICE_SERIAL0_CDC_HS not found: check if there is a RefParameter without a condition.
2024-06-28 16:43:53,056 [WARN] IP:2120 - DEVICE_SERIAL1_CDC_HS not found: check if there is a RefParameter without a condition.
2024-06-28 16:43:53,056 [WARN] IP:2120 - DEVICE_SERIAL2_CDC_HS not found: check if there is a RefParameter without a condition.
2024-06-28 16:43:53,056 [WARN] IP:2120 - DEVICE_SERIAL0_CDC_HS not found: check if there is a RefParameter without a condition.
2024-06-28 16:43:53,056 [WARN] IP:2120 - DEVICE_SERIAL1_CDC_HS not found: check if there is a RefParameter without a condition.
2024-06-28 16:43:53,056 [WARN] IP:2120 - DEVICE_SERIAL2_CDC_HS not found: check if there is a RefParameter without a condition.
2024-06-28 16:43:53,312 [WARN] IP:2120 - DEVICE_SERIAL0_CDC_HS not found: check if there is a RefParameter without a condition.
2024-06-28 16:43:53,313 [WARN] IP:2120 - DEVICE_SERIAL1_CDC_HS not found: check if there is a RefParameter without a condition.
2024-06-28 16:43:53,313 [WARN] IP:2120 - DEVICE_SERIAL2_CDC_HS not found: check if there is a RefParameter without a condition.
2024-06-28 16:43:53,313 [WARN] IP:2120 - DEVICE_SERIAL0_CDC_HS not found: check if there is a RefParameter without a condition.
2024-06-28 16:43:53,313 [WARN] IP:2120 - DEVICE_SERIAL1_CDC_HS not found: check if there is a RefParameter without a condition.
2024-06-28 16:43:53,313 [WARN] IP:2120 - DEVICE_SERIAL2_CDC_HS not found: check if there is a RefParameter without a condition.
2024-06-28 16:44:05,726 [INFO] UtilMem:75 - End SaveConfig() Used Memory: 312217336 Bytes (890241024)
2024-06-28 16:44:06,820 [INFO] UtilMem:75 - End SaveConfig() Used Memory: 344196856 Bytes (890241024)
2024-06-28 16:44:08,271 [INFO] UtilMem:75 - End SaveConfig() Used Memory: 410257144 Bytes (890241024)
2024-06-28 16:44:09,012 [INFO] BlockDiagram:2759 - set Specific Code input for plugin: SPI
2024-06-28 16:44:09,013 [INFO] BlockDiagram:2759 - set Specific Code input for plugin: USB_OTG_HS
2024-06-28 16:44:09,013 [INFO] BlockDiagram:2759 - set Specific Code input for plugin: RCC
2024-06-28 16:44:09,013 [INFO] BlockDiagram:2759 - set Specific Code input for plugin: USART
2024-06-28 16:44:09,013 [INFO] BlockDiagram:2759 - set Specific Code input for plugin: USART
2024-06-28 16:44:09,013 [INFO] BlockDiagram:2759 - set Specific Code input for plugin: TIM1_8H7
2024-06-28 16:44:09,013 [INFO] BlockDiagram:2759 - set Specific Code input for plugin: FATFS
2024-06-28 16:44:09,013 [INFO] BlockDiagram:2759 - set Specific Code input for plugin: USB_DEVICE
2024-06-28 16:44:09,013 [INFO] BlockDiagram:2759 - set Specific Code input for plugin: SYS
2024-06-28 16:44:09,013 [INFO] BlockDiagram:2759 - set Specific Code input for plugin: NVIC
2024-06-28 16:44:09,013 [INFO] BlockDiagram:2759 - set Specific Code input for plugin: DMA
2024-06-28 16:44:09,015 [INFO] BlockDiagram:2759 - set Specific Code input for plugin: GPIO
2024-06-28 16:44:09,017 [INFO] CodeGenerator:807 - code generatio: config db path: C:/Users/andre/.stm32cubemx/databases/DB.6.0.110/db/
2024-06-28 16:44:09,111 [WARN] IP:2120 - DEVICE_SERIAL0_CDC_HS not found: check if there is a RefParameter without a condition.
2024-06-28 16:44:09,111 [WARN] IP:2120 - DEVICE_SERIAL1_CDC_HS not found: check if there is a RefParameter without a condition.
2024-06-28 16:44:09,111 [WARN] IP:2120 - DEVICE_SERIAL2_CDC_HS not found: check if there is a RefParameter without a condition.
2024-06-28 16:44:09,308 [INFO] CodeEngine:255 - oldGeneratedFile, C:\Users\andre\Documents\GitHub\TS_Nucleo\TS_STM-H7\TS_STM-H7\TS_STM-H7\MXTmpFiles\license.tmp_save
2024-06-28 16:44:09,733 [INFO] CodeEngine:279 - Generated code: C:\Users\andre\Documents\GitHub\TS_Nucleo\TS_STM-H7\TS_STM-H7\TS_STM-H7\MXTmpFiles\license.tmp
2024-06-28 16:44:09,909 [INFO] CodeEngine:255 - oldGeneratedFile, C:\Users\andre\Documents\GitHub\TS_Nucleo\TS_STM-H7\TS_STM-H7\TS_STM-H7\MXTmpFiles\gpio.tmp_save
2024-06-28 16:44:10,101 [INFO] CodeEngine:279 - Generated code: C:\Users\andre\Documents\GitHub\TS_Nucleo\TS_STM-H7\TS_STM-H7\TS_STM-H7\MXTmpFiles\gpio.tmp
2024-06-28 16:44:10,423 [INFO] CodeEngine:255 - oldGeneratedFile, C:\Users\andre\Documents\GitHub\TS_Nucleo\TS_STM-H7\TS_STM-H7\TS_STM-H7\MXTmpFiles\usb_otg_hs_vars.tmp_save
2024-06-28 16:44:10,531 [INFO] CodeEngine:279 - Generated code: C:\Users\andre\Documents\GitHub\TS_Nucleo\TS_STM-H7\TS_STM-H7\TS_STM-H7\MXTmpFiles\usb_otg_hs_vars.tmp
2024-06-28 16:44:10,544 [INFO] CodeEngine:255 - oldGeneratedFile, C:\Users\andre\Documents\GitHub\TS_Nucleo\TS_STM-H7\TS_STM-H7\TS_STM-H7\MXTmpFiles\usb_otg_hs_inc.tmp_save
2024-06-28 16:44:10,639 [INFO] CodeEngine:279 - Generated code: C:\Users\andre\Documents\GitHub\TS_Nucleo\TS_STM-H7\TS_STM-H7\TS_STM-H7\MXTmpFiles\usb_otg_hs_inc.tmp
2024-06-28 16:44:10,662 [INFO] CodeEngine:255 - oldGeneratedFile, C:\Users\andre\Documents\GitHub\TS_Nucleo\TS_STM-H7\TS_STM-H7\TS_STM-H7\MXTmpFiles\usb_otg_hs_HalInit.tmp_save
2024-06-28 16:44:10,813 [INFO] CodeEngine:279 - Generated code: C:\Users\andre\Documents\GitHub\TS_Nucleo\TS_STM-H7\TS_STM-H7\TS_STM-H7\MXTmpFiles\usb_otg_hs_HalInit.tmp
2024-06-28 16:44:10,836 [INFO] CodeEngine:255 - oldGeneratedFile, C:\Users\andre\Documents\GitHub\TS_Nucleo\TS_STM-H7\TS_STM-H7\TS_STM-H7\MXTmpFiles\usb_otg_hs_Msp.tmp_save
2024-06-28 16:44:10,972 [INFO] CodeEngine:279 - Generated code: C:\Users\andre\Documents\GitHub\TS_Nucleo\TS_STM-H7\TS_STM-H7\TS_STM-H7\MXTmpFiles\usb_otg_hs_Msp.tmp
2024-06-28 16:44:12,723 [INFO] Middleware:1439 - No code input for Bsp Dependency
2024-06-28 16:44:12,731 [INFO] CodeEngine:255 - oldGeneratedFile, C:\Users\andre\Documents\GitHub\TS_Nucleo\TS_STM-H7\TS_STM-H7\TS_STM-H7\MXTmpFiles\fatfs_HalInit.tmp_save
2024-06-28 16:44:12,846 [INFO] CodeEngine:279 - Generated code: C:\Users\andre\Documents\GitHub\TS_Nucleo\TS_STM-H7\TS_STM-H7\TS_STM-H7\MXTmpFiles\fatfs_HalInit.tmp
2024-06-28 16:44:12,866 [INFO] CodeEngine:255 - oldGeneratedFile, C:\Users\andre\Documents\GitHub\TS_Nucleo\TS_STM-H7\TS_STM-H7\TS_STM-H7\MXTmpFiles\fatfs_vars.tmp_save
2024-06-28 16:44:12,956 [INFO] CodeEngine:279 - Generated code: C:\Users\andre\Documents\GitHub\TS_Nucleo\TS_STM-H7\TS_STM-H7\TS_STM-H7\MXTmpFiles\fatfs_vars.tmp
2024-06-28 16:44:12,967 [INFO] CodeEngine:255 - oldGeneratedFile, C:\Users\andre\Documents\GitHub\TS_Nucleo\TS_STM-H7\TS_STM-H7\TS_STM-H7\MXTmpFiles\fatfs_ext_vars.tmp_save
2024-06-28 16:44:13,046 [INFO] CodeEngine:279 - Generated code: C:\Users\andre\Documents\GitHub\TS_Nucleo\TS_STM-H7\TS_STM-H7\TS_STM-H7\MXTmpFiles\fatfs_ext_vars.tmp
2024-06-28 16:44:13,056 [INFO] CodeEngine:255 - oldGeneratedFile, C:\Users\andre\Documents\GitHub\TS_Nucleo\TS_STM-H7\TS_STM-H7\TS_STM-H7\MXTmpFiles\fatfs_inc.tmp_save
2024-06-28 16:44:13,117 [INFO] CodeEngine:279 - Generated code: C:\Users\andre\Documents\GitHub\TS_Nucleo\TS_STM-H7\TS_STM-H7\TS_STM-H7\MXTmpFiles\fatfs_inc.tmp
2024-06-28 16:44:13,153 [INFO] Middleware:1439 - No code input for Bsp Dependency
2024-06-28 16:44:13,157 [ERROR] SWIPConfigModel:147 - Object (RefParameter) name : DEVICE_SERIAL1_CDC_HS  is not a String or a Boolean
2024-06-28 16:44:13,157 [ERROR] SWIPConfigModel:147 - Object (RefParameter) name : DEVICE_SERIAL2_CDC_HS  is not a String or a Boolean
2024-06-28 16:44:13,157 [ERROR] SWIPConfigModel:147 - Object (RefParameter) name : DEVICE_SERIAL0_CDC_HS  is not a String or a Boolean
2024-06-28 16:44:13,167 [INFO] CodeEngine:255 - oldGeneratedFile, C:\Users\andre\Documents\GitHub\TS_Nucleo\TS_STM-H7\TS_STM-H7\TS_STM-H7\MXTmpFiles\cortex.tmp_save
2024-06-28 16:44:13,257 [INFO] CodeEngine:279 - Generated code: C:\Users\andre\Documents\GitHub\TS_Nucleo\TS_STM-H7\TS_STM-H7\TS_STM-H7\MXTmpFiles\cortex.tmp
2024-06-28 16:44:13,356 [INFO] CodeEngine:255 - oldGeneratedFile, C:\Users\andre\Documents\GitHub\TS_Nucleo\TS_STM-H7\TS_STM-H7\TS_STM-H7\MXTmpFiles\dma.tmp_save
2024-06-28 16:44:13,429 [INFO] CodeEngine:279 - Generated code: C:\Users\andre\Documents\GitHub\TS_Nucleo\TS_STM-H7\TS_STM-H7\TS_STM-H7\MXTmpFiles\dma.tmp
2024-06-28 16:44:13,437 [INFO] CodeEngine:255 - oldGeneratedFile, C:\Users\andre\Documents\GitHub\TS_Nucleo\TS_STM-H7\TS_STM-H7\TS_STM-H7\MXTmpFiles\dma_GV.tmp_save
2024-06-28 16:44:13,486 [INFO] CodeEngine:279 - Generated code: C:\Users\andre\Documents\GitHub\TS_Nucleo\TS_STM-H7\TS_STM-H7\TS_STM-H7\MXTmpFiles\dma_GV.tmp
2024-06-28 16:44:13,486 [INFO] Middleware:1439 - No code input for Bsp Dependency
2024-06-28 16:44:13,496 [INFO] CodeEngine:255 - oldGeneratedFile, C:\Users\andre\Documents\GitHub\TS_Nucleo\TS_STM-H7\TS_STM-H7\TS_STM-H7\MXTmpFiles\fatfs_HalInit.tmp_save
2024-06-28 16:44:13,566 [INFO] CodeEngine:279 - Generated code: C:\Users\andre\Documents\GitHub\TS_Nucleo\TS_STM-H7\TS_STM-H7\TS_STM-H7\MXTmpFiles\fatfs_HalInit.tmp
2024-06-28 16:44:13,580 [INFO] CodeEngine:255 - oldGeneratedFile, C:\Users\andre\Documents\GitHub\TS_Nucleo\TS_STM-H7\TS_STM-H7\TS_STM-H7\MXTmpFiles\fatfs_vars.tmp_save
2024-06-28 16:44:13,630 [INFO] CodeEngine:279 - Generated code: C:\Users\andre\Documents\GitHub\TS_Nucleo\TS_STM-H7\TS_STM-H7\TS_STM-H7\MXTmpFiles\fatfs_vars.tmp
2024-06-28 16:44:13,638 [INFO] CodeEngine:255 - oldGeneratedFile, C:\Users\andre\Documents\GitHub\TS_Nucleo\TS_STM-H7\TS_STM-H7\TS_STM-H7\MXTmpFiles\fatfs_ext_vars.tmp_save
2024-06-28 16:44:13,686 [INFO] CodeEngine:279 - Generated code: C:\Users\andre\Documents\GitHub\TS_Nucleo\TS_STM-H7\TS_STM-H7\TS_STM-H7\MXTmpFiles\fatfs_ext_vars.tmp
2024-06-28 16:44:13,686 [INFO] CodeEngine:255 - oldGeneratedFile, C:\Users\andre\Documents\GitHub\TS_Nucleo\TS_STM-H7\TS_STM-H7\TS_STM-H7\MXTmpFiles\fatfs_inc.tmp_save
2024-06-28 16:44:13,749 [INFO] CodeEngine:279 - Generated code: C:\Users\andre\Documents\GitHub\TS_Nucleo\TS_STM-H7\TS_STM-H7\TS_STM-H7\MXTmpFiles\fatfs_inc.tmp
2024-06-28 16:44:13,776 [INFO] CodeEngine:255 - oldGeneratedFile, C:\Users\andre\Documents\GitHub\TS_Nucleo\TS_STM-H7\TS_STM-H7\TS_STM-H7\FATFS\Target\ffconf.h_save
2024-06-28 16:44:13,891 [INFO] CodeEngine:279 - Generated code: C:\Users\andre\Documents\GitHub\TS_Nucleo\TS_STM-H7\TS_STM-H7\TS_STM-H7\FATFS\Target\ffconf.h
2024-06-28 16:44:13,914 [INFO] CodeEngine:255 - oldGeneratedFile, C:\Users\andre\Documents\GitHub\TS_Nucleo\TS_STM-H7\TS_STM-H7\TS_STM-H7\FATFS\Target\user_diskio.c_save
2024-06-28 16:44:14,009 [INFO] CodeEngine:279 - Generated code: C:\Users\andre\Documents\GitHub\TS_Nucleo\TS_STM-H7\TS_STM-H7\TS_STM-H7\FATFS\Target\user_diskio.c
2024-06-28 16:44:14,029 [INFO] CodeEngine:255 - oldGeneratedFile, C:\Users\andre\Documents\GitHub\TS_Nucleo\TS_STM-H7\TS_STM-H7\TS_STM-H7\FATFS\Target\user_diskio.h_save
2024-06-28 16:44:14,104 [INFO] CodeEngine:279 - Generated code: C:\Users\andre\Documents\GitHub\TS_Nucleo\TS_STM-H7\TS_STM-H7\TS_STM-H7\FATFS\Target\user_diskio.h
2024-06-28 16:44:14,127 [INFO] CodeEngine:255 - oldGeneratedFile, C:\Users\andre\Documents\GitHub\TS_Nucleo\TS_STM-H7\TS_STM-H7\TS_STM-H7\FATFS\App\fatfs.c_save
2024-06-28 16:44:14,207 [INFO] CodeEngine:279 - Generated code: C:\Users\andre\Documents\GitHub\TS_Nucleo\TS_STM-H7\TS_STM-H7\TS_STM-H7\FATFS\App\fatfs.c
2024-06-28 16:44:14,226 [INFO] CodeEngine:255 - oldGeneratedFile, C:\Users\andre\Documents\GitHub\TS_Nucleo\TS_STM-H7\TS_STM-H7\TS_STM-H7\FATFS\App\fatfs.h_save
2024-06-28 16:44:14,305 [INFO] CodeEngine:279 - Generated code: C:\Users\andre\Documents\GitHub\TS_Nucleo\TS_STM-H7\TS_STM-H7\TS_STM-H7\FATFS\App\fatfs.h
2024-06-28 16:44:14,319 [INFO] Middleware:1439 - No code input for Bsp Dependency
2024-06-28 16:44:14,319 [ERROR] SWIPConfigModel:147 - Object (RefParameter) name : DEVICE_SERIAL1_CDC_HS  is not a String or a Boolean
2024-06-28 16:44:14,319 [ERROR] SWIPConfigModel:147 - Object (RefParameter) name : DEVICE_SERIAL2_CDC_HS  is not a String or a Boolean
2024-06-28 16:44:14,319 [ERROR] SWIPConfigModel:147 - Object (RefParameter) name : DEVICE_SERIAL0_CDC_HS  is not a String or a Boolean
2024-06-28 16:44:14,352 [INFO] CodeEngine:255 - oldGeneratedFile, C:\Users\andre\Documents\GitHub\TS_Nucleo\TS_STM-H7\TS_STM-H7\TS_STM-H7\USB_DEVICE\App\usb_device.c_save
2024-06-28 16:44:14,446 [INFO] CodeEngine:279 - Generated code: C:\Users\andre\Documents\GitHub\TS_Nucleo\TS_STM-H7\TS_STM-H7\TS_STM-H7\USB_DEVICE\App\usb_device.c
2024-06-28 16:44:14,469 [INFO] CodeEngine:255 - oldGeneratedFile, C:\Users\andre\Documents\GitHub\TS_Nucleo\TS_STM-H7\TS_STM-H7\TS_STM-H7\USB_DEVICE\App\usb_device.h_save
2024-06-28 16:44:14,539 [INFO] CodeEngine:279 - Generated code: C:\Users\andre\Documents\GitHub\TS_Nucleo\TS_STM-H7\TS_STM-H7\TS_STM-H7\USB_DEVICE\App\usb_device.h
2024-06-28 16:44:14,562 [INFO] CodeEngine:255 - oldGeneratedFile, C:\Users\andre\Documents\GitHub\TS_Nucleo\TS_STM-H7\TS_STM-H7\TS_STM-H7\USB_DEVICE\Target\usbd_conf.h_save
2024-06-28 16:44:14,638 [INFO] CodeEngine:279 - Generated code: C:\Users\andre\Documents\GitHub\TS_Nucleo\TS_STM-H7\TS_STM-H7\TS_STM-H7\USB_DEVICE\Target\usbd_conf.h
2024-06-28 16:44:14,659 [INFO] CodeEngine:255 - oldGeneratedFile, C:\Users\andre\Documents\GitHub\TS_Nucleo\TS_STM-H7\TS_STM-H7\TS_STM-H7\USB_DEVICE\Target\usbd_conf.c_save
2024-06-28 16:44:14,752 [INFO] CodeEngine:279 - Generated code: C:\Users\andre\Documents\GitHub\TS_Nucleo\TS_STM-H7\TS_STM-H7\TS_STM-H7\USB_DEVICE\Target\usbd_conf.c
2024-06-28 16:44:14,775 [INFO] CodeEngine:255 - oldGeneratedFile, C:\Users\andre\Documents\GitHub\TS_Nucleo\TS_STM-H7\TS_STM-H7\TS_STM-H7\USB_DEVICE\App\usbd_desc.h_save
2024-06-28 16:44:14,849 [INFO] CodeEngine:279 - Generated code: C:\Users\andre\Documents\GitHub\TS_Nucleo\TS_STM-H7\TS_STM-H7\TS_STM-H7\USB_DEVICE\App\usbd_desc.h
2024-06-28 16:44:14,871 [INFO] CodeEngine:255 - oldGeneratedFile, C:\Users\andre\Documents\GitHub\TS_Nucleo\TS_STM-H7\TS_STM-H7\TS_STM-H7\USB_DEVICE\App\usbd_desc.c_save
2024-06-28 16:44:14,960 [INFO] CodeEngine:279 - Generated code: C:\Users\andre\Documents\GitHub\TS_Nucleo\TS_STM-H7\TS_STM-H7\TS_STM-H7\USB_DEVICE\App\usbd_desc.c
2024-06-28 16:44:14,988 [INFO] CodeEngine:255 - oldGeneratedFile, C:\Users\andre\Documents\GitHub\TS_Nucleo\TS_STM-H7\TS_STM-H7\TS_STM-H7\USB_DEVICE\App\usbd_cdc_if.h_save
2024-06-28 16:44:15,058 [INFO] CodeEngine:279 - Generated code: C:\Users\andre\Documents\GitHub\TS_Nucleo\TS_STM-H7\TS_STM-H7\TS_STM-H7\USB_DEVICE\App\usbd_cdc_if.h
2024-06-28 16:44:15,076 [INFO] CodeEngine:255 - oldGeneratedFile, C:\Users\andre\Documents\GitHub\TS_Nucleo\TS_STM-H7\TS_STM-H7\TS_STM-H7\USB_DEVICE\App\usbd_cdc_if.c_save
2024-06-28 16:44:15,171 [INFO] CodeEngine:279 - Generated code: C:\Users\andre\Documents\GitHub\TS_Nucleo\TS_STM-H7\TS_STM-H7\TS_STM-H7\USB_DEVICE\App\usbd_cdc_if.c
2024-06-28 16:44:15,222 [INFO] CodeEngine:255 - oldGeneratedFile, C:\Users\andre\Documents\GitHub\TS_Nucleo\TS_STM-H7\TS_STM-H7\TS_STM-H7\Core\Src\stm32h7xx_it.c_save
2024-06-28 16:44:15,359 [INFO] CodeEngine:279 - Generated code: C:\Users\andre\Documents\GitHub\TS_Nucleo\TS_STM-H7\TS_STM-H7\TS_STM-H7\Core\Src\stm32h7xx_it.c
2024-06-28 16:44:15,382 [INFO] CodeEngine:255 - oldGeneratedFile, C:\Users\andre\Documents\GitHub\TS_Nucleo\TS_STM-H7\TS_STM-H7\TS_STM-H7\Core\Inc\stm32h7xx_it.h_save
2024-06-28 16:44:15,461 [INFO] CodeEngine:279 - Generated code: C:\Users\andre\Documents\GitHub\TS_Nucleo\TS_STM-H7\TS_STM-H7\TS_STM-H7\Core\Inc\stm32h7xx_it.h
2024-06-28 16:44:15,710 [INFO] CodeEngine:255 - oldGeneratedFile, C:\Users\andre\Documents\GitHub\TS_Nucleo\TS_STM-H7\TS_STM-H7\TS_STM-H7\Core\Src\stm32h7xx_hal_msp.c_save
2024-06-28 16:44:15,896 [INFO] CodeEngine:279 - Generated code: C:\Users\andre\Documents\GitHub\TS_Nucleo\TS_STM-H7\TS_STM-H7\TS_STM-H7\Core\Src\stm32h7xx_hal_msp.c
2024-06-28 16:44:15,912 [INFO] CodeEngine:255 - oldGeneratedFile, C:\Users\andre\Documents\GitHub\TS_Nucleo\TS_STM-H7\TS_STM-H7\TS_STM-H7\MXTmpFiles\system.tmp_save
2024-06-28 16:44:16,008 [INFO] CodeEngine:279 - Generated code: C:\Users\andre\Documents\GitHub\TS_Nucleo\TS_STM-H7\TS_STM-H7\TS_STM-H7\MXTmpFiles\system.tmp
2024-06-28 16:44:16,043 [INFO] CodeEngine:311 - oldGeneratedFile, C:\Users\andre\Documents\GitHub\TS_Nucleo\TS_STM-H7\TS_STM-H7\TS_STM-H7\Core\Inc\stm32h7xx_hal_conf.h_save
2024-06-28 16:44:16,138 [INFO] CodeEngine:335 - Generated code: C:\Users\andre\Documents\GitHub\TS_Nucleo\TS_STM-H7\TS_STM-H7\TS_STM-H7\Core\Inc\stm32h7xx_hal_conf.h
2024-06-28 16:44:16,201 [WARN] IPConfigManager:3513 - IP not found : TIM
2024-06-28 16:44:16,204 [WARN] CodeGenerator:3951 - IP not found : null
2024-06-28 16:44:16,238 [INFO] CodeEngine:255 - oldGeneratedFile, C:\Users\andre\Documents\GitHub\TS_Nucleo\TS_STM-H7\TS_STM-H7\TS_STM-H7\Core\Inc\main.h_save
2024-06-28 16:44:16,339 [INFO] CodeEngine:279 - Generated code: C:\Users\andre\Documents\GitHub\TS_Nucleo\TS_STM-H7\TS_STM-H7\TS_STM-H7\Core\Inc\main.h
2024-06-28 16:44:16,364 [INFO] CodeEngine:255 - oldGeneratedFile, C:\Users\andre\Documents\GitHub\TS_Nucleo\TS_STM-H7\TS_STM-H7\TS_STM-H7\Core\Src\main.c_save
2024-06-28 16:44:16,574 [INFO] CodeEngine:279 - Generated code: C:\Users\andre\Documents\GitHub\TS_Nucleo\TS_STM-H7\TS_STM-H7\TS_STM-H7\Core\Src\main.c
2024-06-28 16:44:17,098 [INFO] ProjectBuilder:3163 - Time for Copy HAL[1] : 376mS.
2024-06-28 16:44:17,111 [INFO] ProjectBuilder:4736 - Project Generator version: 4.3.0-B58
2024-06-28 16:44:17,199 [INFO] ConfigFileManager:1503 - The Die is : DIE483
2024-06-28 16:44:17,214 [INFO] ApiDbMcu:508 - Load IP Config File for FREERTOS
2024-06-28 16:44:17,224 [INFO] ApiDbMcu:508 - Load IP Config File for LIBJPEG
2024-06-28 16:44:17,246 [INFO] ApiDbMcu:508 - Load IP Config File for LWIP
2024-06-28 16:44:17,262 [INFO] ApiDbMcu:508 - Load IP Config File for MBEDTLS
2024-06-28 16:44:17,274 [INFO] ApiDbMcu:508 - Load IP Config File for USB_HOST
2024-06-28 16:44:17,935 [INFO] LogOutputStream:77 - [STDOUT_REDIRECT] 
2024-06-28 16:44:20,052 [INFO] ProjectBuilder:5002 - Time for Generating toolchain IDE Files: 2941mS.
2024-06-28 16:44:20,053 [INFO] ProjectBuilder:3034 - Time for Copy CMSIS : 0mS.
2024-06-28 16:44:20,059 [INFO] ProjectBuilder:3034 - Time for Copy CMSIS : 0mS.
2024-06-28 18:26:54,671 [WARN] IP:2120 - DEVICE_SERIAL0_CDC_HS not found: check if there is a RefParameter without a condition.
2024-06-28 18:26:54,672 [WARN] IP:2120 - DEVICE_SERIAL1_CDC_HS not found: check if there is a RefParameter without a condition.
2024-06-28 18:26:54,672 [WARN] IP:2120 - DEVICE_SERIAL2_CDC_HS not found: check if there is a RefParameter without a condition.
2024-06-28 18:26:54,674 [WARN] IP:2120 - DEVICE_SERIAL0_CDC_HS not found: check if there is a RefParameter without a condition.
2024-06-28 18:26:54,674 [WARN] IP:2120 - DEVICE_SERIAL1_CDC_HS not found: check if there is a RefParameter without a condition.
2024-06-28 18:26:54,674 [WARN] IP:2120 - DEVICE_SERIAL2_CDC_HS not found: check if there is a RefParameter without a condition.
2024-06-28 18:26:55,025 [WARN] IP:2120 - DEVICE_SERIAL0_CDC_HS not found: check if there is a RefParameter without a condition.
2024-06-28 18:26:55,025 [WARN] IP:2120 - DEVICE_SERIAL1_CDC_HS not found: check if there is a RefParameter without a condition.
2024-06-28 18:26:55,025 [WARN] IP:2120 - DEVICE_SERIAL2_CDC_HS not found: check if there is a RefParameter without a condition.
2024-06-28 18:26:55,026 [WARN] IP:2120 - DEVICE_SERIAL0_CDC_HS not found: check if there is a RefParameter without a condition.
2024-06-28 18:26:55,026 [WARN] IP:2120 - DEVICE_SERIAL1_CDC_HS not found: check if there is a RefParameter without a condition.
2024-06-28 18:26:55,026 [WARN] IP:2120 - DEVICE_SERIAL2_CDC_HS not found: check if there is a RefParameter without a condition.
2024-06-28 18:27:23,714 [INFO] NvicIntPanel:101 - NVIC parent = com.st.microxplorer.plugins.ip.nvic.MultiNvicIntPanel[,0,0,0x0,invalid,layout=javax.swing.BoxLayout,alignmentX=0.0,alignmentY=0.0,border=,flags=9,maximumSize=,minimumSize=,preferredSize=]
2024-06-28 18:27:23,982 [INFO] NvicIntPanel:101 - NVIC parent = com.st.microxplorer.plugins.ip.nvic.MultiNvicIntPanel[,0,0,0x0,invalid,layout=javax.swing.BoxLayout,alignmentX=0.0,alignmentY=0.0,border=,flags=9,maximumSize=,minimumSize=,preferredSize=]
2024-06-28 18:27:27,888 [INFO] UtilMem:75 - End SaveConfig() Used Memory: 421667376 Bytes (1050673152)
2024-06-28 18:27:29,129 [INFO] UtilMem:75 - End SaveConfig() Used Memory: 465185328 Bytes (1050673152)
2024-06-28 18:27:30,879 [INFO] UtilMem:75 - End SaveConfig() Used Memory: 533865008 Bytes (1050673152)
2024-06-28 18:27:31,169 [INFO] BlockDiagram:2759 - set Specific Code input for plugin: SPI
2024-06-28 18:27:31,169 [INFO] BlockDiagram:2759 - set Specific Code input for plugin: USB_OTG_HS
2024-06-28 18:27:31,169 [INFO] BlockDiagram:2759 - set Specific Code input for plugin: RCC
2024-06-28 18:27:31,169 [INFO] BlockDiagram:2759 - set Specific Code input for plugin: USART
2024-06-28 18:27:31,169 [INFO] BlockDiagram:2759 - set Specific Code input for plugin: USART
2024-06-28 18:27:31,169 [INFO] BlockDiagram:2759 - set Specific Code input for plugin: TIM1_8H7
2024-06-28 18:27:31,169 [INFO] BlockDiagram:2759 - set Specific Code input for plugin: FATFS
2024-06-28 18:27:31,169 [INFO] BlockDiagram:2759 - set Specific Code input for plugin: USB_DEVICE
2024-06-28 18:27:31,169 [INFO] BlockDiagram:2759 - set Specific Code input for plugin: SYS
2024-06-28 18:27:31,169 [INFO] BlockDiagram:2759 - set Specific Code input for plugin: NVIC
2024-06-28 18:27:31,169 [INFO] BlockDiagram:2759 - set Specific Code input for plugin: DMA
2024-06-28 18:27:31,171 [INFO] BlockDiagram:2759 - set Specific Code input for plugin: GPIO
2024-06-28 18:27:31,172 [INFO] CodeGenerator:807 - code generatio: config db path: C:/Users/andre/.stm32cubemx/databases/DB.6.0.110/db/
2024-06-28 18:27:31,230 [INFO] Argument:325 - Argument : hdmavalue: null
2024-06-28 18:27:31,230 [INFO] Argument:327 - 	 sub Args: 
2024-06-28 18:27:31,230 [INFO] Argument:325 - Argument : Instancevalue: DMA1_Stream2
2024-06-28 18:27:31,230 [INFO] Argument:335 - Argument : Instancevalue: DMA1_Stream2
2024-06-28 18:27:31,231 [INFO] Argument:325 - Argument : Initvalue: null
2024-06-28 18:27:31,231 [INFO] Argument:327 - 	 sub Args: 
2024-06-28 18:27:31,231 [INFO] Argument:325 - Argument : Requestvalue: DMA_REQUEST_SPI2_RX
2024-06-28 18:27:31,231 [INFO] Argument:335 - Argument : Requestvalue: DMA_REQUEST_SPI2_RX
2024-06-28 18:27:31,231 [INFO] Argument:325 - Argument : Directionvalue: DMA_PERIPH_TO_MEMORY
2024-06-28 18:27:31,231 [INFO] Argument:335 - Argument : Directionvalue: DMA_PERIPH_TO_MEMORY
2024-06-28 18:27:31,231 [INFO] Argument:325 - Argument : PeriphIncvalue: DMA_PINC_DISABLE
2024-06-28 18:27:31,231 [INFO] Argument:335 - Argument : PeriphIncvalue: DMA_PINC_DISABLE
2024-06-28 18:27:31,231 [INFO] Argument:325 - Argument : MemIncvalue: DMA_MINC_ENABLE
2024-06-28 18:27:31,231 [INFO] Argument:335 - Argument : MemIncvalue: DMA_MINC_ENABLE
2024-06-28 18:27:31,231 [INFO] Argument:325 - Argument : PeriphDataAlignmentvalue: DMA_PDATAALIGN_BYTE
2024-06-28 18:27:31,231 [INFO] Argument:335 - Argument : PeriphDataAlignmentvalue: DMA_PDATAALIGN_BYTE
2024-06-28 18:27:31,231 [INFO] Argument:325 - Argument : MemDataAlignmentvalue: DMA_MDATAALIGN_BYTE
2024-06-28 18:27:31,231 [INFO] Argument:335 - Argument : MemDataAlignmentvalue: DMA_MDATAALIGN_BYTE
2024-06-28 18:27:31,231 [INFO] Argument:325 - Argument : Modevalue: DMA_CIRCULAR
2024-06-28 18:27:31,231 [INFO] Argument:335 - Argument : Modevalue: DMA_CIRCULAR
2024-06-28 18:27:31,231 [INFO] Argument:325 - Argument : Priorityvalue: DMA_PRIORITY_LOW
2024-06-28 18:27:31,231 [INFO] Argument:335 - Argument : Priorityvalue: DMA_PRIORITY_LOW
2024-06-28 18:27:31,231 [INFO] Argument:325 - Argument : FIFOModevalue: DMA_FIFOMODE_ENABLE
2024-06-28 18:27:31,231 [INFO] Argument:335 - Argument : FIFOModevalue: DMA_FIFOMODE_ENABLE
2024-06-28 18:27:31,231 [INFO] Argument:325 - Argument : FIFOThresholdvalue: DMA_FIFO_THRESHOLD_FULL
2024-06-28 18:27:31,231 [INFO] Argument:335 - Argument : FIFOThresholdvalue: DMA_FIFO_THRESHOLD_FULL
2024-06-28 18:27:31,231 [INFO] Argument:325 - Argument : MemBurstvalue: DMA_MBURST_SINGLE
2024-06-28 18:27:31,231 [INFO] Argument:335 - Argument : MemBurstvalue: DMA_MBURST_SINGLE
2024-06-28 18:27:31,231 [INFO] Argument:325 - Argument : PeriphBurstvalue: DMA_PBURST_SINGLE
2024-06-28 18:27:31,231 [INFO] Argument:335 - Argument : PeriphBurstvalue: DMA_PBURST_SINGLE
2024-06-28 18:27:31,232 [INFO] Argument:325 - Argument : Lockvalue: null
2024-06-28 18:27:31,232 [INFO] Argument:335 - Argument : Lockvalue: null
2024-06-28 18:27:31,232 [INFO] Argument:325 - Argument : Statevalue: null
2024-06-28 18:27:31,232 [INFO] Argument:335 - Argument : Statevalue: null
2024-06-28 18:27:31,232 [INFO] Argument:325 - Argument : Parentvalue: null
2024-06-28 18:27:31,232 [INFO] Argument:335 - Argument : Parentvalue: null
2024-06-28 18:27:31,232 [INFO] Argument:325 - Argument : XferCpltCallbackvalue: null
2024-06-28 18:27:31,232 [INFO] Argument:335 - Argument : XferCpltCallbackvalue: null
2024-06-28 18:27:31,232 [INFO] Argument:325 - Argument : XferHalfCpltCallbackvalue: null
2024-06-28 18:27:31,232 [INFO] Argument:335 - Argument : XferHalfCpltCallbackvalue: null
2024-06-28 18:27:31,232 [INFO] Argument:325 - Argument : XferM1CpltCallbackvalue: null
2024-06-28 18:27:31,232 [INFO] Argument:335 - Argument : XferM1CpltCallbackvalue: null
2024-06-28 18:27:31,232 [INFO] Argument:325 - Argument : XferM1HalfCpltCallbackvalue: null
2024-06-28 18:27:31,232 [INFO] Argument:335 - Argument : XferM1HalfCpltCallbackvalue: null
2024-06-28 18:27:31,232 [INFO] Argument:325 - Argument : XferErrorCallbackvalue: null
2024-06-28 18:27:31,232 [INFO] Argument:335 - Argument : XferErrorCallbackvalue: null
2024-06-28 18:27:31,232 [INFO] Argument:325 - Argument : XferAbortCallbackvalue: null
2024-06-28 18:27:31,232 [INFO] Argument:335 - Argument : XferAbortCallbackvalue: null
2024-06-28 18:27:31,232 [INFO] Argument:325 - Argument : ErrorCodevalue: null
2024-06-28 18:27:31,232 [INFO] Argument:335 - Argument : ErrorCodevalue: null
2024-06-28 18:27:31,232 [INFO] Argument:325 - Argument : StreamBaseAddressvalue: null
2024-06-28 18:27:31,232 [INFO] Argument:335 - Argument : StreamBaseAddressvalue: null
2024-06-28 18:27:31,232 [INFO] Argument:325 - Argument : StreamIndexvalue: null
2024-06-28 18:27:31,232 [INFO] Argument:335 - Argument : StreamIndexvalue: null
2024-06-28 18:27:31,242 [INFO] Argument:325 - Argument : hdmavalue: null
2024-06-28 18:27:31,242 [INFO] Argument:327 - 	 sub Args: 
2024-06-28 18:27:31,242 [INFO] Argument:325 - Argument : Instancevalue: DMA1_Stream0
2024-06-28 18:27:31,243 [INFO] Argument:335 - Argument : Instancevalue: DMA1_Stream0
2024-06-28 18:27:31,243 [INFO] Argument:325 - Argument : Initvalue: null
2024-06-28 18:27:31,243 [INFO] Argument:327 - 	 sub Args: 
2024-06-28 18:27:31,243 [INFO] Argument:325 - Argument : Requestvalue: DMA_REQUEST_USART1_RX
2024-06-28 18:27:31,243 [INFO] Argument:335 - Argument : Requestvalue: DMA_REQUEST_USART1_RX
2024-06-28 18:27:31,243 [INFO] Argument:325 - Argument : Directionvalue: DMA_PERIPH_TO_MEMORY
2024-06-28 18:27:31,243 [INFO] Argument:335 - Argument : Directionvalue: DMA_PERIPH_TO_MEMORY
2024-06-28 18:27:31,243 [INFO] Argument:325 - Argument : PeriphIncvalue: DMA_PINC_DISABLE
2024-06-28 18:27:31,243 [INFO] Argument:335 - Argument : PeriphIncvalue: DMA_PINC_DISABLE
2024-06-28 18:27:31,243 [INFO] Argument:325 - Argument : MemIncvalue: DMA_MINC_ENABLE
2024-06-28 18:27:31,243 [INFO] Argument:335 - Argument : MemIncvalue: DMA_MINC_ENABLE
2024-06-28 18:27:31,243 [INFO] Argument:325 - Argument : PeriphDataAlignmentvalue: DMA_PDATAALIGN_BYTE
2024-06-28 18:27:31,243 [INFO] Argument:335 - Argument : PeriphDataAlignmentvalue: DMA_PDATAALIGN_BYTE
2024-06-28 18:27:31,244 [INFO] Argument:325 - Argument : MemDataAlignmentvalue: DMA_MDATAALIGN_BYTE
2024-06-28 18:27:31,244 [INFO] Argument:335 - Argument : MemDataAlignmentvalue: DMA_MDATAALIGN_BYTE
2024-06-28 18:27:31,244 [INFO] Argument:325 - Argument : Modevalue: DMA_NORMAL
2024-06-28 18:27:31,244 [INFO] Argument:335 - Argument : Modevalue: DMA_NORMAL
2024-06-28 18:27:31,244 [INFO] Argument:325 - Argument : Priorityvalue: DMA_PRIORITY_HIGH
2024-06-28 18:27:31,244 [INFO] Argument:335 - Argument : Priorityvalue: DMA_PRIORITY_HIGH
2024-06-28 18:27:31,244 [INFO] Argument:325 - Argument : FIFOModevalue: DMA_FIFOMODE_DISABLE
2024-06-28 18:27:31,244 [INFO] Argument:335 - Argument : FIFOModevalue: DMA_FIFOMODE_DISABLE
2024-06-28 18:27:31,244 [INFO] Argument:325 - Argument : FIFOThresholdvalue: null
2024-06-28 18:27:31,244 [INFO] Argument:335 - Argument : FIFOThresholdvalue: null
2024-06-28 18:27:31,244 [INFO] Argument:325 - Argument : MemBurstvalue: null
2024-06-28 18:27:31,244 [INFO] Argument:335 - Argument : MemBurstvalue: null
2024-06-28 18:27:31,244 [INFO] Argument:325 - Argument : PeriphBurstvalue: null
2024-06-28 18:27:31,244 [INFO] Argument:335 - Argument : PeriphBurstvalue: null
2024-06-28 18:27:31,244 [INFO] Argument:325 - Argument : Lockvalue: null
2024-06-28 18:27:31,244 [INFO] Argument:335 - Argument : Lockvalue: null
2024-06-28 18:27:31,244 [INFO] Argument:325 - Argument : Statevalue: null
2024-06-28 18:27:31,244 [INFO] Argument:335 - Argument : Statevalue: null
2024-06-28 18:27:31,244 [INFO] Argument:325 - Argument : Parentvalue: null
2024-06-28 18:27:31,244 [INFO] Argument:335 - Argument : Parentvalue: null
2024-06-28 18:27:31,244 [INFO] Argument:325 - Argument : XferCpltCallbackvalue: null
2024-06-28 18:27:31,244 [INFO] Argument:335 - Argument : XferCpltCallbackvalue: null
2024-06-28 18:27:31,244 [INFO] Argument:325 - Argument : XferHalfCpltCallbackvalue: null
2024-06-28 18:27:31,244 [INFO] Argument:335 - Argument : XferHalfCpltCallbackvalue: null
2024-06-28 18:27:31,244 [INFO] Argument:325 - Argument : XferM1CpltCallbackvalue: null
2024-06-28 18:27:31,245 [INFO] Argument:335 - Argument : XferM1CpltCallbackvalue: null
2024-06-28 18:27:31,245 [INFO] Argument:325 - Argument : XferM1HalfCpltCallbackvalue: null
2024-06-28 18:27:31,245 [INFO] Argument:335 - Argument : XferM1HalfCpltCallbackvalue: null
2024-06-28 18:27:31,245 [INFO] Argument:325 - Argument : XferErrorCallbackvalue: null
2024-06-28 18:27:31,245 [INFO] Argument:335 - Argument : XferErrorCallbackvalue: null
2024-06-28 18:27:31,245 [INFO] Argument:325 - Argument : XferAbortCallbackvalue: null
2024-06-28 18:27:31,245 [INFO] Argument:335 - Argument : XferAbortCallbackvalue: null
2024-06-28 18:27:31,245 [INFO] Argument:325 - Argument : ErrorCodevalue: null
2024-06-28 18:27:31,245 [INFO] Argument:335 - Argument : ErrorCodevalue: null
2024-06-28 18:27:31,245 [INFO] Argument:325 - Argument : StreamBaseAddressvalue: null
2024-06-28 18:27:31,245 [INFO] Argument:335 - Argument : StreamBaseAddressvalue: null
2024-06-28 18:27:31,245 [INFO] Argument:325 - Argument : StreamIndexvalue: null
2024-06-28 18:27:31,245 [INFO] Argument:335 - Argument : StreamIndexvalue: null
2024-06-28 18:27:31,246 [INFO] Argument:325 - Argument : hdmavalue: null
2024-06-28 18:27:31,246 [INFO] Argument:327 - 	 sub Args: 
2024-06-28 18:27:31,247 [INFO] Argument:325 - Argument : Instancevalue: DMA1_Stream1
2024-06-28 18:27:31,247 [INFO] Argument:335 - Argument : Instancevalue: DMA1_Stream1
2024-06-28 18:27:31,247 [INFO] Argument:325 - Argument : Initvalue: null
2024-06-28 18:27:31,247 [INFO] Argument:327 - 	 sub Args: 
2024-06-28 18:27:31,247 [INFO] Argument:325 - Argument : Requestvalue: DMA_REQUEST_USART1_TX
2024-06-28 18:27:31,247 [INFO] Argument:335 - Argument : Requestvalue: DMA_REQUEST_USART1_TX
2024-06-28 18:27:31,247 [INFO] Argument:325 - Argument : Directionvalue: DMA_MEMORY_TO_PERIPH
2024-06-28 18:27:31,247 [INFO] Argument:335 - Argument : Directionvalue: DMA_MEMORY_TO_PERIPH
2024-06-28 18:27:31,247 [INFO] Argument:325 - Argument : PeriphIncvalue: DMA_PINC_DISABLE
2024-06-28 18:27:31,247 [INFO] Argument:335 - Argument : PeriphIncvalue: DMA_PINC_DISABLE
2024-06-28 18:27:31,247 [INFO] Argument:325 - Argument : MemIncvalue: DMA_MINC_ENABLE
2024-06-28 18:27:31,247 [INFO] Argument:335 - Argument : MemIncvalue: DMA_MINC_ENABLE
2024-06-28 18:27:31,247 [INFO] Argument:325 - Argument : PeriphDataAlignmentvalue: DMA_PDATAALIGN_BYTE
2024-06-28 18:27:31,247 [INFO] Argument:335 - Argument : PeriphDataAlignmentvalue: DMA_PDATAALIGN_BYTE
2024-06-28 18:27:31,247 [INFO] Argument:325 - Argument : MemDataAlignmentvalue: DMA_MDATAALIGN_BYTE
2024-06-28 18:27:31,247 [INFO] Argument:335 - Argument : MemDataAlignmentvalue: DMA_MDATAALIGN_BYTE
2024-06-28 18:27:31,247 [INFO] Argument:325 - Argument : Modevalue: DMA_NORMAL
2024-06-28 18:27:31,247 [INFO] Argument:335 - Argument : Modevalue: DMA_NORMAL
2024-06-28 18:27:31,247 [INFO] Argument:325 - Argument : Priorityvalue: DMA_PRIORITY_LOW
2024-06-28 18:27:31,247 [INFO] Argument:335 - Argument : Priorityvalue: DMA_PRIORITY_LOW
2024-06-28 18:27:31,247 [INFO] Argument:325 - Argument : FIFOModevalue: DMA_FIFOMODE_DISABLE
2024-06-28 18:27:31,247 [INFO] Argument:335 - Argument : FIFOModevalue: DMA_FIFOMODE_DISABLE
2024-06-28 18:27:31,247 [INFO] Argument:325 - Argument : FIFOThresholdvalue: null
2024-06-28 18:27:31,247 [INFO] Argument:335 - Argument : FIFOThresholdvalue: null
2024-06-28 18:27:31,247 [INFO] Argument:325 - Argument : MemBurstvalue: null
2024-06-28 18:27:31,247 [INFO] Argument:335 - Argument : MemBurstvalue: null
2024-06-28 18:27:31,247 [INFO] Argument:325 - Argument : PeriphBurstvalue: null
2024-06-28 18:27:31,247 [INFO] Argument:335 - Argument : PeriphBurstvalue: null
2024-06-28 18:27:31,247 [INFO] Argument:325 - Argument : Lockvalue: null
2024-06-28 18:27:31,247 [INFO] Argument:335 - Argument : Lockvalue: null
2024-06-28 18:27:31,247 [INFO] Argument:325 - Argument : Statevalue: null
2024-06-28 18:27:31,247 [INFO] Argument:335 - Argument : Statevalue: null
2024-06-28 18:27:31,247 [INFO] Argument:325 - Argument : Parentvalue: null
2024-06-28 18:27:31,247 [INFO] Argument:335 - Argument : Parentvalue: null
2024-06-28 18:27:31,248 [INFO] Argument:325 - Argument : XferCpltCallbackvalue: null
2024-06-28 18:27:31,248 [INFO] Argument:335 - Argument : XferCpltCallbackvalue: null
2024-06-28 18:27:31,248 [INFO] Argument:325 - Argument : XferHalfCpltCallbackvalue: null
2024-06-28 18:27:31,248 [INFO] Argument:335 - Argument : XferHalfCpltCallbackvalue: null
2024-06-28 18:27:31,248 [INFO] Argument:325 - Argument : XferM1CpltCallbackvalue: null
2024-06-28 18:27:31,248 [INFO] Argument:335 - Argument : XferM1CpltCallbackvalue: null
2024-06-28 18:27:31,248 [INFO] Argument:325 - Argument : XferM1HalfCpltCallbackvalue: null
2024-06-28 18:27:31,248 [INFO] Argument:335 - Argument : XferM1HalfCpltCallbackvalue: null
2024-06-28 18:27:31,248 [INFO] Argument:325 - Argument : XferErrorCallbackvalue: null
2024-06-28 18:27:31,248 [INFO] Argument:335 - Argument : XferErrorCallbackvalue: null
2024-06-28 18:27:31,248 [INFO] Argument:325 - Argument : XferAbortCallbackvalue: null
2024-06-28 18:27:31,248 [INFO] Argument:335 - Argument : XferAbortCallbackvalue: null
2024-06-28 18:27:31,248 [INFO] Argument:325 - Argument : ErrorCodevalue: null
2024-06-28 18:27:31,248 [INFO] Argument:335 - Argument : ErrorCodevalue: null
2024-06-28 18:27:31,248 [INFO] Argument:325 - Argument : StreamBaseAddressvalue: null
2024-06-28 18:27:31,248 [INFO] Argument:335 - Argument : StreamBaseAddressvalue: null
2024-06-28 18:27:31,248 [INFO] Argument:325 - Argument : StreamIndexvalue: null
2024-06-28 18:27:31,248 [INFO] Argument:335 - Argument : StreamIndexvalue: null
2024-06-28 18:27:31,251 [WARN] IP:2120 - DEVICE_SERIAL0_CDC_HS not found: check if there is a RefParameter without a condition.
2024-06-28 18:27:31,252 [WARN] IP:2120 - DEVICE_SERIAL1_CDC_HS not found: check if there is a RefParameter without a condition.
2024-06-28 18:27:31,252 [WARN] IP:2120 - DEVICE_SERIAL2_CDC_HS not found: check if there is a RefParameter without a condition.
2024-06-28 18:27:31,336 [INFO] CodeEngine:255 - oldGeneratedFile, C:\Users\andre\Documents\GitHub\TS_Nucleo\TS_STM-H7\TS_STM-H7\TS_STM-H7\MXTmpFiles\license.tmp_save
2024-06-28 18:27:31,481 [INFO] CodeEngine:279 - Generated code: C:\Users\andre\Documents\GitHub\TS_Nucleo\TS_STM-H7\TS_STM-H7\TS_STM-H7\MXTmpFiles\license.tmp
2024-06-28 18:27:31,599 [INFO] CodeEngine:255 - oldGeneratedFile, C:\Users\andre\Documents\GitHub\TS_Nucleo\TS_STM-H7\TS_STM-H7\TS_STM-H7\MXTmpFiles\gpio.tmp_save
2024-06-28 18:27:31,779 [INFO] CodeEngine:279 - Generated code: C:\Users\andre\Documents\GitHub\TS_Nucleo\TS_STM-H7\TS_STM-H7\TS_STM-H7\MXTmpFiles\gpio.tmp
2024-06-28 18:27:32,062 [INFO] CodeEngine:255 - oldGeneratedFile, C:\Users\andre\Documents\GitHub\TS_Nucleo\TS_STM-H7\TS_STM-H7\TS_STM-H7\MXTmpFiles\usb_otg_hs_vars.tmp_save
2024-06-28 18:27:32,165 [INFO] CodeEngine:279 - Generated code: C:\Users\andre\Documents\GitHub\TS_Nucleo\TS_STM-H7\TS_STM-H7\TS_STM-H7\MXTmpFiles\usb_otg_hs_vars.tmp
2024-06-28 18:27:32,169 [INFO] CodeEngine:255 - oldGeneratedFile, C:\Users\andre\Documents\GitHub\TS_Nucleo\TS_STM-H7\TS_STM-H7\TS_STM-H7\MXTmpFiles\usb_otg_hs_inc.tmp_save
2024-06-28 18:27:32,248 [INFO] CodeEngine:279 - Generated code: C:\Users\andre\Documents\GitHub\TS_Nucleo\TS_STM-H7\TS_STM-H7\TS_STM-H7\MXTmpFiles\usb_otg_hs_inc.tmp
2024-06-28 18:27:32,252 [INFO] CodeEngine:255 - oldGeneratedFile, C:\Users\andre\Documents\GitHub\TS_Nucleo\TS_STM-H7\TS_STM-H7\TS_STM-H7\MXTmpFiles\usb_otg_hs_HalInit.tmp_save
2024-06-28 18:27:32,369 [INFO] CodeEngine:279 - Generated code: C:\Users\andre\Documents\GitHub\TS_Nucleo\TS_STM-H7\TS_STM-H7\TS_STM-H7\MXTmpFiles\usb_otg_hs_HalInit.tmp
2024-06-28 18:27:32,375 [INFO] CodeEngine:255 - oldGeneratedFile, C:\Users\andre\Documents\GitHub\TS_Nucleo\TS_STM-H7\TS_STM-H7\TS_STM-H7\MXTmpFiles\usb_otg_hs_Msp.tmp_save
2024-06-28 18:27:32,488 [INFO] CodeEngine:279 - Generated code: C:\Users\andre\Documents\GitHub\TS_Nucleo\TS_STM-H7\TS_STM-H7\TS_STM-H7\MXTmpFiles\usb_otg_hs_Msp.tmp
2024-06-28 18:27:33,713 [INFO] Middleware:1439 - No code input for Bsp Dependency
2024-06-28 18:27:33,721 [INFO] CodeEngine:255 - oldGeneratedFile, C:\Users\andre\Documents\GitHub\TS_Nucleo\TS_STM-H7\TS_STM-H7\TS_STM-H7\MXTmpFiles\fatfs_HalInit.tmp_save
2024-06-28 18:27:33,825 [INFO] CodeEngine:279 - Generated code: C:\Users\andre\Documents\GitHub\TS_Nucleo\TS_STM-H7\TS_STM-H7\TS_STM-H7\MXTmpFiles\fatfs_HalInit.tmp
2024-06-28 18:27:33,830 [INFO] CodeEngine:255 - oldGeneratedFile, C:\Users\andre\Documents\GitHub\TS_Nucleo\TS_STM-H7\TS_STM-H7\TS_STM-H7\MXTmpFiles\fatfs_vars.tmp_save
2024-06-28 18:27:33,908 [INFO] CodeEngine:279 - Generated code: C:\Users\andre\Documents\GitHub\TS_Nucleo\TS_STM-H7\TS_STM-H7\TS_STM-H7\MXTmpFiles\fatfs_vars.tmp
2024-06-28 18:27:33,913 [INFO] CodeEngine:255 - oldGeneratedFile, C:\Users\andre\Documents\GitHub\TS_Nucleo\TS_STM-H7\TS_STM-H7\TS_STM-H7\MXTmpFiles\fatfs_ext_vars.tmp_save
2024-06-28 18:27:33,981 [INFO] CodeEngine:279 - Generated code: C:\Users\andre\Documents\GitHub\TS_Nucleo\TS_STM-H7\TS_STM-H7\TS_STM-H7\MXTmpFiles\fatfs_ext_vars.tmp
2024-06-28 18:27:33,985 [INFO] CodeEngine:255 - oldGeneratedFile, C:\Users\andre\Documents\GitHub\TS_Nucleo\TS_STM-H7\TS_STM-H7\TS_STM-H7\MXTmpFiles\fatfs_inc.tmp_save
2024-06-28 18:27:34,049 [INFO] CodeEngine:279 - Generated code: C:\Users\andre\Documents\GitHub\TS_Nucleo\TS_STM-H7\TS_STM-H7\TS_STM-H7\MXTmpFiles\fatfs_inc.tmp
2024-06-28 18:27:34,063 [INFO] Middleware:1439 - No code input for Bsp Dependency
2024-06-28 18:27:34,064 [ERROR] SWIPConfigModel:147 - Object (RefParameter) name : DEVICE_SERIAL1_CDC_HS  is not a String or a Boolean
2024-06-28 18:27:34,064 [ERROR] SWIPConfigModel:147 - Object (RefParameter) name : DEVICE_SERIAL2_CDC_HS  is not a String or a Boolean
2024-06-28 18:27:34,064 [ERROR] SWIPConfigModel:147 - Object (RefParameter) name : DEVICE_SERIAL0_CDC_HS  is not a String or a Boolean
2024-06-28 18:27:34,070 [INFO] CodeEngine:255 - oldGeneratedFile, C:\Users\andre\Documents\GitHub\TS_Nucleo\TS_STM-H7\TS_STM-H7\TS_STM-H7\MXTmpFiles\cortex.tmp_save
2024-06-28 18:27:34,180 [INFO] CodeEngine:279 - Generated code: C:\Users\andre\Documents\GitHub\TS_Nucleo\TS_STM-H7\TS_STM-H7\TS_STM-H7\MXTmpFiles\cortex.tmp
2024-06-28 18:27:34,296 [INFO] CodeEngine:255 - oldGeneratedFile, C:\Users\andre\Documents\GitHub\TS_Nucleo\TS_STM-H7\TS_STM-H7\TS_STM-H7\MXTmpFiles\dma.tmp_save
2024-06-28 18:27:34,391 [INFO] CodeEngine:279 - Generated code: C:\Users\andre\Documents\GitHub\TS_Nucleo\TS_STM-H7\TS_STM-H7\TS_STM-H7\MXTmpFiles\dma.tmp
2024-06-28 18:27:34,395 [INFO] CodeEngine:255 - oldGeneratedFile, C:\Users\andre\Documents\GitHub\TS_Nucleo\TS_STM-H7\TS_STM-H7\TS_STM-H7\MXTmpFiles\dma_GV.tmp_save
2024-06-28 18:27:34,452 [INFO] CodeEngine:279 - Generated code: C:\Users\andre\Documents\GitHub\TS_Nucleo\TS_STM-H7\TS_STM-H7\TS_STM-H7\MXTmpFiles\dma_GV.tmp
2024-06-28 18:27:34,459 [INFO] Middleware:1439 - No code input for Bsp Dependency
2024-06-28 18:27:34,468 [INFO] CodeEngine:255 - oldGeneratedFile, C:\Users\andre\Documents\GitHub\TS_Nucleo\TS_STM-H7\TS_STM-H7\TS_STM-H7\MXTmpFiles\fatfs_HalInit.tmp_save
2024-06-28 18:27:34,547 [INFO] CodeEngine:279 - Generated code: C:\Users\andre\Documents\GitHub\TS_Nucleo\TS_STM-H7\TS_STM-H7\TS_STM-H7\MXTmpFiles\fatfs_HalInit.tmp
2024-06-28 18:27:34,552 [INFO] CodeEngine:255 - oldGeneratedFile, C:\Users\andre\Documents\GitHub\TS_Nucleo\TS_STM-H7\TS_STM-H7\TS_STM-H7\MXTmpFiles\fatfs_vars.tmp_save
2024-06-28 18:27:34,604 [INFO] CodeEngine:279 - Generated code: C:\Users\andre\Documents\GitHub\TS_Nucleo\TS_STM-H7\TS_STM-H7\TS_STM-H7\MXTmpFiles\fatfs_vars.tmp
2024-06-28 18:27:34,613 [INFO] CodeEngine:255 - oldGeneratedFile, C:\Users\andre\Documents\GitHub\TS_Nucleo\TS_STM-H7\TS_STM-H7\TS_STM-H7\MXTmpFiles\fatfs_ext_vars.tmp_save
2024-06-28 18:27:34,668 [INFO] CodeEngine:279 - Generated code: C:\Users\andre\Documents\GitHub\TS_Nucleo\TS_STM-H7\TS_STM-H7\TS_STM-H7\MXTmpFiles\fatfs_ext_vars.tmp
2024-06-28 18:27:34,674 [INFO] CodeEngine:255 - oldGeneratedFile, C:\Users\andre\Documents\GitHub\TS_Nucleo\TS_STM-H7\TS_STM-H7\TS_STM-H7\MXTmpFiles\fatfs_inc.tmp_save
2024-06-28 18:27:34,729 [INFO] CodeEngine:279 - Generated code: C:\Users\andre\Documents\GitHub\TS_Nucleo\TS_STM-H7\TS_STM-H7\TS_STM-H7\MXTmpFiles\fatfs_inc.tmp
2024-06-28 18:27:34,745 [INFO] CodeEngine:255 - oldGeneratedFile, C:\Users\andre\Documents\GitHub\TS_Nucleo\TS_STM-H7\TS_STM-H7\TS_STM-H7\FATFS\Target\ffconf.h_save
2024-06-28 18:27:34,846 [INFO] CodeEngine:279 - Generated code: C:\Users\andre\Documents\GitHub\TS_Nucleo\TS_STM-H7\TS_STM-H7\TS_STM-H7\FATFS\Target\ffconf.h
2024-06-28 18:27:34,860 [INFO] CodeEngine:255 - oldGeneratedFile, C:\Users\andre\Documents\GitHub\TS_Nucleo\TS_STM-H7\TS_STM-H7\TS_STM-H7\FATFS\Target\user_diskio.c_save
2024-06-28 18:27:34,933 [INFO] CodeEngine:279 - Generated code: C:\Users\andre\Documents\GitHub\TS_Nucleo\TS_STM-H7\TS_STM-H7\TS_STM-H7\FATFS\Target\user_diskio.c
2024-06-28 18:27:34,947 [INFO] CodeEngine:255 - oldGeneratedFile, C:\Users\andre\Documents\GitHub\TS_Nucleo\TS_STM-H7\TS_STM-H7\TS_STM-H7\FATFS\Target\user_diskio.h_save
2024-06-28 18:27:35,011 [INFO] CodeEngine:279 - Generated code: C:\Users\andre\Documents\GitHub\TS_Nucleo\TS_STM-H7\TS_STM-H7\TS_STM-H7\FATFS\Target\user_diskio.h
2024-06-28 18:27:35,017 [INFO] CodeEngine:255 - oldGeneratedFile, C:\Users\andre\Documents\GitHub\TS_Nucleo\TS_STM-H7\TS_STM-H7\TS_STM-H7\FATFS\App\fatfs.c_save
2024-06-28 18:27:35,100 [INFO] CodeEngine:279 - Generated code: C:\Users\andre\Documents\GitHub\TS_Nucleo\TS_STM-H7\TS_STM-H7\TS_STM-H7\FATFS\App\fatfs.c
2024-06-28 18:27:35,107 [INFO] CodeEngine:255 - oldGeneratedFile, C:\Users\andre\Documents\GitHub\TS_Nucleo\TS_STM-H7\TS_STM-H7\TS_STM-H7\FATFS\App\fatfs.h_save
2024-06-28 18:27:35,182 [INFO] CodeEngine:279 - Generated code: C:\Users\andre\Documents\GitHub\TS_Nucleo\TS_STM-H7\TS_STM-H7\TS_STM-H7\FATFS\App\fatfs.h
2024-06-28 18:27:35,194 [INFO] Middleware:1439 - No code input for Bsp Dependency
2024-06-28 18:27:35,194 [ERROR] SWIPConfigModel:147 - Object (RefParameter) name : DEVICE_SERIAL1_CDC_HS  is not a String or a Boolean
2024-06-28 18:27:35,194 [ERROR] SWIPConfigModel:147 - Object (RefParameter) name : DEVICE_SERIAL2_CDC_HS  is not a String or a Boolean
2024-06-28 18:27:35,194 [ERROR] SWIPConfigModel:147 - Object (RefParameter) name : DEVICE_SERIAL0_CDC_HS  is not a String or a Boolean
2024-06-28 18:27:35,212 [INFO] CodeEngine:255 - oldGeneratedFile, C:\Users\andre\Documents\GitHub\TS_Nucleo\TS_STM-H7\TS_STM-H7\TS_STM-H7\USB_DEVICE\App\usb_device.c_save
2024-06-28 18:27:35,311 [INFO] CodeEngine:279 - Generated code: C:\Users\andre\Documents\GitHub\TS_Nucleo\TS_STM-H7\TS_STM-H7\TS_STM-H7\USB_DEVICE\App\usb_device.c
2024-06-28 18:27:35,327 [INFO] CodeEngine:255 - oldGeneratedFile, C:\Users\andre\Documents\GitHub\TS_Nucleo\TS_STM-H7\TS_STM-H7\TS_STM-H7\USB_DEVICE\App\usb_device.h_save
2024-06-28 18:27:35,399 [INFO] CodeEngine:279 - Generated code: C:\Users\andre\Documents\GitHub\TS_Nucleo\TS_STM-H7\TS_STM-H7\TS_STM-H7\USB_DEVICE\App\usb_device.h
2024-06-28 18:27:35,415 [INFO] CodeEngine:255 - oldGeneratedFile, C:\Users\andre\Documents\GitHub\TS_Nucleo\TS_STM-H7\TS_STM-H7\TS_STM-H7\USB_DEVICE\Target\usbd_conf.h_save
2024-06-28 18:27:35,484 [INFO] CodeEngine:279 - Generated code: C:\Users\andre\Documents\GitHub\TS_Nucleo\TS_STM-H7\TS_STM-H7\TS_STM-H7\USB_DEVICE\Target\usbd_conf.h
2024-06-28 18:27:35,499 [INFO] CodeEngine:255 - oldGeneratedFile, C:\Users\andre\Documents\GitHub\TS_Nucleo\TS_STM-H7\TS_STM-H7\TS_STM-H7\USB_DEVICE\Target\usbd_conf.c_save
2024-06-28 18:27:35,594 [INFO] CodeEngine:279 - Generated code: C:\Users\andre\Documents\GitHub\TS_Nucleo\TS_STM-H7\TS_STM-H7\TS_STM-H7\USB_DEVICE\Target\usbd_conf.c
2024-06-28 18:27:35,600 [INFO] CodeEngine:255 - oldGeneratedFile, C:\Users\andre\Documents\GitHub\TS_Nucleo\TS_STM-H7\TS_STM-H7\TS_STM-H7\USB_DEVICE\App\usbd_desc.h_save
2024-06-28 18:27:35,667 [INFO] CodeEngine:279 - Generated code: C:\Users\andre\Documents\GitHub\TS_Nucleo\TS_STM-H7\TS_STM-H7\TS_STM-H7\USB_DEVICE\App\usbd_desc.h
2024-06-28 18:27:35,683 [INFO] CodeEngine:255 - oldGeneratedFile, C:\Users\andre\Documents\GitHub\TS_Nucleo\TS_STM-H7\TS_STM-H7\TS_STM-H7\USB_DEVICE\App\usbd_desc.c_save
2024-06-28 18:27:35,781 [INFO] CodeEngine:279 - Generated code: C:\Users\andre\Documents\GitHub\TS_Nucleo\TS_STM-H7\TS_STM-H7\TS_STM-H7\USB_DEVICE\App\usbd_desc.c
2024-06-28 18:27:35,796 [INFO] CodeEngine:255 - oldGeneratedFile, C:\Users\andre\Documents\GitHub\TS_Nucleo\TS_STM-H7\TS_STM-H7\TS_STM-H7\USB_DEVICE\App\usbd_cdc_if.h_save
2024-06-28 18:27:35,861 [INFO] CodeEngine:279 - Generated code: C:\Users\andre\Documents\GitHub\TS_Nucleo\TS_STM-H7\TS_STM-H7\TS_STM-H7\USB_DEVICE\App\usbd_cdc_if.h
2024-06-28 18:27:35,874 [INFO] CodeEngine:255 - oldGeneratedFile, C:\Users\andre\Documents\GitHub\TS_Nucleo\TS_STM-H7\TS_STM-H7\TS_STM-H7\USB_DEVICE\App\usbd_cdc_if.c_save
2024-06-28 18:27:35,978 [INFO] CodeEngine:279 - Generated code: C:\Users\andre\Documents\GitHub\TS_Nucleo\TS_STM-H7\TS_STM-H7\TS_STM-H7\USB_DEVICE\App\usbd_cdc_if.c
2024-06-28 18:27:36,027 [INFO] CodeEngine:255 - oldGeneratedFile, C:\Users\andre\Documents\GitHub\TS_Nucleo\TS_STM-H7\TS_STM-H7\TS_STM-H7\Core\Src\stm32h7xx_it.c_save
2024-06-28 18:27:36,219 [INFO] CodeEngine:279 - Generated code: C:\Users\andre\Documents\GitHub\TS_Nucleo\TS_STM-H7\TS_STM-H7\TS_STM-H7\Core\Src\stm32h7xx_it.c
2024-06-28 18:27:36,227 [INFO] CodeEngine:255 - oldGeneratedFile, C:\Users\andre\Documents\GitHub\TS_Nucleo\TS_STM-H7\TS_STM-H7\TS_STM-H7\Core\Inc\stm32h7xx_it.h_save
2024-06-28 18:27:36,304 [INFO] CodeEngine:279 - Generated code: C:\Users\andre\Documents\GitHub\TS_Nucleo\TS_STM-H7\TS_STM-H7\TS_STM-H7\Core\Inc\stm32h7xx_it.h
2024-06-28 18:27:36,611 [INFO] CodeEngine:255 - oldGeneratedFile, C:\Users\andre\Documents\GitHub\TS_Nucleo\TS_STM-H7\TS_STM-H7\TS_STM-H7\Core\Src\stm32h7xx_hal_msp.c_save
2024-06-28 18:27:36,788 [INFO] CodeEngine:279 - Generated code: C:\Users\andre\Documents\GitHub\TS_Nucleo\TS_STM-H7\TS_STM-H7\TS_STM-H7\Core\Src\stm32h7xx_hal_msp.c
2024-06-28 18:27:36,795 [INFO] CodeEngine:255 - oldGeneratedFile, C:\Users\andre\Documents\GitHub\TS_Nucleo\TS_STM-H7\TS_STM-H7\TS_STM-H7\MXTmpFiles\system.tmp_save
2024-06-28 18:27:36,863 [INFO] CodeEngine:279 - Generated code: C:\Users\andre\Documents\GitHub\TS_Nucleo\TS_STM-H7\TS_STM-H7\TS_STM-H7\MXTmpFiles\system.tmp
2024-06-28 18:27:36,884 [INFO] CodeEngine:311 - oldGeneratedFile, C:\Users\andre\Documents\GitHub\TS_Nucleo\TS_STM-H7\TS_STM-H7\TS_STM-H7\Core\Inc\stm32h7xx_hal_conf.h_save
2024-06-28 18:27:36,981 [INFO] CodeEngine:335 - Generated code: C:\Users\andre\Documents\GitHub\TS_Nucleo\TS_STM-H7\TS_STM-H7\TS_STM-H7\Core\Inc\stm32h7xx_hal_conf.h
2024-06-28 18:27:37,019 [WARN] IPConfigManager:3513 - IP not found : TIM
2024-06-28 18:27:37,020 [WARN] CodeGenerator:3951 - IP not found : null
2024-06-28 18:27:37,042 [INFO] CodeEngine:255 - oldGeneratedFile, C:\Users\andre\Documents\GitHub\TS_Nucleo\TS_STM-H7\TS_STM-H7\TS_STM-H7\Core\Inc\main.h_save
2024-06-28 18:27:37,135 [INFO] CodeEngine:279 - Generated code: C:\Users\andre\Documents\GitHub\TS_Nucleo\TS_STM-H7\TS_STM-H7\TS_STM-H7\Core\Inc\main.h
2024-06-28 18:27:37,150 [INFO] CodeEngine:255 - oldGeneratedFile, C:\Users\andre\Documents\GitHub\TS_Nucleo\TS_STM-H7\TS_STM-H7\TS_STM-H7\Core\Src\main.c_save
2024-06-28 18:27:37,308 [INFO] CodeEngine:279 - Generated code: C:\Users\andre\Documents\GitHub\TS_Nucleo\TS_STM-H7\TS_STM-H7\TS_STM-H7\Core\Src\main.c
2024-06-28 18:27:37,760 [INFO] ProjectBuilder:3163 - Time for Copy HAL[1] : 273mS.
2024-06-28 18:27:37,767 [INFO] ProjectBuilder:4736 - Project Generator version: 4.3.0-B58
2024-06-28 18:27:37,841 [INFO] ConfigFileManager:1503 - The Die is : DIE483
2024-06-28 18:27:38,977 [INFO] ProjectBuilder:5002 - Time for Generating toolchain IDE Files: 1210mS.
2024-06-28 18:27:38,978 [INFO] ProjectBuilder:3034 - Time for Copy CMSIS : 0mS.
2024-06-28 18:27:38,991 [INFO] ProjectBuilder:3034 - Time for Copy CMSIS : 0mS.
2024-06-28 18:33:03,952 [INFO] NvicIntPanel:101 - NVIC parent = com.st.microxplorer.plugins.ip.nvic.MultiNvicIntPanel[,0,0,0x0,invalid,layout=javax.swing.BoxLayout,alignmentX=0.0,alignmentY=0.0,border=,flags=9,maximumSize=,minimumSize=,preferredSize=]
2024-06-28 18:33:04,205 [INFO] NvicIntPanel:101 - NVIC parent = com.st.microxplorer.plugins.ip.nvic.MultiNvicIntPanel[,0,0,0x0,invalid,layout=javax.swing.BoxLayout,alignmentX=0.0,alignmentY=0.0,border=,flags=9,maximumSize=,minimumSize=,preferredSize=]
2024-06-28 18:33:06,578 [INFO] UtilMem:75 - End SaveConfig() Used Memory: 519188784 Bytes (1050673152)
2024-06-28 18:33:08,294 [INFO] UtilMem:75 - End SaveConfig() Used Memory: 562180400 Bytes (1050673152)
2024-06-28 18:33:09,866 [INFO] UtilMem:75 - End SaveConfig() Used Memory: 628240688 Bytes (1050673152)
2024-06-28 18:33:10,135 [INFO] BlockDiagram:2759 - set Specific Code input for plugin: SPI
2024-06-28 18:33:10,136 [INFO] BlockDiagram:2759 - set Specific Code input for plugin: USB_OTG_HS
2024-06-28 18:33:10,136 [INFO] BlockDiagram:2759 - set Specific Code input for plugin: RCC
2024-06-28 18:33:10,136 [INFO] BlockDiagram:2759 - set Specific Code input for plugin: USART
2024-06-28 18:33:10,136 [INFO] BlockDiagram:2759 - set Specific Code input for plugin: USART
2024-06-28 18:33:10,136 [INFO] BlockDiagram:2759 - set Specific Code input for plugin: TIM1_8H7
2024-06-28 18:33:10,136 [INFO] BlockDiagram:2759 - set Specific Code input for plugin: FATFS
2024-06-28 18:33:10,136 [INFO] BlockDiagram:2759 - set Specific Code input for plugin: USB_DEVICE
2024-06-28 18:33:10,136 [INFO] BlockDiagram:2759 - set Specific Code input for plugin: SYS
2024-06-28 18:33:10,136 [INFO] BlockDiagram:2759 - set Specific Code input for plugin: NVIC
2024-06-28 18:33:10,136 [INFO] BlockDiagram:2759 - set Specific Code input for plugin: DMA
2024-06-28 18:33:10,137 [INFO] BlockDiagram:2759 - set Specific Code input for plugin: GPIO
2024-06-28 18:33:10,139 [INFO] CodeGenerator:807 - code generatio: config db path: C:/Users/andre/.stm32cubemx/databases/DB.6.0.110/db/
2024-06-28 18:33:10,225 [INFO] Argument:325 - Argument : hdmavalue: null
2024-06-28 18:33:10,225 [INFO] Argument:327 - 	 sub Args: 
2024-06-28 18:33:10,225 [INFO] Argument:325 - Argument : Instancevalue: DMA1_Stream2
2024-06-28 18:33:10,225 [INFO] Argument:335 - Argument : Instancevalue: DMA1_Stream2
2024-06-28 18:33:10,226 [INFO] Argument:325 - Argument : Initvalue: null
2024-06-28 18:33:10,226 [INFO] Argument:327 - 	 sub Args: 
2024-06-28 18:33:10,226 [INFO] Argument:325 - Argument : Requestvalue: DMA_REQUEST_SPI2_RX
2024-06-28 18:33:10,226 [INFO] Argument:335 - Argument : Requestvalue: DMA_REQUEST_SPI2_RX
2024-06-28 18:33:10,226 [INFO] Argument:325 - Argument : Directionvalue: DMA_PERIPH_TO_MEMORY
2024-06-28 18:33:10,226 [INFO] Argument:335 - Argument : Directionvalue: DMA_PERIPH_TO_MEMORY
2024-06-28 18:33:10,226 [INFO] Argument:325 - Argument : PeriphIncvalue: DMA_PINC_DISABLE
2024-06-28 18:33:10,226 [INFO] Argument:335 - Argument : PeriphIncvalue: DMA_PINC_DISABLE
2024-06-28 18:33:10,226 [INFO] Argument:325 - Argument : MemIncvalue: DMA_MINC_ENABLE
2024-06-28 18:33:10,226 [INFO] Argument:335 - Argument : MemIncvalue: DMA_MINC_ENABLE
2024-06-28 18:33:10,226 [INFO] Argument:325 - Argument : PeriphDataAlignmentvalue: DMA_PDATAALIGN_BYTE
2024-06-28 18:33:10,226 [INFO] Argument:335 - Argument : PeriphDataAlignmentvalue: DMA_PDATAALIGN_BYTE
2024-06-28 18:33:10,226 [INFO] Argument:325 - Argument : MemDataAlignmentvalue: DMA_MDATAALIGN_BYTE
2024-06-28 18:33:10,226 [INFO] Argument:335 - Argument : MemDataAlignmentvalue: DMA_MDATAALIGN_BYTE
2024-06-28 18:33:10,226 [INFO] Argument:325 - Argument : Modevalue: DMA_CIRCULAR
2024-06-28 18:33:10,226 [INFO] Argument:335 - Argument : Modevalue: DMA_CIRCULAR
2024-06-28 18:33:10,226 [INFO] Argument:325 - Argument : Priorityvalue: DMA_PRIORITY_LOW
2024-06-28 18:33:10,226 [INFO] Argument:335 - Argument : Priorityvalue: DMA_PRIORITY_LOW
2024-06-28 18:33:10,226 [INFO] Argument:325 - Argument : FIFOModevalue: DMA_FIFOMODE_ENABLE
2024-06-28 18:33:10,226 [INFO] Argument:335 - Argument : FIFOModevalue: DMA_FIFOMODE_ENABLE
2024-06-28 18:33:10,226 [INFO] Argument:325 - Argument : FIFOThresholdvalue: DMA_FIFO_THRESHOLD_FULL
2024-06-28 18:33:10,226 [INFO] Argument:335 - Argument : FIFOThresholdvalue: DMA_FIFO_THRESHOLD_FULL
2024-06-28 18:33:10,226 [INFO] Argument:325 - Argument : MemBurstvalue: DMA_MBURST_SINGLE
2024-06-28 18:33:10,226 [INFO] Argument:335 - Argument : MemBurstvalue: DMA_MBURST_SINGLE
2024-06-28 18:33:10,226 [INFO] Argument:325 - Argument : PeriphBurstvalue: DMA_PBURST_SINGLE
2024-06-28 18:33:10,226 [INFO] Argument:335 - Argument : PeriphBurstvalue: DMA_PBURST_SINGLE
2024-06-28 18:33:10,226 [INFO] Argument:325 - Argument : Lockvalue: null
2024-06-28 18:33:10,226 [INFO] Argument:335 - Argument : Lockvalue: null
2024-06-28 18:33:10,226 [INFO] Argument:325 - Argument : Statevalue: null
2024-06-28 18:33:10,226 [INFO] Argument:335 - Argument : Statevalue: null
2024-06-28 18:33:10,226 [INFO] Argument:325 - Argument : Parentvalue: null
2024-06-28 18:33:10,226 [INFO] Argument:335 - Argument : Parentvalue: null
2024-06-28 18:33:10,226 [INFO] Argument:325 - Argument : XferCpltCallbackvalue: null
2024-06-28 18:33:10,226 [INFO] Argument:335 - Argument : XferCpltCallbackvalue: null
2024-06-28 18:33:10,227 [INFO] Argument:325 - Argument : XferHalfCpltCallbackvalue: null
2024-06-28 18:33:10,227 [INFO] Argument:335 - Argument : XferHalfCpltCallbackvalue: null
2024-06-28 18:33:10,227 [INFO] Argument:325 - Argument : XferM1CpltCallbackvalue: null
2024-06-28 18:33:10,227 [INFO] Argument:335 - Argument : XferM1CpltCallbackvalue: null
2024-06-28 18:33:10,227 [INFO] Argument:325 - Argument : XferM1HalfCpltCallbackvalue: null
2024-06-28 18:33:10,227 [INFO] Argument:335 - Argument : XferM1HalfCpltCallbackvalue: null
2024-06-28 18:33:10,227 [INFO] Argument:325 - Argument : XferErrorCallbackvalue: null
2024-06-28 18:33:10,227 [INFO] Argument:335 - Argument : XferErrorCallbackvalue: null
2024-06-28 18:33:10,227 [INFO] Argument:325 - Argument : XferAbortCallbackvalue: null
2024-06-28 18:33:10,227 [INFO] Argument:335 - Argument : XferAbortCallbackvalue: null
2024-06-28 18:33:10,227 [INFO] Argument:325 - Argument : ErrorCodevalue: null
2024-06-28 18:33:10,227 [INFO] Argument:335 - Argument : ErrorCodevalue: null
2024-06-28 18:33:10,227 [INFO] Argument:325 - Argument : StreamBaseAddressvalue: null
2024-06-28 18:33:10,227 [INFO] Argument:335 - Argument : StreamBaseAddressvalue: null
2024-06-28 18:33:10,227 [INFO] Argument:325 - Argument : StreamIndexvalue: null
2024-06-28 18:33:10,228 [INFO] Argument:335 - Argument : StreamIndexvalue: null
2024-06-28 18:33:10,239 [INFO] Argument:325 - Argument : hdmavalue: null
2024-06-28 18:33:10,239 [INFO] Argument:327 - 	 sub Args: 
2024-06-28 18:33:10,239 [INFO] Argument:325 - Argument : Instancevalue: DMA1_Stream0
2024-06-28 18:33:10,239 [INFO] Argument:335 - Argument : Instancevalue: DMA1_Stream0
2024-06-28 18:33:10,239 [INFO] Argument:325 - Argument : Initvalue: null
2024-06-28 18:33:10,239 [INFO] Argument:327 - 	 sub Args: 
2024-06-28 18:33:10,239 [INFO] Argument:325 - Argument : Requestvalue: DMA_REQUEST_USART1_RX
2024-06-28 18:33:10,239 [INFO] Argument:335 - Argument : Requestvalue: DMA_REQUEST_USART1_RX
2024-06-28 18:33:10,239 [INFO] Argument:325 - Argument : Directionvalue: DMA_PERIPH_TO_MEMORY
2024-06-28 18:33:10,239 [INFO] Argument:335 - Argument : Directionvalue: DMA_PERIPH_TO_MEMORY
2024-06-28 18:33:10,239 [INFO] Argument:325 - Argument : PeriphIncvalue: DMA_PINC_DISABLE
2024-06-28 18:33:10,239 [INFO] Argument:335 - Argument : PeriphIncvalue: DMA_PINC_DISABLE
2024-06-28 18:33:10,239 [INFO] Argument:325 - Argument : MemIncvalue: DMA_MINC_ENABLE
2024-06-28 18:33:10,239 [INFO] Argument:335 - Argument : MemIncvalue: DMA_MINC_ENABLE
2024-06-28 18:33:10,239 [INFO] Argument:325 - Argument : PeriphDataAlignmentvalue: DMA_PDATAALIGN_BYTE
2024-06-28 18:33:10,239 [INFO] Argument:335 - Argument : PeriphDataAlignmentvalue: DMA_PDATAALIGN_BYTE
2024-06-28 18:33:10,239 [INFO] Argument:325 - Argument : MemDataAlignmentvalue: DMA_MDATAALIGN_BYTE
2024-06-28 18:33:10,239 [INFO] Argument:335 - Argument : MemDataAlignmentvalue: DMA_MDATAALIGN_BYTE
2024-06-28 18:33:10,239 [INFO] Argument:325 - Argument : Modevalue: DMA_NORMAL
2024-06-28 18:33:10,239 [INFO] Argument:335 - Argument : Modevalue: DMA_NORMAL
2024-06-28 18:33:10,239 [INFO] Argument:325 - Argument : Priorityvalue: DMA_PRIORITY_HIGH
2024-06-28 18:33:10,239 [INFO] Argument:335 - Argument : Priorityvalue: DMA_PRIORITY_HIGH
2024-06-28 18:33:10,239 [INFO] Argument:325 - Argument : FIFOModevalue: DMA_FIFOMODE_DISABLE
2024-06-28 18:33:10,239 [INFO] Argument:335 - Argument : FIFOModevalue: DMA_FIFOMODE_DISABLE
2024-06-28 18:33:10,239 [INFO] Argument:325 - Argument : FIFOThresholdvalue: null
2024-06-28 18:33:10,239 [INFO] Argument:335 - Argument : FIFOThresholdvalue: null
2024-06-28 18:33:10,239 [INFO] Argument:325 - Argument : MemBurstvalue: null
2024-06-28 18:33:10,239 [INFO] Argument:335 - Argument : MemBurstvalue: null
2024-06-28 18:33:10,239 [INFO] Argument:325 - Argument : PeriphBurstvalue: null
2024-06-28 18:33:10,239 [INFO] Argument:335 - Argument : PeriphBurstvalue: null
2024-06-28 18:33:10,239 [INFO] Argument:325 - Argument : Lockvalue: null
2024-06-28 18:33:10,240 [INFO] Argument:335 - Argument : Lockvalue: null
2024-06-28 18:33:10,240 [INFO] Argument:325 - Argument : Statevalue: null
2024-06-28 18:33:10,240 [INFO] Argument:335 - Argument : Statevalue: null
2024-06-28 18:33:10,240 [INFO] Argument:325 - Argument : Parentvalue: null
2024-06-28 18:33:10,240 [INFO] Argument:335 - Argument : Parentvalue: null
2024-06-28 18:33:10,240 [INFO] Argument:325 - Argument : XferCpltCallbackvalue: null
2024-06-28 18:33:10,240 [INFO] Argument:335 - Argument : XferCpltCallbackvalue: null
2024-06-28 18:33:10,240 [INFO] Argument:325 - Argument : XferHalfCpltCallbackvalue: null
2024-06-28 18:33:10,240 [INFO] Argument:335 - Argument : XferHalfCpltCallbackvalue: null
2024-06-28 18:33:10,240 [INFO] Argument:325 - Argument : XferM1CpltCallbackvalue: null
2024-06-28 18:33:10,240 [INFO] Argument:335 - Argument : XferM1CpltCallbackvalue: null
2024-06-28 18:33:10,240 [INFO] Argument:325 - Argument : XferM1HalfCpltCallbackvalue: null
2024-06-28 18:33:10,240 [INFO] Argument:335 - Argument : XferM1HalfCpltCallbackvalue: null
2024-06-28 18:33:10,240 [INFO] Argument:325 - Argument : XferErrorCallbackvalue: null
2024-06-28 18:33:10,240 [INFO] Argument:335 - Argument : XferErrorCallbackvalue: null
2024-06-28 18:33:10,240 [INFO] Argument:325 - Argument : XferAbortCallbackvalue: null
2024-06-28 18:33:10,240 [INFO] Argument:335 - Argument : XferAbortCallbackvalue: null
2024-06-28 18:33:10,240 [INFO] Argument:325 - Argument : ErrorCodevalue: null
2024-06-28 18:33:10,240 [INFO] Argument:335 - Argument : ErrorCodevalue: null
2024-06-28 18:33:10,240 [INFO] Argument:325 - Argument : StreamBaseAddressvalue: null
2024-06-28 18:33:10,240 [INFO] Argument:335 - Argument : StreamBaseAddressvalue: null
2024-06-28 18:33:10,240 [INFO] Argument:325 - Argument : StreamIndexvalue: null
2024-06-28 18:33:10,240 [INFO] Argument:335 - Argument : StreamIndexvalue: null
2024-06-28 18:33:10,242 [INFO] Argument:325 - Argument : hdmavalue: null
2024-06-28 18:33:10,243 [INFO] Argument:327 - 	 sub Args: 
2024-06-28 18:33:10,243 [INFO] Argument:325 - Argument : Instancevalue: DMA1_Stream1
2024-06-28 18:33:10,243 [INFO] Argument:335 - Argument : Instancevalue: DMA1_Stream1
2024-06-28 18:33:10,243 [INFO] Argument:325 - Argument : Initvalue: null
2024-06-28 18:33:10,243 [INFO] Argument:327 - 	 sub Args: 
2024-06-28 18:33:10,243 [INFO] Argument:325 - Argument : Requestvalue: DMA_REQUEST_USART1_TX
2024-06-28 18:33:10,243 [INFO] Argument:335 - Argument : Requestvalue: DMA_REQUEST_USART1_TX
2024-06-28 18:33:10,243 [INFO] Argument:325 - Argument : Directionvalue: DMA_MEMORY_TO_PERIPH
2024-06-28 18:33:10,243 [INFO] Argument:335 - Argument : Directionvalue: DMA_MEMORY_TO_PERIPH
2024-06-28 18:33:10,243 [INFO] Argument:325 - Argument : PeriphIncvalue: DMA_PINC_DISABLE
2024-06-28 18:33:10,243 [INFO] Argument:335 - Argument : PeriphIncvalue: DMA_PINC_DISABLE
2024-06-28 18:33:10,243 [INFO] Argument:325 - Argument : MemIncvalue: DMA_MINC_ENABLE
2024-06-28 18:33:10,243 [INFO] Argument:335 - Argument : MemIncvalue: DMA_MINC_ENABLE
2024-06-28 18:33:10,243 [INFO] Argument:325 - Argument : PeriphDataAlignmentvalue: DMA_PDATAALIGN_BYTE
2024-06-28 18:33:10,243 [INFO] Argument:335 - Argument : PeriphDataAlignmentvalue: DMA_PDATAALIGN_BYTE
2024-06-28 18:33:10,243 [INFO] Argument:325 - Argument : MemDataAlignmentvalue: DMA_MDATAALIGN_BYTE
2024-06-28 18:33:10,243 [INFO] Argument:335 - Argument : MemDataAlignmentvalue: DMA_MDATAALIGN_BYTE
2024-06-28 18:33:10,243 [INFO] Argument:325 - Argument : Modevalue: DMA_NORMAL
2024-06-28 18:33:10,243 [INFO] Argument:335 - Argument : Modevalue: DMA_NORMAL
2024-06-28 18:33:10,243 [INFO] Argument:325 - Argument : Priorityvalue: DMA_PRIORITY_LOW
2024-06-28 18:33:10,243 [INFO] Argument:335 - Argument : Priorityvalue: DMA_PRIORITY_LOW
2024-06-28 18:33:10,243 [INFO] Argument:325 - Argument : FIFOModevalue: DMA_FIFOMODE_DISABLE
2024-06-28 18:33:10,243 [INFO] Argument:335 - Argument : FIFOModevalue: DMA_FIFOMODE_DISABLE
2024-06-28 18:33:10,243 [INFO] Argument:325 - Argument : FIFOThresholdvalue: null
2024-06-28 18:33:10,243 [INFO] Argument:335 - Argument : FIFOThresholdvalue: null
2024-06-28 18:33:10,243 [INFO] Argument:325 - Argument : MemBurstvalue: null
2024-06-28 18:33:10,243 [INFO] Argument:335 - Argument : MemBurstvalue: null
2024-06-28 18:33:10,243 [INFO] Argument:325 - Argument : PeriphBurstvalue: null
2024-06-28 18:33:10,243 [INFO] Argument:335 - Argument : PeriphBurstvalue: null
2024-06-28 18:33:10,243 [INFO] Argument:325 - Argument : Lockvalue: null
2024-06-28 18:33:10,243 [INFO] Argument:335 - Argument : Lockvalue: null
2024-06-28 18:33:10,243 [INFO] Argument:325 - Argument : Statevalue: null
2024-06-28 18:33:10,244 [INFO] Argument:335 - Argument : Statevalue: null
2024-06-28 18:33:10,244 [INFO] Argument:325 - Argument : Parentvalue: null
2024-06-28 18:33:10,244 [INFO] Argument:335 - Argument : Parentvalue: null
2024-06-28 18:33:10,244 [INFO] Argument:325 - Argument : XferCpltCallbackvalue: null
2024-06-28 18:33:10,244 [INFO] Argument:335 - Argument : XferCpltCallbackvalue: null
2024-06-28 18:33:10,244 [INFO] Argument:325 - Argument : XferHalfCpltCallbackvalue: null
2024-06-28 18:33:10,244 [INFO] Argument:335 - Argument : XferHalfCpltCallbackvalue: null
2024-06-28 18:33:10,244 [INFO] Argument:325 - Argument : XferM1CpltCallbackvalue: null
2024-06-28 18:33:10,244 [INFO] Argument:335 - Argument : XferM1CpltCallbackvalue: null
2024-06-28 18:33:10,244 [INFO] Argument:325 - Argument : XferM1HalfCpltCallbackvalue: null
2024-06-28 18:33:10,244 [INFO] Argument:335 - Argument : XferM1HalfCpltCallbackvalue: null
2024-06-28 18:33:10,244 [INFO] Argument:325 - Argument : XferErrorCallbackvalue: null
2024-06-28 18:33:10,244 [INFO] Argument:335 - Argument : XferErrorCallbackvalue: null
2024-06-28 18:33:10,244 [INFO] Argument:325 - Argument : XferAbortCallbackvalue: null
2024-06-28 18:33:10,244 [INFO] Argument:335 - Argument : XferAbortCallbackvalue: null
2024-06-28 18:33:10,244 [INFO] Argument:325 - Argument : ErrorCodevalue: null
2024-06-28 18:33:10,244 [INFO] Argument:335 - Argument : ErrorCodevalue: null
2024-06-28 18:33:10,244 [INFO] Argument:325 - Argument : StreamBaseAddressvalue: null
2024-06-28 18:33:10,244 [INFO] Argument:335 - Argument : StreamBaseAddressvalue: null
2024-06-28 18:33:10,244 [INFO] Argument:325 - Argument : StreamIndexvalue: null
2024-06-28 18:33:10,244 [INFO] Argument:335 - Argument : StreamIndexvalue: null
2024-06-28 18:33:10,250 [WARN] IP:2120 - DEVICE_SERIAL0_CDC_HS not found: check if there is a RefParameter without a condition.
2024-06-28 18:33:10,250 [WARN] IP:2120 - DEVICE_SERIAL1_CDC_HS not found: check if there is a RefParameter without a condition.
2024-06-28 18:33:10,250 [WARN] IP:2120 - DEVICE_SERIAL2_CDC_HS not found: check if there is a RefParameter without a condition.
2024-06-28 18:33:10,379 [INFO] CodeEngine:255 - oldGeneratedFile, C:\Users\andre\Documents\GitHub\TS_Nucleo\TS_STM-H7\TS_STM-H7\TS_STM-H7\MXTmpFiles\license.tmp_save
2024-06-28 18:33:10,471 [INFO] CodeEngine:279 - Generated code: C:\Users\andre\Documents\GitHub\TS_Nucleo\TS_STM-H7\TS_STM-H7\TS_STM-H7\MXTmpFiles\license.tmp
2024-06-28 18:33:10,567 [INFO] CodeEngine:255 - oldGeneratedFile, C:\Users\andre\Documents\GitHub\TS_Nucleo\TS_STM-H7\TS_STM-H7\TS_STM-H7\MXTmpFiles\gpio.tmp_save
2024-06-28 18:33:10,661 [INFO] CodeEngine:279 - Generated code: C:\Users\andre\Documents\GitHub\TS_Nucleo\TS_STM-H7\TS_STM-H7\TS_STM-H7\MXTmpFiles\gpio.tmp
2024-06-28 18:33:10,824 [INFO] CodeEngine:255 - oldGeneratedFile, C:\Users\andre\Documents\GitHub\TS_Nucleo\TS_STM-H7\TS_STM-H7\TS_STM-H7\MXTmpFiles\usb_otg_hs_vars.tmp_save
2024-06-28 18:33:10,912 [INFO] CodeEngine:279 - Generated code: C:\Users\andre\Documents\GitHub\TS_Nucleo\TS_STM-H7\TS_STM-H7\TS_STM-H7\MXTmpFiles\usb_otg_hs_vars.tmp
2024-06-28 18:33:10,916 [INFO] CodeEngine:255 - oldGeneratedFile, C:\Users\andre\Documents\GitHub\TS_Nucleo\TS_STM-H7\TS_STM-H7\TS_STM-H7\MXTmpFiles\usb_otg_hs_inc.tmp_save
2024-06-28 18:33:10,977 [INFO] CodeEngine:279 - Generated code: C:\Users\andre\Documents\GitHub\TS_Nucleo\TS_STM-H7\TS_STM-H7\TS_STM-H7\MXTmpFiles\usb_otg_hs_inc.tmp
2024-06-28 18:33:10,981 [INFO] CodeEngine:255 - oldGeneratedFile, C:\Users\andre\Documents\GitHub\TS_Nucleo\TS_STM-H7\TS_STM-H7\TS_STM-H7\MXTmpFiles\usb_otg_hs_HalInit.tmp_save
2024-06-28 18:33:11,068 [INFO] CodeEngine:279 - Generated code: C:\Users\andre\Documents\GitHub\TS_Nucleo\TS_STM-H7\TS_STM-H7\TS_STM-H7\MXTmpFiles\usb_otg_hs_HalInit.tmp
2024-06-28 18:33:11,072 [INFO] CodeEngine:255 - oldGeneratedFile, C:\Users\andre\Documents\GitHub\TS_Nucleo\TS_STM-H7\TS_STM-H7\TS_STM-H7\MXTmpFiles\usb_otg_hs_Msp.tmp_save
2024-06-28 18:33:11,151 [INFO] CodeEngine:279 - Generated code: C:\Users\andre\Documents\GitHub\TS_Nucleo\TS_STM-H7\TS_STM-H7\TS_STM-H7\MXTmpFiles\usb_otg_hs_Msp.tmp
2024-06-28 18:33:12,350 [INFO] Middleware:1439 - No code input for Bsp Dependency
2024-06-28 18:33:12,361 [INFO] CodeEngine:255 - oldGeneratedFile, C:\Users\andre\Documents\GitHub\TS_Nucleo\TS_STM-H7\TS_STM-H7\TS_STM-H7\MXTmpFiles\fatfs_HalInit.tmp_save
2024-06-28 18:33:12,453 [INFO] CodeEngine:279 - Generated code: C:\Users\andre\Documents\GitHub\TS_Nucleo\TS_STM-H7\TS_STM-H7\TS_STM-H7\MXTmpFiles\fatfs_HalInit.tmp
2024-06-28 18:33:12,458 [INFO] CodeEngine:255 - oldGeneratedFile, C:\Users\andre\Documents\GitHub\TS_Nucleo\TS_STM-H7\TS_STM-H7\TS_STM-H7\MXTmpFiles\fatfs_vars.tmp_save
2024-06-28 18:33:12,526 [INFO] CodeEngine:279 - Generated code: C:\Users\andre\Documents\GitHub\TS_Nucleo\TS_STM-H7\TS_STM-H7\TS_STM-H7\MXTmpFiles\fatfs_vars.tmp
2024-06-28 18:33:12,531 [INFO] CodeEngine:255 - oldGeneratedFile, C:\Users\andre\Documents\GitHub\TS_Nucleo\TS_STM-H7\TS_STM-H7\TS_STM-H7\MXTmpFiles\fatfs_ext_vars.tmp_save
2024-06-28 18:33:12,585 [INFO] CodeEngine:279 - Generated code: C:\Users\andre\Documents\GitHub\TS_Nucleo\TS_STM-H7\TS_STM-H7\TS_STM-H7\MXTmpFiles\fatfs_ext_vars.tmp
2024-06-28 18:33:12,589 [INFO] CodeEngine:255 - oldGeneratedFile, C:\Users\andre\Documents\GitHub\TS_Nucleo\TS_STM-H7\TS_STM-H7\TS_STM-H7\MXTmpFiles\fatfs_inc.tmp_save
2024-06-28 18:33:12,653 [INFO] CodeEngine:279 - Generated code: C:\Users\andre\Documents\GitHub\TS_Nucleo\TS_STM-H7\TS_STM-H7\TS_STM-H7\MXTmpFiles\fatfs_inc.tmp
2024-06-28 18:33:12,665 [INFO] Middleware:1439 - No code input for Bsp Dependency
2024-06-28 18:33:12,666 [ERROR] SWIPConfigModel:147 - Object (RefParameter) name : DEVICE_SERIAL1_CDC_HS  is not a String or a Boolean
2024-06-28 18:33:12,666 [ERROR] SWIPConfigModel:147 - Object (RefParameter) name : DEVICE_SERIAL2_CDC_HS  is not a String or a Boolean
2024-06-28 18:33:12,666 [ERROR] SWIPConfigModel:147 - Object (RefParameter) name : DEVICE_SERIAL0_CDC_HS  is not a String or a Boolean
2024-06-28 18:33:12,671 [INFO] CodeEngine:255 - oldGeneratedFile, C:\Users\andre\Documents\GitHub\TS_Nucleo\TS_STM-H7\TS_STM-H7\TS_STM-H7\MXTmpFiles\cortex.tmp_save
2024-06-28 18:33:12,760 [INFO] CodeEngine:279 - Generated code: C:\Users\andre\Documents\GitHub\TS_Nucleo\TS_STM-H7\TS_STM-H7\TS_STM-H7\MXTmpFiles\cortex.tmp
2024-06-28 18:33:12,868 [INFO] CodeEngine:255 - oldGeneratedFile, C:\Users\andre\Documents\GitHub\TS_Nucleo\TS_STM-H7\TS_STM-H7\TS_STM-H7\MXTmpFiles\dma.tmp_save
2024-06-28 18:33:12,951 [INFO] CodeEngine:279 - Generated code: C:\Users\andre\Documents\GitHub\TS_Nucleo\TS_STM-H7\TS_STM-H7\TS_STM-H7\MXTmpFiles\dma.tmp
2024-06-28 18:33:12,954 [INFO] CodeEngine:255 - oldGeneratedFile, C:\Users\andre\Documents\GitHub\TS_Nucleo\TS_STM-H7\TS_STM-H7\TS_STM-H7\MXTmpFiles\dma_GV.tmp_save
2024-06-28 18:33:13,004 [INFO] CodeEngine:279 - Generated code: C:\Users\andre\Documents\GitHub\TS_Nucleo\TS_STM-H7\TS_STM-H7\TS_STM-H7\MXTmpFiles\dma_GV.tmp
2024-06-28 18:33:13,010 [INFO] Middleware:1439 - No code input for Bsp Dependency
2024-06-28 18:33:13,021 [INFO] CodeEngine:255 - oldGeneratedFile, C:\Users\andre\Documents\GitHub\TS_Nucleo\TS_STM-H7\TS_STM-H7\TS_STM-H7\MXTmpFiles\fatfs_HalInit.tmp_save
2024-06-28 18:33:13,090 [INFO] CodeEngine:279 - Generated code: C:\Users\andre\Documents\GitHub\TS_Nucleo\TS_STM-H7\TS_STM-H7\TS_STM-H7\MXTmpFiles\fatfs_HalInit.tmp
2024-06-28 18:33:13,098 [INFO] CodeEngine:255 - oldGeneratedFile, C:\Users\andre\Documents\GitHub\TS_Nucleo\TS_STM-H7\TS_STM-H7\TS_STM-H7\MXTmpFiles\fatfs_vars.tmp_save
2024-06-28 18:33:13,152 [INFO] CodeEngine:279 - Generated code: C:\Users\andre\Documents\GitHub\TS_Nucleo\TS_STM-H7\TS_STM-H7\TS_STM-H7\MXTmpFiles\fatfs_vars.tmp
2024-06-28 18:33:13,159 [INFO] CodeEngine:255 - oldGeneratedFile, C:\Users\andre\Documents\GitHub\TS_Nucleo\TS_STM-H7\TS_STM-H7\TS_STM-H7\MXTmpFiles\fatfs_ext_vars.tmp_save
2024-06-28 18:33:13,214 [INFO] CodeEngine:279 - Generated code: C:\Users\andre\Documents\GitHub\TS_Nucleo\TS_STM-H7\TS_STM-H7\TS_STM-H7\MXTmpFiles\fatfs_ext_vars.tmp
2024-06-28 18:33:13,219 [INFO] CodeEngine:255 - oldGeneratedFile, C:\Users\andre\Documents\GitHub\TS_Nucleo\TS_STM-H7\TS_STM-H7\TS_STM-H7\MXTmpFiles\fatfs_inc.tmp_save
2024-06-28 18:33:13,279 [INFO] CodeEngine:279 - Generated code: C:\Users\andre\Documents\GitHub\TS_Nucleo\TS_STM-H7\TS_STM-H7\TS_STM-H7\MXTmpFiles\fatfs_inc.tmp
2024-06-28 18:33:13,294 [INFO] CodeEngine:255 - oldGeneratedFile, C:\Users\andre\Documents\GitHub\TS_Nucleo\TS_STM-H7\TS_STM-H7\TS_STM-H7\FATFS\Target\ffconf.h_save
2024-06-28 18:33:13,391 [INFO] CodeEngine:279 - Generated code: C:\Users\andre\Documents\GitHub\TS_Nucleo\TS_STM-H7\TS_STM-H7\TS_STM-H7\FATFS\Target\ffconf.h
2024-06-28 18:33:13,399 [INFO] CodeEngine:255 - oldGeneratedFile, C:\Users\andre\Documents\GitHub\TS_Nucleo\TS_STM-H7\TS_STM-H7\TS_STM-H7\FATFS\Target\user_diskio.c_save
2024-06-28 18:33:13,462 [INFO] CodeEngine:279 - Generated code: C:\Users\andre\Documents\GitHub\TS_Nucleo\TS_STM-H7\TS_STM-H7\TS_STM-H7\FATFS\Target\user_diskio.c
2024-06-28 18:33:13,467 [INFO] CodeEngine:255 - oldGeneratedFile, C:\Users\andre\Documents\GitHub\TS_Nucleo\TS_STM-H7\TS_STM-H7\TS_STM-H7\FATFS\Target\user_diskio.h_save
2024-06-28 18:33:13,526 [INFO] CodeEngine:279 - Generated code: C:\Users\andre\Documents\GitHub\TS_Nucleo\TS_STM-H7\TS_STM-H7\TS_STM-H7\FATFS\Target\user_diskio.h
2024-06-28 18:33:13,533 [INFO] CodeEngine:255 - oldGeneratedFile, C:\Users\andre\Documents\GitHub\TS_Nucleo\TS_STM-H7\TS_STM-H7\TS_STM-H7\FATFS\App\fatfs.c_save
2024-06-28 18:33:13,592 [INFO] CodeEngine:279 - Generated code: C:\Users\andre\Documents\GitHub\TS_Nucleo\TS_STM-H7\TS_STM-H7\TS_STM-H7\FATFS\App\fatfs.c
2024-06-28 18:33:13,599 [INFO] CodeEngine:255 - oldGeneratedFile, C:\Users\andre\Documents\GitHub\TS_Nucleo\TS_STM-H7\TS_STM-H7\TS_STM-H7\FATFS\App\fatfs.h_save
2024-06-28 18:33:13,670 [INFO] CodeEngine:279 - Generated code: C:\Users\andre\Documents\GitHub\TS_Nucleo\TS_STM-H7\TS_STM-H7\TS_STM-H7\FATFS\App\fatfs.h
2024-06-28 18:33:13,684 [INFO] Middleware:1439 - No code input for Bsp Dependency
2024-06-28 18:33:13,684 [ERROR] SWIPConfigModel:147 - Object (RefParameter) name : DEVICE_SERIAL1_CDC_HS  is not a String or a Boolean
2024-06-28 18:33:13,684 [ERROR] SWIPConfigModel:147 - Object (RefParameter) name : DEVICE_SERIAL2_CDC_HS  is not a String or a Boolean
2024-06-28 18:33:13,684 [ERROR] SWIPConfigModel:147 - Object (RefParameter) name : DEVICE_SERIAL0_CDC_HS  is not a String or a Boolean
2024-06-28 18:33:13,705 [INFO] CodeEngine:255 - oldGeneratedFile, C:\Users\andre\Documents\GitHub\TS_Nucleo\TS_STM-H7\TS_STM-H7\TS_STM-H7\USB_DEVICE\App\usb_device.c_save
2024-06-28 18:33:13,784 [INFO] CodeEngine:279 - Generated code: C:\Users\andre\Documents\GitHub\TS_Nucleo\TS_STM-H7\TS_STM-H7\TS_STM-H7\USB_DEVICE\App\usb_device.c
2024-06-28 18:33:13,798 [INFO] CodeEngine:255 - oldGeneratedFile, C:\Users\andre\Documents\GitHub\TS_Nucleo\TS_STM-H7\TS_STM-H7\TS_STM-H7\USB_DEVICE\App\usb_device.h_save
2024-06-28 18:33:13,855 [INFO] CodeEngine:279 - Generated code: C:\Users\andre\Documents\GitHub\TS_Nucleo\TS_STM-H7\TS_STM-H7\TS_STM-H7\USB_DEVICE\App\usb_device.h
2024-06-28 18:33:13,862 [INFO] CodeEngine:255 - oldGeneratedFile, C:\Users\andre\Documents\GitHub\TS_Nucleo\TS_STM-H7\TS_STM-H7\TS_STM-H7\USB_DEVICE\Target\usbd_conf.h_save
2024-06-28 18:33:13,922 [INFO] CodeEngine:279 - Generated code: C:\Users\andre\Documents\GitHub\TS_Nucleo\TS_STM-H7\TS_STM-H7\TS_STM-H7\USB_DEVICE\Target\usbd_conf.h
2024-06-28 18:33:13,937 [INFO] CodeEngine:255 - oldGeneratedFile, C:\Users\andre\Documents\GitHub\TS_Nucleo\TS_STM-H7\TS_STM-H7\TS_STM-H7\USB_DEVICE\Target\usbd_conf.c_save
2024-06-28 18:33:14,029 [INFO] CodeEngine:279 - Generated code: C:\Users\andre\Documents\GitHub\TS_Nucleo\TS_STM-H7\TS_STM-H7\TS_STM-H7\USB_DEVICE\Target\usbd_conf.c
2024-06-28 18:33:14,035 [INFO] CodeEngine:255 - oldGeneratedFile, C:\Users\andre\Documents\GitHub\TS_Nucleo\TS_STM-H7\TS_STM-H7\TS_STM-H7\USB_DEVICE\App\usbd_desc.h_save
2024-06-28 18:33:14,093 [INFO] CodeEngine:279 - Generated code: C:\Users\andre\Documents\GitHub\TS_Nucleo\TS_STM-H7\TS_STM-H7\TS_STM-H7\USB_DEVICE\App\usbd_desc.h
2024-06-28 18:33:14,108 [INFO] CodeEngine:255 - oldGeneratedFile, C:\Users\andre\Documents\GitHub\TS_Nucleo\TS_STM-H7\TS_STM-H7\TS_STM-H7\USB_DEVICE\App\usbd_desc.c_save
2024-06-28 18:33:14,204 [INFO] CodeEngine:279 - Generated code: C:\Users\andre\Documents\GitHub\TS_Nucleo\TS_STM-H7\TS_STM-H7\TS_STM-H7\USB_DEVICE\App\usbd_desc.c
2024-06-28 18:33:14,219 [INFO] CodeEngine:255 - oldGeneratedFile, C:\Users\andre\Documents\GitHub\TS_Nucleo\TS_STM-H7\TS_STM-H7\TS_STM-H7\USB_DEVICE\App\usbd_cdc_if.h_save
2024-06-28 18:33:14,279 [INFO] CodeEngine:279 - Generated code: C:\Users\andre\Documents\GitHub\TS_Nucleo\TS_STM-H7\TS_STM-H7\TS_STM-H7\USB_DEVICE\App\usbd_cdc_if.h
2024-06-28 18:33:14,294 [INFO] CodeEngine:255 - oldGeneratedFile, C:\Users\andre\Documents\GitHub\TS_Nucleo\TS_STM-H7\TS_STM-H7\TS_STM-H7\USB_DEVICE\App\usbd_cdc_if.c_save
2024-06-28 18:33:14,399 [INFO] CodeEngine:279 - Generated code: C:\Users\andre\Documents\GitHub\TS_Nucleo\TS_STM-H7\TS_STM-H7\TS_STM-H7\USB_DEVICE\App\usbd_cdc_if.c
2024-06-28 18:33:14,449 [INFO] CodeEngine:255 - oldGeneratedFile, C:\Users\andre\Documents\GitHub\TS_Nucleo\TS_STM-H7\TS_STM-H7\TS_STM-H7\Core\Src\stm32h7xx_it.c_save
2024-06-28 18:33:14,550 [INFO] CodeEngine:279 - Generated code: C:\Users\andre\Documents\GitHub\TS_Nucleo\TS_STM-H7\TS_STM-H7\TS_STM-H7\Core\Src\stm32h7xx_it.c
2024-06-28 18:33:14,556 [INFO] CodeEngine:255 - oldGeneratedFile, C:\Users\andre\Documents\GitHub\TS_Nucleo\TS_STM-H7\TS_STM-H7\TS_STM-H7\Core\Inc\stm32h7xx_it.h_save
2024-06-28 18:33:14,619 [INFO] CodeEngine:279 - Generated code: C:\Users\andre\Documents\GitHub\TS_Nucleo\TS_STM-H7\TS_STM-H7\TS_STM-H7\Core\Inc\stm32h7xx_it.h
2024-06-28 18:33:14,835 [INFO] CodeEngine:255 - oldGeneratedFile, C:\Users\andre\Documents\GitHub\TS_Nucleo\TS_STM-H7\TS_STM-H7\TS_STM-H7\Core\Src\stm32h7xx_hal_msp.c_save
2024-06-28 18:33:15,002 [INFO] CodeEngine:279 - Generated code: C:\Users\andre\Documents\GitHub\TS_Nucleo\TS_STM-H7\TS_STM-H7\TS_STM-H7\Core\Src\stm32h7xx_hal_msp.c
2024-06-28 18:33:15,006 [INFO] CodeEngine:255 - oldGeneratedFile, C:\Users\andre\Documents\GitHub\TS_Nucleo\TS_STM-H7\TS_STM-H7\TS_STM-H7\MXTmpFiles\system.tmp_save
2024-06-28 18:33:15,084 [INFO] CodeEngine:279 - Generated code: C:\Users\andre\Documents\GitHub\TS_Nucleo\TS_STM-H7\TS_STM-H7\TS_STM-H7\MXTmpFiles\system.tmp
2024-06-28 18:33:15,112 [INFO] CodeEngine:311 - oldGeneratedFile, C:\Users\andre\Documents\GitHub\TS_Nucleo\TS_STM-H7\TS_STM-H7\TS_STM-H7\Core\Inc\stm32h7xx_hal_conf.h_save
2024-06-28 18:33:15,210 [INFO] CodeEngine:335 - Generated code: C:\Users\andre\Documents\GitHub\TS_Nucleo\TS_STM-H7\TS_STM-H7\TS_STM-H7\Core\Inc\stm32h7xx_hal_conf.h
2024-06-28 18:33:15,250 [WARN] IPConfigManager:3513 - IP not found : TIM
2024-06-28 18:33:15,251 [WARN] CodeGenerator:3951 - IP not found : null
2024-06-28 18:33:15,266 [INFO] CodeEngine:255 - oldGeneratedFile, C:\Users\andre\Documents\GitHub\TS_Nucleo\TS_STM-H7\TS_STM-H7\TS_STM-H7\Core\Inc\main.h_save
2024-06-28 18:33:15,342 [INFO] CodeEngine:279 - Generated code: C:\Users\andre\Documents\GitHub\TS_Nucleo\TS_STM-H7\TS_STM-H7\TS_STM-H7\Core\Inc\main.h
2024-06-28 18:33:15,357 [INFO] CodeEngine:255 - oldGeneratedFile, C:\Users\andre\Documents\GitHub\TS_Nucleo\TS_STM-H7\TS_STM-H7\TS_STM-H7\Core\Src\main.c_save
2024-06-28 18:33:15,506 [INFO] CodeEngine:279 - Generated code: C:\Users\andre\Documents\GitHub\TS_Nucleo\TS_STM-H7\TS_STM-H7\TS_STM-H7\Core\Src\main.c
2024-06-28 18:33:16,004 [INFO] ProjectBuilder:3163 - Time for Copy HAL[1] : 286mS.
2024-06-28 18:33:16,016 [INFO] ProjectBuilder:4736 - Project Generator version: 4.3.0-B58
2024-06-28 18:33:16,087 [INFO] ConfigFileManager:1503 - The Die is : DIE483
2024-06-28 18:33:17,059 [INFO] ProjectBuilder:5002 - Time for Generating toolchain IDE Files: 1042mS.
2024-06-28 18:33:17,060 [INFO] ProjectBuilder:3034 - Time for Copy CMSIS : 0mS.
2024-06-28 18:33:17,069 [INFO] ProjectBuilder:3034 - Time for Copy CMSIS : 0mS.
2024-06-28 18:39:30,821 [ERROR] LogOutputStream:75 - [STDERR_REDIRECT] java.lang.Error: no ComponentUI class for: com.st.microxplorer.plugins.ip.nvic.CheckBoxHeader[,0,0,0x0,invalid,alignmentX=0.0,alignmentY=0.0,border=,flags=0,maximumSize=,minimumSize=,preferredSize=,defaultIcon=,disabledIcon=,disabledSelectedIcon=,margin=null,paintBorder=true,paintFocus=true,pressedIcon=,rolloverEnabled=false,rolloverIcon=,rolloverSelectedIcon=,selectedIcon=,text=]
2024-06-28 18:39:30,823 [ERROR] LogOutputStream:75 - [STDERR_REDIRECT] 	at java.desktop/javax.swing.UIDefaults.getUIError(UIDefaults.java:763)
2024-06-28 18:39:30,824 [ERROR] LogOutputStream:75 - [STDERR_REDIRECT] 	at java.desktop/javax.swing.MultiUIDefaults.getUIError(MultiUIDefaults.java:144)
2024-06-28 18:39:30,825 [ERROR] LogOutputStream:75 - [STDERR_REDIRECT] 	at java.desktop/javax.swing.UIDefaults.getUI(UIDefaults.java:793)
2024-06-28 18:39:30,826 [ERROR] LogOutputStream:75 - [STDERR_REDIRECT] 	at java.desktop/javax.swing.UIManager.getUI(UIManager.java:1073)
2024-06-28 18:39:30,827 [ERROR] LogOutputStream:75 - [STDERR_REDIRECT] 	at java.desktop/javax.swing.JCheckBox.updateUI(JCheckBox.java:228)
2024-06-28 18:39:30,828 [ERROR] LogOutputStream:75 - [STDERR_REDIRECT] 	at java.desktop/javax.swing.AbstractButton.init(AbstractButton.java:2141)
2024-06-28 18:39:30,829 [ERROR] LogOutputStream:75 - [STDERR_REDIRECT] 	at java.desktop/javax.swing.JToggleButton.<init>(JToggleButton.java:187)
2024-06-28 18:39:30,831 [ERROR] LogOutputStream:75 - [STDERR_REDIRECT] 	at java.desktop/javax.swing.JCheckBox.<init>(JCheckBox.java:176)
2024-06-28 18:39:30,833 [ERROR] LogOutputStream:75 - [STDERR_REDIRECT] 	at java.desktop/javax.swing.JCheckBox.<init>(JCheckBox.java:97)
2024-06-28 18:39:30,834 [ERROR] LogOutputStream:75 - [STDERR_REDIRECT] 	at com.st.microxplorer.plugins.ip.nvic.CheckBoxHeader.<init>(CheckBoxHeader.java:55)
2024-06-28 18:39:30,836 [ERROR] LogOutputStream:75 - [STDERR_REDIRECT] 	at com.st.microxplorer.plugins.ip.nvic.NvicCodeSelectionTable.<init>(NvicCodeSelectionTable.java:75)
2024-06-28 18:39:30,837 [ERROR] LogOutputStream:75 - [STDERR_REDIRECT] 	at com.st.microxplorer.plugins.ip.nvic.NvicCodePanel.initComponents(NvicCodePanel.java:102)
2024-06-28 18:39:30,838 [ERROR] LogOutputStream:75 - [STDERR_REDIRECT] 	at com.st.microxplorer.plugins.ip.nvic.NvicCodePanel.<init>(NvicCodePanel.java:78)
2024-06-28 18:39:30,839 [ERROR] LogOutputStream:75 - [STDERR_REDIRECT] 	at com.st.microxplorer.plugins.ip.nvic.NvicTabbedPanel.<init>(NvicTabbedPanel.java:57)
2024-06-28 18:39:30,840 [ERROR] LogOutputStream:75 - [STDERR_REDIRECT] 	at com.st.microxplorer.plugins.ip.nvic.Nvic.getUI(Nvic.java:73)
2024-06-28 18:39:30,842 [ERROR] LogOutputStream:75 - [STDERR_REDIRECT] 	at com.st.microxplorer.plugins.ipmanager.gui.BlockDiagram.createIpPanel(BlockDiagram.java:422)
2024-06-28 18:39:30,843 [ERROR] LogOutputStream:75 - [STDERR_REDIRECT] 	at com.st.microxplorer.plugins.ipmanager.gui.BlockDiagram.getIPConfigPanel(BlockDiagram.java:560)
2024-06-28 18:39:30,844 [ERROR] LogOutputStream:75 - [STDERR_REDIRECT] 	at com.st.microxplorer.plugins.ipmanager.gui.BlockDiagram.getIPConfigPanel(BlockDiagram.java:466)
2024-06-28 18:39:30,846 [ERROR] LogOutputStream:75 - [STDERR_REDIRECT] 	at com.st.microxplorer.plugins.ipmanager.gui.BlockDiagram.propertyChange(BlockDiagram.java:1390)
2024-06-28 18:39:30,849 [ERROR] LogOutputStream:75 - [STDERR_REDIRECT] 	at java.desktop/java.beans.PropertyChangeSupport.fire(PropertyChangeSupport.java:343)
2024-06-28 18:39:30,851 [ERROR] LogOutputStream:75 - [STDERR_REDIRECT] 	at java.desktop/java.beans.PropertyChangeSupport.firePropertyChange(PropertyChangeSupport.java:335)
2024-06-28 18:39:30,853 [ERROR] LogOutputStream:75 - [STDERR_REDIRECT] 	at java.desktop/java.beans.PropertyChangeSupport.firePropertyChange(PropertyChangeSupport.java:268)
2024-06-28 18:39:30,854 [ERROR] LogOutputStream:75 - [STDERR_REDIRECT] 	at com.st.microxplorer.util.MXPropertyChangeSupport.firePropertyChange(MXPropertyChangeSupport.java:54)
2024-06-28 18:39:30,855 [ERROR] LogOutputStream:75 - [STDERR_REDIRECT] 	at com.st.microxplorer.mxsystem.MxSystem.firePropertyChange(MxSystem.java:358)
2024-06-28 18:39:30,857 [ERROR] LogOutputStream:75 - [STDERR_REDIRECT] 	at com.st.microxplorer.plugins.pinoutconfig.guiV5.PeripheralsSelectionPanel.selectIP(PeripheralsSelectionPanel.java:409)
2024-06-28 18:39:30,858 [ERROR] LogOutputStream:75 - [STDERR_REDIRECT] 	at com.st.microxplorer.plugins.pinoutconfig.guiV5.PeripheralsListListener.mouseClicked(PeripheralsListListener.java:103)
2024-06-28 18:39:30,859 [ERROR] LogOutputStream:75 - [STDERR_REDIRECT] 	at java.desktop/java.awt.AWTEventMulticaster.mouseClicked(AWTEventMulticaster.java:278)
2024-06-28 18:39:30,860 [ERROR] LogOutputStream:75 - [STDERR_REDIRECT] 	at java.desktop/java.awt.Component.processMouseEvent(Component.java:6629)
2024-06-28 18:39:30,861 [ERROR] LogOutputStream:75 - [STDERR_REDIRECT] 	at java.desktop/javax.swing.JComponent.processMouseEvent(JComponent.java:3389)
2024-06-28 18:39:30,862 [ERROR] LogOutputStream:75 - [STDERR_REDIRECT] 	at java.desktop/java.awt.Component.processEvent(Component.java:6391)
2024-06-28 18:39:30,863 [ERROR] LogOutputStream:75 - [STDERR_REDIRECT] 	at java.desktop/java.awt.Container.processEvent(Container.java:2266)
2024-06-28 18:39:30,865 [ERROR] LogOutputStream:75 - [STDERR_REDIRECT] 	at java.desktop/java.awt.Component.dispatchEventImpl(Component.java:5001)
2024-06-28 18:39:30,867 [ERROR] LogOutputStream:75 - [STDERR_REDIRECT] 	at java.desktop/java.awt.Container.dispatchEventImpl(Container.java:2324)
2024-06-28 18:39:30,869 [ERROR] LogOutputStream:75 - [STDERR_REDIRECT] 	at java.desktop/java.awt.Component.dispatchEvent(Component.java:4833)
2024-06-28 18:39:30,870 [ERROR] LogOutputStream:75 - [STDERR_REDIRECT] 	at java.desktop/java.awt.LightweightDispatcher.retargetMouseEvent(Container.java:4948)
2024-06-28 18:39:30,871 [ERROR] LogOutputStream:75 - [STDERR_REDIRECT] 	at java.desktop/java.awt.LightweightDispatcher.processMouseEvent(Container.java:4584)
2024-06-28 18:39:30,872 [ERROR] LogOutputStream:75 - [STDERR_REDIRECT] 	at java.desktop/java.awt.LightweightDispatcher.dispatchEvent(Container.java:4516)
2024-06-28 18:39:30,873 [ERROR] LogOutputStream:75 - [STDERR_REDIRECT] 	at java.desktop/java.awt.Container.dispatchEventImpl(Container.java:2310)
2024-06-28 18:39:30,873 [ERROR] LogOutputStream:75 - [STDERR_REDIRECT] 	at java.desktop/java.awt.Component.dispatchEvent(Component.java:4833)
2024-06-28 18:39:30,874 [ERROR] LogOutputStream:75 - [STDERR_REDIRECT] 	at java.desktop/java.awt.EventQueue.dispatchEventImpl(EventQueue.java:775)
2024-06-28 18:39:30,875 [ERROR] LogOutputStream:75 - [STDERR_REDIRECT] 	at java.desktop/java.awt.EventQueue$4.run(EventQueue.java:720)
2024-06-28 18:39:30,876 [ERROR] LogOutputStream:75 - [STDERR_REDIRECT] 	at java.desktop/java.awt.EventQueue$4.run(EventQueue.java:714)
2024-06-28 18:39:30,877 [ERROR] LogOutputStream:75 - [STDERR_REDIRECT] 	at java.base/java.security.AccessController.doPrivileged(AccessController.java:399)
2024-06-28 18:39:30,878 [ERROR] LogOutputStream:75 - [STDERR_REDIRECT] 	at java.base/java.security.ProtectionDomain$JavaSecurityAccessImpl.doIntersectionPrivilege(ProtectionDomain.java:86)
2024-06-28 18:39:30,880 [ERROR] LogOutputStream:75 - [STDERR_REDIRECT] 	at java.base/java.security.ProtectionDomain$JavaSecurityAccessImpl.doIntersectionPrivilege(ProtectionDomain.java:97)
2024-06-28 18:39:30,882 [ERROR] LogOutputStream:75 - [STDERR_REDIRECT] 	at java.desktop/java.awt.EventQueue$5.run(EventQueue.java:747)
2024-06-28 18:39:30,884 [ERROR] LogOutputStream:75 - [STDERR_REDIRECT] 	at java.desktop/java.awt.EventQueue$5.run(EventQueue.java:745)
2024-06-28 18:39:30,885 [ERROR] LogOutputStream:75 - [STDERR_REDIRECT] 	at java.base/java.security.AccessController.doPrivileged(AccessController.java:399)
2024-06-28 18:39:30,887 [ERROR] LogOutputStream:75 - [STDERR_REDIRECT] 	at java.base/java.security.ProtectionDomain$JavaSecurityAccessImpl.doIntersectionPrivilege(ProtectionDomain.java:86)
2024-06-28 18:39:30,888 [ERROR] LogOutputStream:75 - [STDERR_REDIRECT] 	at java.desktop/java.awt.EventQueue.dispatchEvent(EventQueue.java:744)
2024-06-28 18:39:30,889 [ERROR] LogOutputStream:75 - [STDERR_REDIRECT] 	at java.desktop/java.awt.EventDispatchThread.pumpOneEventForFilters(EventDispatchThread.java:203)
2024-06-28 18:39:30,890 [ERROR] LogOutputStream:75 - [STDERR_REDIRECT] 	at java.desktop/java.awt.EventDispatchThread.pumpEventsForFilter(EventDispatchThread.java:124)
2024-06-28 18:39:30,891 [ERROR] LogOutputStream:75 - [STDERR_REDIRECT] 	at java.desktop/java.awt.EventDispatchThread.pumpEventsForHierarchy(EventDispatchThread.java:113)
2024-06-28 18:39:30,893 [ERROR] LogOutputStream:75 - [STDERR_REDIRECT] 	at java.desktop/java.awt.EventDispatchThread.pumpEvents(EventDispatchThread.java:109)
2024-06-28 18:39:30,894 [ERROR] LogOutputStream:75 - [STDERR_REDIRECT] 	at java.desktop/java.awt.EventDispatchThread.pumpEvents(EventDispatchThread.java:101)
2024-06-28 18:39:30,895 [ERROR] LogOutputStream:75 - [STDERR_REDIRECT] 	at java.desktop/java.awt.EventDispatchThread.run(EventDispatchThread.java:90)
2024-06-28 18:39:30,904 [ERROR] LogOutputStream:75 - [STDERR_REDIRECT] java.lang.Error: no ComponentUI class for: com.st.microxplorer.plugins.ip.nvic.CheckBoxHeader[,0,0,0x0,invalid,alignmentX=0.0,alignmentY=0.0,border=,flags=0,maximumSize=,minimumSize=,preferredSize=,defaultIcon=,disabledIcon=,disabledSelectedIcon=,margin=null,paintBorder=true,paintFocus=true,pressedIcon=,rolloverEnabled=false,rolloverIcon=,rolloverSelectedIcon=,selectedIcon=,text=]
2024-06-28 18:39:30,905 [ERROR] LogOutputStream:75 - [STDERR_REDIRECT] 	at java.desktop/javax.swing.UIDefaults.getUIError(UIDefaults.java:763)
2024-06-28 18:39:30,906 [ERROR] LogOutputStream:75 - [STDERR_REDIRECT] 	at java.desktop/javax.swing.MultiUIDefaults.getUIError(MultiUIDefaults.java:144)
2024-06-28 18:39:30,907 [ERROR] LogOutputStream:75 - [STDERR_REDIRECT] 	at java.desktop/javax.swing.UIDefaults.getUI(UIDefaults.java:793)
2024-06-28 18:39:30,908 [ERROR] LogOutputStream:75 - [STDERR_REDIRECT] 	at java.desktop/javax.swing.UIManager.getUI(UIManager.java:1073)
2024-06-28 18:39:30,909 [ERROR] LogOutputStream:75 - [STDERR_REDIRECT] 	at java.desktop/javax.swing.JCheckBox.updateUI(JCheckBox.java:228)
2024-06-28 18:39:30,910 [ERROR] LogOutputStream:75 - [STDERR_REDIRECT] 	at java.desktop/javax.swing.AbstractButton.init(AbstractButton.java:2141)
2024-06-28 18:39:30,910 [ERROR] LogOutputStream:75 - [STDERR_REDIRECT] 	at java.desktop/javax.swing.JToggleButton.<init>(JToggleButton.java:187)
2024-06-28 18:39:30,911 [ERROR] LogOutputStream:75 - [STDERR_REDIRECT] 	at java.desktop/javax.swing.JCheckBox.<init>(JCheckBox.java:176)
2024-06-28 18:39:30,912 [ERROR] LogOutputStream:75 - [STDERR_REDIRECT] 	at java.desktop/javax.swing.JCheckBox.<init>(JCheckBox.java:97)
2024-06-28 18:39:30,914 [ERROR] LogOutputStream:75 - [STDERR_REDIRECT] 	at com.st.microxplorer.plugins.ip.nvic.CheckBoxHeader.<init>(CheckBoxHeader.java:55)
2024-06-28 18:39:30,915 [ERROR] LogOutputStream:75 - [STDERR_REDIRECT] 	at com.st.microxplorer.plugins.ip.nvic.NvicCodeSelectionTable.<init>(NvicCodeSelectionTable.java:78)
2024-06-28 18:39:30,917 [ERROR] LogOutputStream:75 - [STDERR_REDIRECT] 	at com.st.microxplorer.plugins.ip.nvic.NvicCodePanel.initComponents(NvicCodePanel.java:102)
2024-06-28 18:39:30,918 [ERROR] LogOutputStream:75 - [STDERR_REDIRECT] 	at com.st.microxplorer.plugins.ip.nvic.NvicCodePanel.<init>(NvicCodePanel.java:78)
2024-06-28 18:39:30,919 [ERROR] LogOutputStream:75 - [STDERR_REDIRECT] 	at com.st.microxplorer.plugins.ip.nvic.NvicTabbedPanel.<init>(NvicTabbedPanel.java:57)
2024-06-28 18:39:30,920 [ERROR] LogOutputStream:75 - [STDERR_REDIRECT] 	at com.st.microxplorer.plugins.ip.nvic.Nvic.getUI(Nvic.java:73)
2024-06-28 18:39:30,921 [ERROR] LogOutputStream:75 - [STDERR_REDIRECT] 	at com.st.microxplorer.plugins.ipmanager.gui.BlockDiagram.createIpPanel(BlockDiagram.java:422)
2024-06-28 18:39:30,922 [ERROR] LogOutputStream:75 - [STDERR_REDIRECT] 	at com.st.microxplorer.plugins.ipmanager.gui.BlockDiagram.getIPConfigPanel(BlockDiagram.java:560)
2024-06-28 18:39:30,923 [ERROR] LogOutputStream:75 - [STDERR_REDIRECT] 	at com.st.microxplorer.plugins.ipmanager.gui.BlockDiagram.getIPConfigPanel(BlockDiagram.java:466)
2024-06-28 18:39:30,924 [ERROR] LogOutputStream:75 - [STDERR_REDIRECT] 	at com.st.microxplorer.plugins.ipmanager.gui.BlockDiagram.propertyChange(BlockDiagram.java:1390)
2024-06-28 18:39:30,925 [ERROR] LogOutputStream:75 - [STDERR_REDIRECT] 	at java.desktop/java.beans.PropertyChangeSupport.fire(PropertyChangeSupport.java:343)
2024-06-28 18:39:30,926 [ERROR] LogOutputStream:75 - [STDERR_REDIRECT] 	at java.desktop/java.beans.PropertyChangeSupport.firePropertyChange(PropertyChangeSupport.java:335)
2024-06-28 18:39:30,927 [ERROR] LogOutputStream:75 - [STDERR_REDIRECT] 	at java.desktop/java.beans.PropertyChangeSupport.firePropertyChange(PropertyChangeSupport.java:268)
2024-06-28 18:39:30,928 [ERROR] LogOutputStream:75 - [STDERR_REDIRECT] 	at com.st.microxplorer.util.MXPropertyChangeSupport.firePropertyChange(MXPropertyChangeSupport.java:54)
2024-06-28 18:39:30,929 [ERROR] LogOutputStream:75 - [STDERR_REDIRECT] 	at com.st.microxplorer.mxsystem.MxSystem.firePropertyChange(MxSystem.java:358)
2024-06-28 18:39:30,931 [ERROR] LogOutputStream:75 - [STDERR_REDIRECT] 	at com.st.microxplorer.plugins.pinoutconfig.guiV5.PeripheralsSelectionPanel.selectIP(PeripheralsSelectionPanel.java:409)
2024-06-28 18:39:30,934 [ERROR] LogOutputStream:75 - [STDERR_REDIRECT] 	at com.st.microxplorer.plugins.pinoutconfig.guiV5.PeripheralsListListener.mouseClicked(PeripheralsListListener.java:103)
2024-06-28 18:39:30,935 [ERROR] LogOutputStream:75 - [STDERR_REDIRECT] 	at java.desktop/java.awt.AWTEventMulticaster.mouseClicked(AWTEventMulticaster.java:278)
2024-06-28 18:39:30,935 [ERROR] LogOutputStream:75 - [STDERR_REDIRECT] 	at java.desktop/java.awt.Component.processMouseEvent(Component.java:6629)
2024-06-28 18:39:30,936 [ERROR] LogOutputStream:75 - [STDERR_REDIRECT] 	at java.desktop/javax.swing.JComponent.processMouseEvent(JComponent.java:3389)
2024-06-28 18:39:30,937 [ERROR] LogOutputStream:75 - [STDERR_REDIRECT] 	at java.desktop/java.awt.Component.processEvent(Component.java:6391)
2024-06-28 18:39:30,938 [ERROR] LogOutputStream:75 - [STDERR_REDIRECT] 	at java.desktop/java.awt.Container.processEvent(Container.java:2266)
2024-06-28 18:39:30,938 [ERROR] LogOutputStream:75 - [STDERR_REDIRECT] 	at java.desktop/java.awt.Component.dispatchEventImpl(Component.java:5001)
2024-06-28 18:39:30,939 [ERROR] LogOutputStream:75 - [STDERR_REDIRECT] 	at java.desktop/java.awt.Container.dispatchEventImpl(Container.java:2324)
2024-06-28 18:39:30,940 [ERROR] LogOutputStream:75 - [STDERR_REDIRECT] 	at java.desktop/java.awt.Component.dispatchEvent(Component.java:4833)
2024-06-28 18:39:30,940 [ERROR] LogOutputStream:75 - [STDERR_REDIRECT] 	at java.desktop/java.awt.LightweightDispatcher.retargetMouseEvent(Container.java:4948)
2024-06-28 18:39:30,941 [ERROR] LogOutputStream:75 - [STDERR_REDIRECT] 	at java.desktop/java.awt.LightweightDispatcher.processMouseEvent(Container.java:4584)
2024-06-28 18:39:30,942 [ERROR] LogOutputStream:75 - [STDERR_REDIRECT] 	at java.desktop/java.awt.LightweightDispatcher.dispatchEvent(Container.java:4516)
2024-06-28 18:39:30,943 [ERROR] LogOutputStream:75 - [STDERR_REDIRECT] 	at java.desktop/java.awt.Container.dispatchEventImpl(Container.java:2310)
2024-06-28 18:39:30,944 [ERROR] LogOutputStream:75 - [STDERR_REDIRECT] 	at java.desktop/java.awt.Component.dispatchEvent(Component.java:4833)
2024-06-28 18:39:30,945 [ERROR] LogOutputStream:75 - [STDERR_REDIRECT] 	at java.desktop/java.awt.EventQueue.dispatchEventImpl(EventQueue.java:775)
2024-06-28 18:39:30,946 [ERROR] LogOutputStream:75 - [STDERR_REDIRECT] 	at java.desktop/java.awt.EventQueue$4.run(EventQueue.java:720)
2024-06-28 18:39:30,948 [ERROR] LogOutputStream:75 - [STDERR_REDIRECT] 	at java.desktop/java.awt.EventQueue$4.run(EventQueue.java:714)
2024-06-28 18:39:30,950 [ERROR] LogOutputStream:75 - [STDERR_REDIRECT] 	at java.base/java.security.AccessController.doPrivileged(AccessController.java:399)
2024-06-28 18:39:30,951 [ERROR] LogOutputStream:75 - [STDERR_REDIRECT] 	at java.base/java.security.ProtectionDomain$JavaSecurityAccessImpl.doIntersectionPrivilege(ProtectionDomain.java:86)
2024-06-28 18:39:30,953 [ERROR] LogOutputStream:75 - [STDERR_REDIRECT] 	at java.base/java.security.ProtectionDomain$JavaSecurityAccessImpl.doIntersectionPrivilege(ProtectionDomain.java:97)
2024-06-28 18:39:30,953 [ERROR] LogOutputStream:75 - [STDERR_REDIRECT] 	at java.desktop/java.awt.EventQueue$5.run(EventQueue.java:747)
2024-06-28 18:39:30,954 [ERROR] LogOutputStream:75 - [STDERR_REDIRECT] 	at java.desktop/java.awt.EventQueue$5.run(EventQueue.java:745)
2024-06-28 18:39:30,955 [ERROR] LogOutputStream:75 - [STDERR_REDIRECT] 	at java.base/java.security.AccessController.doPrivileged(AccessController.java:399)
2024-06-28 18:39:30,956 [ERROR] LogOutputStream:75 - [STDERR_REDIRECT] 	at java.base/java.security.ProtectionDomain$JavaSecurityAccessImpl.doIntersectionPrivilege(ProtectionDomain.java:86)
2024-06-28 18:39:30,957 [ERROR] LogOutputStream:75 - [STDERR_REDIRECT] 	at java.desktop/java.awt.EventQueue.dispatchEvent(EventQueue.java:744)
2024-06-28 18:39:30,958 [ERROR] LogOutputStream:75 - [STDERR_REDIRECT] 	at java.desktop/java.awt.EventDispatchThread.pumpOneEventForFilters(EventDispatchThread.java:203)
2024-06-28 18:39:30,960 [ERROR] LogOutputStream:75 - [STDERR_REDIRECT] 	at java.desktop/java.awt.EventDispatchThread.pumpEventsForFilter(EventDispatchThread.java:124)
2024-06-28 18:39:30,961 [ERROR] LogOutputStream:75 - [STDERR_REDIRECT] 	at java.desktop/java.awt.EventDispatchThread.pumpEventsForHierarchy(EventDispatchThread.java:113)
2024-06-28 18:39:30,962 [ERROR] LogOutputStream:75 - [STDERR_REDIRECT] 	at java.desktop/java.awt.EventDispatchThread.pumpEvents(EventDispatchThread.java:109)
2024-06-28 18:39:30,964 [ERROR] LogOutputStream:75 - [STDERR_REDIRECT] 	at java.desktop/java.awt.EventDispatchThread.pumpEvents(EventDispatchThread.java:101)
2024-06-28 18:39:30,966 [ERROR] LogOutputStream:75 - [STDERR_REDIRECT] 	at java.desktop/java.awt.EventDispatchThread.run(EventDispatchThread.java:90)
2024-06-28 18:59:55,798 [ERROR] LogOutputStream:75 - [STDERR_REDIRECT] 
2024-06-28 18:59:55,800 [ERROR] LogOutputStream:75 - [STDERR_REDIRECT] 
2024-06-28 23:05:06,837 [INFO] Activator:176 - 


2024-06-28 23:05:06,839 [INFO] Activator:177 - !SESSION log4j initialized
2024-06-28 23:05:12,627 [INFO] LogOutputStream:77 - [STDOUT_REDIRECT] 
2024-06-28 23:05:15,612 [INFO] ApplicationProperties:184 - Using Application install path: C:\ST\STM32CubeIDE_1.14.1\STM32CubeIDE\plugins\com.st.stm32cube.common.mx_6.11.1.202404110753
2024-06-28 23:05:15,642 [INFO] DbMcusXml:78 - Set database path to: C:\ST\STM32CubeIDE_1.14.1\STM32CubeIDE\plugins\com.st.stm32cube.common.mx_6.11.1.202404110753\\db\/mcu/
2024-06-28 23:05:15,642 [INFO] ApiDb:274 - Set plugin database path to: C:\ST\STM32CubeIDE_1.14.1\STM32CubeIDE\plugins\com.st.stm32cube.common.mx_6.11.1.202404110753\\db\/plugins/boardmanager/
2024-06-28 23:05:15,643 [WARN] ApiDb:259 - Overriding images path with different value:  => C:\ST\STM32CubeIDE_1.14.1\STM32CubeIDE\plugins\com.st.stm32cube.common.mx_6.11.1.202404110753\\db\/plugins/mcufinder/images/
2024-06-28 23:05:15,659 [INFO] ApiDb:250 - Set database path to: C:\Users\andre\.stmcufinder\plugins\mcufinder//mcu/
2024-06-28 23:05:15,662 [INFO] DbMcusAds:125 - Set database path to: C:\Users\andre\.stmcufinder\plugins\mcufinder//mcu/
2024-06-28 23:05:15,665 [INFO] CrossReferenceDbSqlite:203 - Set database path to: C:\Users\andre\.stmcufinder\plugins\mcufinder//mcu/cs/
2024-06-28 23:05:15,822 [INFO] RulesReader:64 - Compatibility file has been processed (297 Rules)
2024-06-28 23:05:15,979 [INFO] DbMcusXml:78 - Set database path to: C:\ST\STM32CubeIDE_1.14.1\STM32CubeIDE\plugins\com.st.stm32cube.common.mx_6.11.1.202404110753\\db\/mcu/
2024-06-28 23:05:15,979 [INFO] ApiDb:274 - Set plugin database path to: C:\ST\STM32CubeIDE_1.14.1\STM32CubeIDE\plugins\com.st.stm32cube.common.mx_6.11.1.202404110753\\db\/plugins/boardmanager/
2024-06-28 23:05:15,979 [INFO] ApiDb:261 - Set plugin images path to: C:\ST\STM32CubeIDE_1.14.1\STM32CubeIDE\plugins\com.st.stm32cube.common.mx_6.11.1.202404110753\\db\/plugins/mcufinder/images/
2024-06-28 23:05:15,980 [WARN] DbFile:41 - Overriding database path with different value: C:\Users\andre\.stmcufinder\plugins\mcufinder/ => C:\Users\andre\.stmcufinder\plugins\mcufinder
2024-06-28 23:05:15,980 [INFO] ApiDb:250 - Set database path to: C:\Users\andre\.stmcufinder\plugins\mcufinder//mcu/
2024-06-28 23:05:15,980 [WARN] DbFile:41 - Overriding database path with different value: C:\Users\andre\.stmcufinder\plugins\mcufinder/ => C:\Users\andre\.stmcufinder\plugins\mcufinder
2024-06-28 23:05:15,980 [INFO] DbMcusAds:125 - Set database path to: C:\Users\andre\.stmcufinder\plugins\mcufinder//mcu/
2024-06-28 23:05:15,980 [WARN] DbFile:41 - Overriding database path with different value: C:\Users\andre\.stmcufinder\plugins\mcufinder/ => C:\Users\andre\.stmcufinder\plugins\mcufinder
2024-06-28 23:05:15,981 [WARN] DbFile:41 - Overriding database path with different value: C:\Users\andre\.stmcufinder\plugins\mcufinder/ => C:\Users\andre\.stmcufinder\plugins\mcufinder
2024-06-28 23:05:15,981 [INFO] CrossReferenceDbSqlite:203 - Set database path to: C:\Users\andre\.stmcufinder\plugins\mcufinder//mcu/cs/
2024-06-28 23:05:16,108 [INFO] MainPanel:264 - HeapMemory: 268435456
2024-06-28 23:05:16,247 [INFO] DbMcusXml:78 - Set database path to: C:\ST\STM32CubeIDE_1.14.1\STM32CubeIDE\plugins\com.st.stm32cube.common.mx_6.11.1.202404110753\\db\/mcu/
2024-06-28 23:05:16,247 [INFO] ApiDb:274 - Set plugin database path to: C:\ST\STM32CubeIDE_1.14.1\STM32CubeIDE\plugins\com.st.stm32cube.common.mx_6.11.1.202404110753\\db\/plugins/boardmanager/
2024-06-28 23:05:16,247 [INFO] ApiDb:261 - Set plugin images path to: C:\ST\STM32CubeIDE_1.14.1\STM32CubeIDE\plugins\com.st.stm32cube.common.mx_6.11.1.202404110753\\db\/plugins/mcufinder/images/
2024-06-28 23:05:16,247 [WARN] DbFile:41 - Overriding database path with different value: C:\Users\andre\.stmcufinder\plugins\mcufinder/ => C:\Users\andre\.stmcufinder\plugins\mcufinder
2024-06-28 23:05:16,247 [INFO] ApiDb:250 - Set database path to: C:\Users\andre\.stmcufinder\plugins\mcufinder//mcu/
2024-06-28 23:05:16,247 [WARN] DbFile:41 - Overriding database path with different value: C:\Users\andre\.stmcufinder\plugins\mcufinder/ => C:\Users\andre\.stmcufinder\plugins\mcufinder
2024-06-28 23:05:16,247 [INFO] DbMcusAds:125 - Set database path to: C:\Users\andre\.stmcufinder\plugins\mcufinder//mcu/
2024-06-28 23:05:16,247 [WARN] DbFile:41 - Overriding database path with different value: C:\Users\andre\.stmcufinder\plugins\mcufinder/ => C:\Users\andre\.stmcufinder\plugins\mcufinder
2024-06-28 23:05:16,247 [WARN] DbFile:41 - Overriding database path with different value: C:\Users\andre\.stmcufinder\plugins\mcufinder/ => C:\Users\andre\.stmcufinder\plugins\mcufinder
2024-06-28 23:05:16,247 [INFO] CrossReferenceDbSqlite:203 - Set database path to: C:\Users\andre\.stmcufinder\plugins\mcufinder//mcu/cs/
2024-06-28 23:05:16,273 [INFO] ApplicationProperties:184 - Using Application install path: C:\ST\STM32CubeIDE_1.14.1\STM32CubeIDE\plugins\com.st.stm32cube.common.mx_6.11.1.202404110753
2024-06-28 23:05:16,275 [INFO] PluginManage:196 - Search for loadable plugins [exclusion list=, ]
2024-06-28 23:05:16,277 [INFO] PluginManage:310 - Check plugin analytics
2024-06-28 23:05:16,506 [INFO] AnalyticsPlugin:253 - Accepted Software Licenses: STM32CubeMX.6.10.0,STM32CubeMX.6.11.1
2024-06-28 23:05:16,506 [INFO] AnalyticsPlugin:255 - Accepted CMSIS Pack Licenses: STMicroelectronics.X-CUBE-AZRTOS-H7.3.2.0
2024-06-28 23:05:16,506 [INFO] AnalyticsPlugin:257 - Accepted Firmware Licenses: FW.H7.1.11.0
2024-06-28 23:05:16,510 [INFO] PluginManage:359 - Loaded plugin analytics (category:tool,tabindex:-1)
2024-06-28 23:05:16,511 [INFO] PluginManage:310 - Check plugin cadmodel
2024-06-28 23:05:16,547 [INFO] CADModel:105 - Init CAD model plugin
2024-06-28 23:05:16,547 [INFO] PluginManage:359 - Loaded plugin cadmodel (category:power,tabindex:5)
2024-06-28 23:05:16,548 [INFO] PluginManage:310 - Check plugin clock
2024-06-28 23:05:16,565 [INFO] PluginManage:359 - Loaded plugin clock (category:base,tabindex:2)
2024-06-28 23:05:16,566 [INFO] PluginManage:310 - Check plugin ddr
2024-06-28 23:05:16,570 [INFO] PluginManage:359 - Loaded plugin ddr (category:tool,tabindex:6)
2024-06-28 23:05:16,570 [INFO] PluginManage:310 - Check plugin filemanager
2024-06-28 23:05:16,794 [INFO] PluginManage:359 - Loaded plugin filemanager (category:base,tabindex:10)
2024-06-28 23:05:16,795 [INFO] PluginManage:310 - Check plugin ipmanager
2024-06-28 23:05:16,807 [INFO] PluginManage:359 - Loaded plugin ipmanager (category:base,tabindex:5)
2024-06-28 23:05:16,807 [INFO] PluginManage:310 - Check plugin lpbam
2024-06-28 23:05:16,823 [INFO] PluginManage:359 - Loaded plugin lpbam (category:base,tabindex:0)
2024-06-28 23:05:16,824 [INFO] PluginManage:310 - Check plugin memorymap
2024-06-28 23:05:16,849 [INFO] PluginManage:359 - Loaded plugin memorymap (category:base,tabindex:4)
2024-06-28 23:05:16,849 [INFO] PluginManage:310 - Check plugin pinoutandconfiguration
2024-06-28 23:05:16,861 [INFO] PluginManage:359 - Loaded plugin pinoutandconfiguration (category:base,tabindex:1)
2024-06-28 23:05:16,862 [INFO] PluginManage:310 - Check plugin pinoutconfig
2024-06-28 23:05:16,973 [WARN] SupportedApi:132 - Cannot load RTOS API schema: s4s-elt-must-match.1: The content of 'definitions' must match (annotation?, (simpleType | complexType)?, (unique | key | keyref)*)). A problem was found starting at: attribute.
2024-06-28 23:05:17,168 [INFO] PluginManage:359 - Loaded plugin pinoutconfig (category:base,tabindex:0)
2024-06-28 23:05:17,168 [INFO] PluginManage:310 - Check plugin power
2024-06-28 23:05:17,187 [INFO] PluginManage:359 - Loaded plugin power (category:power,tabindex:4)
2024-06-28 23:05:17,188 [INFO] PluginManage:310 - Check plugin projectmanager
2024-06-28 23:05:17,216 [INFO] PluginManage:359 - Loaded plugin projectmanager (category:projectmanager,tabindex:3)
2024-06-28 23:05:17,217 [INFO] PluginManage:310 - Check plugin thirdparty
2024-06-28 23:05:17,402 [INFO] PluginManage:359 - Loaded plugin thirdparty (category:base,tabindex:-1)
2024-06-28 23:05:17,402 [INFO] PluginManage:310 - Check plugin tools
2024-06-28 23:05:17,402 [WARN] IntegrityCheckThread:84 - waiting for thirdparty lock release [integrity check]
2024-06-28 23:05:17,402 [INFO] IntegrityCheckThread:86 - entering critical section [integrity check]
2024-06-28 23:05:17,403 [INFO] ThirdPartyUpdaterWithRetryManager:70 - Updater plugin not ready yet. [1/15]
2024-06-28 23:05:17,405 [INFO] PluginManage:359 - Loaded plugin tools (category:base,tabindex:7)
2024-06-28 23:05:17,405 [INFO] PluginManage:310 - Check plugin tutovideos
2024-06-28 23:05:17,633 [INFO] PluginManage:359 - Loaded plugin tutovideos (category:base,tabindex:-1)
2024-06-28 23:05:17,633 [INFO] PluginManage:310 - Check plugin updater
2024-06-28 23:05:17,651 [INFO] PluginManage:359 - Loaded plugin updater (category:base,tabindex:12)
2024-06-28 23:05:17,651 [INFO] PluginManage:310 - Check plugin userauth
2024-06-28 23:05:17,662 [INFO] UserAuth:114 - Init User Auth plugin
2024-06-28 23:05:17,662 [INFO] PluginManage:359 - Loaded plugin userauth (category:base,tabindex:14)
2024-06-28 23:05:17,663 [INFO] PluginManage:283 - PluginManage : Loaded plugins [17]
2024-06-28 23:05:17,937 [INFO] PinOutPanel:1561 - setPackage(No Configuration,No Configuration)
2024-06-28 23:05:18,036 [INFO] CADModel:165 - CPN selected for project level
2024-06-28 23:05:18,036 [INFO] CADModel:114 - Register for checkConnection events
2024-06-28 23:05:18,066 [INFO] IPUIPlugin:80 - create IPUIPlugin
2024-06-28 23:05:18,066 [INFO] PluginManager:220 - loadIPPluginJar : add adc
2024-06-28 23:05:18,069 [INFO] IPUIPlugin:80 - create IPUIPlugin
2024-06-28 23:05:18,070 [INFO] PluginManager:220 - loadIPPluginJar : add aes
2024-06-28 23:05:18,074 [INFO] IPUIPlugin:80 - create IPUIPlugin
2024-06-28 23:05:18,074 [INFO] PluginManager:220 - loadIPPluginJar : add can
2024-06-28 23:05:18,077 [INFO] IPUIPlugin:80 - create IPUIPlugin
2024-06-28 23:05:18,078 [INFO] PluginManager:220 - loadIPPluginJar : add comp
2024-06-28 23:05:18,081 [INFO] IPUIPlugin:80 - create IPUIPlugin
2024-06-28 23:05:18,082 [INFO] PluginManager:220 - loadIPPluginJar : add cryp
2024-06-28 23:05:18,085 [INFO] IPUIPlugin:80 - create IPUIPlugin
2024-06-28 23:05:18,085 [INFO] PluginManager:220 - loadIPPluginJar : add dfsdm
2024-06-28 23:05:18,093 [INFO] IPUIPlugin:80 - create IPUIPlugin
2024-06-28 23:05:18,093 [INFO] PluginManager:220 - loadIPPluginJar : add dma
2024-06-28 23:05:18,097 [INFO] IPUIPlugin:80 - create IPUIPlugin
2024-06-28 23:05:18,097 [INFO] PluginManager:220 - loadIPPluginJar : add dma3
2024-06-28 23:05:18,101 [INFO] IPUIPlugin:80 - create IPUIPlugin
2024-06-28 23:05:18,101 [INFO] PluginManager:220 - loadIPPluginJar : add extmemmanager
2024-06-28 23:05:18,104 [INFO] IPUIPlugin:80 - create IPUIPlugin
2024-06-28 23:05:18,104 [INFO] PluginManager:220 - loadIPPluginJar : add fatfs
2024-06-28 23:05:18,110 [INFO] IPUIPlugin:80 - create IPUIPlugin
2024-06-28 23:05:18,110 [INFO] PluginManager:220 - loadIPPluginJar : add fmc
2024-06-28 23:05:18,118 [INFO] IPUIPlugin:80 - create IPUIPlugin
2024-06-28 23:05:18,119 [INFO] PluginManager:220 - loadIPPluginJar : add freertos
2024-06-28 23:05:18,122 [INFO] IPUIPlugin:80 - create IPUIPlugin
2024-06-28 23:05:18,122 [INFO] PluginManager:220 - loadIPPluginJar : add genericplugin
2024-06-28 23:05:18,126 [INFO] IPUIPlugin:80 - create IPUIPlugin
2024-06-28 23:05:18,126 [INFO] PluginManager:220 - loadIPPluginJar : add gfxmmu
2024-06-28 23:05:18,134 [INFO] IPUIPlugin:80 - create IPUIPlugin
2024-06-28 23:05:18,135 [INFO] PluginManager:220 - loadIPPluginJar : add gic
2024-06-28 23:05:18,140 [INFO] IPUIPlugin:80 - create IPUIPlugin
2024-06-28 23:05:18,140 [INFO] PluginManager:220 - loadIPPluginJar : add gpio
2024-06-28 23:05:18,144 [INFO] IPUIPlugin:80 - create IPUIPlugin
2024-06-28 23:05:18,145 [INFO] PluginManager:220 - loadIPPluginJar : add gtzc
2024-06-28 23:05:18,149 [INFO] IPUIPlugin:80 - create IPUIPlugin
2024-06-28 23:05:18,149 [INFO] PluginManager:220 - loadIPPluginJar : add hash
2024-06-28 23:05:18,153 [INFO] IPUIPlugin:80 - create IPUIPlugin
2024-06-28 23:05:18,153 [INFO] PluginManager:220 - loadIPPluginJar : add i2c
2024-06-28 23:05:18,157 [INFO] IPUIPlugin:80 - create IPUIPlugin
2024-06-28 23:05:18,157 [INFO] PluginManager:220 - loadIPPluginJar : add i2s
2024-06-28 23:05:18,162 [INFO] IPUIPlugin:80 - create IPUIPlugin
2024-06-28 23:05:18,162 [INFO] PluginManager:220 - loadIPPluginJar : add i3c
2024-06-28 23:05:18,166 [INFO] IPUIPlugin:80 - create IPUIPlugin
2024-06-28 23:05:18,167 [INFO] PluginManager:220 - loadIPPluginJar : add ipddr
2024-06-28 23:05:18,175 [INFO] IPUIPlugin:80 - create IPUIPlugin
2024-06-28 23:05:18,175 [INFO] PluginManager:220 - loadIPPluginJar : add linkedlist
2024-06-28 23:05:18,181 [INFO] IPUIPlugin:80 - create IPUIPlugin
2024-06-28 23:05:18,181 [INFO] PluginManager:220 - loadIPPluginJar : add lorawan
2024-06-28 23:05:18,183 [INFO] IPUIPlugin:80 - create IPUIPlugin
2024-06-28 23:05:18,183 [INFO] PluginManager:220 - loadIPPluginJar : add ltdc
2024-06-28 23:05:18,191 [INFO] IPUIPlugin:80 - create IPUIPlugin
2024-06-28 23:05:18,191 [INFO] PluginManager:220 - loadIPPluginJar : add mdma
2024-06-28 23:05:18,199 [INFO] IPUIPlugin:80 - create IPUIPlugin
2024-06-28 23:05:18,199 [INFO] PluginManager:220 - loadIPPluginJar : add nvic
2024-06-28 23:05:18,204 [INFO] IPUIPlugin:80 - create IPUIPlugin
2024-06-28 23:05:18,205 [INFO] PluginManager:220 - loadIPPluginJar : add opamp
2024-06-28 23:05:18,210 [INFO] IPUIPlugin:80 - create IPUIPlugin
2024-06-28 23:05:18,210 [INFO] PluginManager:220 - loadIPPluginJar : add openamp
2024-06-28 23:05:18,217 [INFO] IPUIPlugin:80 - create IPUIPlugin
2024-06-28 23:05:18,217 [INFO] PluginManager:220 - loadIPPluginJar : add pdm2pcm
2024-06-28 23:05:18,231 [INFO] IPUIPlugin:80 - create IPUIPlugin
2024-06-28 23:05:18,236 [INFO] PluginManager:220 - loadIPPluginJar : add plateformsettings
2024-06-28 23:05:18,238 [INFO] IPUIPlugin:80 - create IPUIPlugin
2024-06-28 23:05:18,238 [INFO] PluginManager:220 - loadIPPluginJar : add quadspi
2024-06-28 23:05:18,243 [INFO] IPUIPlugin:80 - create IPUIPlugin
2024-06-28 23:05:18,244 [INFO] PluginManager:220 - loadIPPluginJar : add resmgrutility
2024-06-28 23:05:18,249 [INFO] IPUIPlugin:80 - create IPUIPlugin
2024-06-28 23:05:18,249 [INFO] PluginManager:220 - loadIPPluginJar : add sai
2024-06-28 23:05:18,252 [INFO] IPUIPlugin:80 - create IPUIPlugin
2024-06-28 23:05:18,252 [INFO] PluginManager:220 - loadIPPluginJar : add spi
2024-06-28 23:05:18,259 [INFO] IPUIPlugin:80 - create IPUIPlugin
2024-06-28 23:05:18,259 [INFO] PluginManager:220 - loadIPPluginJar : add stm32_wpan
2024-06-28 23:05:18,263 [INFO] IPUIPlugin:80 - create IPUIPlugin
2024-06-28 23:05:18,263 [INFO] PluginManager:220 - loadIPPluginJar : add tim
2024-06-28 23:05:18,267 [INFO] IPUIPlugin:80 - create IPUIPlugin
2024-06-28 23:05:18,267 [INFO] PluginManager:220 - loadIPPluginJar : add touchsensing
2024-06-28 23:05:18,270 [INFO] IPUIPlugin:80 - create IPUIPlugin
2024-06-28 23:05:18,270 [INFO] PluginManager:220 - loadIPPluginJar : add tracer_emb
2024-06-28 23:05:18,272 [INFO] IPUIPlugin:80 - create IPUIPlugin
2024-06-28 23:05:18,272 [INFO] PluginManager:220 - loadIPPluginJar : add ts
2024-06-28 23:05:18,274 [INFO] IPUIPlugin:80 - create IPUIPlugin
2024-06-28 23:05:18,274 [INFO] PluginManager:220 - loadIPPluginJar : add tsc
2024-06-28 23:05:18,277 [INFO] IPUIPlugin:80 - create IPUIPlugin
2024-06-28 23:05:18,277 [INFO] PluginManager:220 - loadIPPluginJar : add ucpd
2024-06-28 23:05:18,281 [INFO] IPUIPlugin:80 - create IPUIPlugin
2024-06-28 23:05:18,281 [INFO] PluginManager:220 - loadIPPluginJar : add usart
2024-06-28 23:05:18,284 [INFO] IPUIPlugin:80 - create IPUIPlugin
2024-06-28 23:05:18,284 [INFO] PluginManager:220 - loadIPPluginJar : add usbx
2024-06-28 23:05:18,425 [INFO] CADModel:165 - CPN selected for project level
2024-06-28 23:05:18,425 [INFO] CADModel:114 - Register for checkConnection events
2024-06-28 23:05:18,425 [FATAL] Updater:308 - Updater called before beeing initialized
2024-06-28 23:05:18,425 [ERROR] CADModel:125 - Updater not yet initialized, retry later 
2024-06-28 23:05:18,607 [INFO] CADModel:165 - CPN selected for project level
2024-06-28 23:05:18,607 [INFO] CADModel:114 - Register for checkConnection events
2024-06-28 23:05:18,607 [FATAL] Updater:308 - Updater called before beeing initialized
2024-06-28 23:05:18,607 [ERROR] CADModel:125 - Updater not yet initialized, retry later 
2024-06-28 23:05:18,612 [FATAL] Updater:308 - Updater called before beeing initialized
2024-06-28 23:05:18,751 [FATAL] Updater:308 - Updater called before beeing initialized
2024-06-28 23:05:18,756 [INFO] DbMcusAds:53 - JSON generation date=Thu May 16 11:22:00 CEST 2024 (1715851320852)
2024-06-28 23:05:18,756 [FATAL] Updater:308 - Updater called before beeing initialized
2024-06-28 23:05:18,806 [WARN] DetailPanel:346 - Failed to get advertising image, set to default
2024-06-28 23:05:18,938 [FATAL] Updater:308 - Updater called before beeing initialized
2024-06-28 23:05:18,940 [FATAL] Updater:308 - Updater called before beeing initialized
2024-06-28 23:05:18,940 [FATAL] Updater:308 - Updater called before beeing initialized
2024-06-28 23:05:18,940 [WARN] DetailPanel:346 - Failed to get advertising image, set to default
2024-06-28 23:05:18,941 [FATAL] Updater:308 - Updater called before beeing initialized
2024-06-28 23:05:18,994 [ERROR] Updater:1120 - MainUpdater not yet initialized. External WinMGr cannot be set.
2024-06-28 23:05:18,998 [INFO] Updater:1056 - Updater Version found : 6.11.1
2024-06-28 23:05:19,019 [INFO] ApplicationProperties:184 - Using Application install path: C:\ST\STM32CubeIDE_1.14.1\STM32CubeIDE\plugins\com.st.stm32cube.common.mx_6.11.1.202404110753
2024-06-28 23:05:20,406 [INFO] ThirdPartyUpdaterWithRetryManager:70 - Updater plugin not ready yet. [2/15]
2024-06-28 23:05:20,598 [ERROR] LogOutputStream:75 - [STDERR_REDIRECT] Jun 28, 2024 11:05:20 PM java.util.prefs.WindowsPreferences <init>
2024-06-28 23:05:20,600 [ERROR] LogOutputStream:75 - [STDERR_REDIRECT] WARNING: Could not open/create prefs root node Software\JavaSoft\Prefs at root 0xffffffff80000002. Windows RegCreateKeyEx(...) returned error code 5.
2024-06-28 23:05:20,601 [ERROR] LogOutputStream:75 - [STDERR_REDIRECT] 
2024-06-28 23:05:21,099 [INFO] MainUpdater:2873 - connection check result : 10
2024-06-28 23:05:21,100 [INFO] MainUpdater:290 - Updater Check For Update Now.
2024-06-28 23:05:21,100 [INFO] MicroXplorer:498 - Change Database Version : DB.6.0.111
2024-06-28 23:05:21,111 [INFO] McuFinderGlobals:63 - Set McuFinder mode to 2 (CubeIDE integrated)
2024-06-28 23:05:21,121 [INFO] UserAuth:415 - Internet connection configuration mode: 1
2024-06-28 23:05:21,146 [INFO] JxBrowserEngine:152 - Initiate JxBrowser Engine with user profile folder
2024-06-28 23:05:21,323 [INFO] CheckServerUpdateThread:120 - End of CheckServer Thread
2024-06-28 23:05:22,481 [INFO] WebApp:161 - Instantiating new browser for Auth
2024-06-28 23:05:23,361 [INFO] WebApp:779 - Register for checkConnection events
2024-06-28 23:05:23,362 [INFO] WebApp:414 - Apply proxy settings
2024-06-28 23:05:23,362 [INFO] WebApp:499 - Chromium requires no authentication
2024-06-28 23:05:23,370 [INFO] WebApp:442 - Direct internet connection detected
2024-06-28 23:05:23,676 [WARN] PackLoader:240 - Cannot read IP mode file for STMicroelectronics.FP-SNS-MOTENVWB1.1.4.0
2024-06-28 23:05:23,692 [WARN] PackLoader:240 - Cannot read IP mode file for STMicroelectronics.X-CUBE-SMBUS.2.1.0
2024-06-28 23:05:23,700 [WARN] PackLoader:240 - Cannot read IP mode file for STMicroelectronics.X-CUBE-TOUCHGFX.4.23.1
2024-06-28 23:05:23,708 [WARN] PackLoader:240 - Cannot read IP mode file for STMicroelectronics.X-CUBE-TOUCHGFX.4.23.0
2024-06-28 23:05:23,709 [INFO] WebApp:192 - Starting web application
2024-06-28 23:05:23,709 [INFO] WebApp:544 - Web application path used C:\ST\STM32CubeIDE_1.14.1\STM32CubeIDE\plugins\com.st.stm32cube.common.mx_6.11.1.202404110753\db\plugins\mcufinder\reactClient1\index.html
2024-06-28 23:05:23,712 [WARN] PackLoader:240 - Cannot read IP mode file for STMicroelectronics.X-CUBE-TOUCHGFX.4.23.2
2024-06-28 23:05:23,762 [WARN] PackLoader:240 - Cannot read IP mode file for STMicroelectronics.X-CUBE-AZRTOS-F7.1.1.0
2024-06-28 23:05:23,780 [WARN] PackLoader:240 - Cannot read IP mode file for STMicroelectronics.FP-SNS-MOTENV1.4.3.2
2024-06-28 23:05:23,789 [WARN] PackLoader:240 - Cannot read IP mode file for STMicroelectronics.FP-SNS-FLIGHT1.5.0.2
2024-06-28 23:05:23,802 [WARN] PackLoader:240 - Cannot read IP mode file for STMicroelectronics.X-CUBE-DISPLAY.3.0.0
2024-06-28 23:05:23,822 [WARN] PackLoader:240 - Cannot read IP mode file for STMicroelectronics.X-CUBE-BLE1.7.0.0
2024-06-28 23:05:23,831 [WARN] PackLoader:240 - Cannot read IP mode file for emotas.I-CUBE-CANOPEN.1.3.0
2024-06-28 23:05:23,850 [WARN] PackLoader:240 - Cannot read IP mode file for STMicroelectronics.X-CUBE-BLEMGR.3.1.0
2024-06-28 23:05:23,862 [WARN] PackLoader:240 - Cannot read IP mode file for STMicroelectronics.FP-SNS-SMARTAG2.1.2.0
2024-06-28 23:05:23,876 [INFO] LogOutputStream:77 - [STDOUT_REDIRECT] 1 : Invalid condition id : UX_CORESTACK_Condition cause : null
2024-06-28 23:05:23,877 [INFO] LogOutputStream:77 - [STDOUT_REDIRECT] 1 : Invalid condition id : UX_CORESTACK_Condition cause : null
2024-06-28 23:05:23,878 [INFO] LogOutputStream:77 - [STDOUT_REDIRECT] 1 : Invalid condition id : UX_CORESTACK_Condition cause : null
2024-06-28 23:05:23,881 [INFO] LogOutputStream:77 - [STDOUT_REDIRECT] 1 : Invalid condition id : UX_CORESTACK_Condition cause : null
2024-06-28 23:05:23,884 [INFO] LogOutputStream:77 - [STDOUT_REDIRECT] 1 : Invalid condition id : UX_CORESTACK_Condition cause : null
2024-06-28 23:05:23,889 [WARN] PackLoader:240 - Cannot read IP mode file for STMicroelectronics.X-CUBE-AZRTOS-WL.2.0.0
2024-06-28 23:05:23,901 [WARN] PackLoader:240 - Cannot read IP mode file for STMicroelectronics.FP-SNS-MOTENV1.5.0.0
2024-06-28 23:05:23,912 [WARN] PackLoader:240 - Cannot read IP mode file for wolfSSL.I-CUBE-wolfMQTT.1.19.0
2024-06-28 23:05:23,926 [WARN] PackLoader:240 - Cannot read IP mode file for WES.I-CUBE-Cesium.1.3.0
2024-06-28 23:05:23,934 [WARN] PackLoader:240 - Cannot read IP mode file for STMicroelectronics.X-CUBE-BLE2.3.3.0
2024-06-28 23:05:23,948 [WARN] PackLoader:240 - Cannot read IP mode file for STMicroelectronics.X-CUBE-TCPP.4.1.0
2024-06-28 23:05:23,961 [WARN] PackLoader:240 - Cannot read IP mode file for STMicroelectronics.X-CUBE-ALGOBUILD.1.3.0
2024-06-28 23:05:23,986 [WARN] PackLoader:240 - Cannot read IP mode file for STMicroelectronics.X-CUBE-AZRTOS-G0.1.1.0
2024-06-28 23:05:24,001 [WARN] PackLoader:240 - Cannot read IP mode file for STMicroelectronics.X-CUBE-SAFEA1.1.2.2
2024-06-28 23:05:24,012 [WARN] PackLoader:240 - Cannot read IP mode file for STMicroelectronics.X-CUBE-NFC4.3.0.0
2024-06-28 23:05:24,018 [WARN] PackLoader:240 - Cannot read IP mode file for wolfSSL.I-CUBE-wolfMQTT.1.18.0
2024-06-28 23:05:24,025 [WARN] PackLoader:240 - Cannot read IP mode file for STMicroelectronics.FP-ATR-SIGFOX1.3.2.0
2024-06-28 23:05:24,037 [WARN] PackLoader:240 - Cannot read IP mode file for STMicroelectronics.X-CUBE-EEPRMA1.5.1.0
2024-06-28 23:05:24,103 [WARN] PackLoader:240 - Cannot read IP mode file for SEGGER.I-CUBE-embOS.1.3.1
2024-06-28 23:05:24,207 [WARN] PackLoader:240 - Cannot read IP mode file for STMicroelectronics.X-CUBE-ALGOBUILD.1.4.0
2024-06-28 23:05:24,221 [WARN] PackLoader:240 - Cannot read IP mode file for STMicroelectronics.X-CUBE-GNSS1.6.0.0
2024-06-28 23:05:24,255 [WARN] PackLoader:240 - Cannot read IP mode file for STMicroelectronics.X-CUBE-AZRTOS-F4.1.1.0
2024-06-28 23:05:24,270 [WARN] PackLoader:240 - Cannot read IP mode file for STMicroelectronics.X-CUBE-FREERTOS.1.2.0
2024-06-28 23:05:24,277 [WARN] PackLoader:240 - Cannot read IP mode file for wolfSSL.I-CUBE-wolfSSL.5.6.6
2024-06-28 23:05:24,302 [WARN] PackLoader:240 - Cannot read IP mode file for STMicroelectronics.X-CUBE-AZRTOS-L5.2.0.0
2024-06-28 23:05:24,317 [WARN] PackLoader:240 - Cannot read IP mode file for STMicroelectronics.X-CUBE-NFC6.3.1.0
2024-06-28 23:05:24,329 [WARN] PackLoader:240 - Cannot read IP mode file for ITTIA_DB.I-CUBE-ITTIADB.8.8.0
2024-06-28 23:05:24,335 [WARN] PackLoader:240 - Cannot read IP mode file for STMicroelectronics.X-CUBE-AI.9.0.0
2024-06-28 23:05:24,343 [WARN] PackLoader:240 - Cannot read IP mode file for STMicroelectronics.X-CUBE-NFC7.1.0.1
2024-06-28 23:05:24,353 [WARN] PackLoader:240 - Cannot read IP mode file for STMicroelectronics.X-CUBE-NFC6.3.0.0
2024-06-28 23:05:24,363 [WARN] PackLoader:240 - Cannot read IP mode file for STMicroelectronics.X-CUBE-AI.8.1.0
2024-06-28 23:05:24,392 [WARN] ConditionMgr:438 - getConditionDescription Invalid condition id : LAN8742 Phy interface Condition cause : null
2024-06-28 23:05:24,394 [WARN] PackLoader:240 - Cannot read IP mode file for STMicroelectronics.X-CUBE-AZRTOS-L4.2.0.0
2024-06-28 23:05:24,396 [WARN] ConditionMgr:1039 - genDependencies : Invalid condition id : LAN8742 Phy interface Condition cause : null
2024-06-28 23:05:24,397 [WARN] ConditionMgr:1039 - genDependencies : Invalid condition id : LAN8742 Phy interface Condition cause : null
2024-06-28 23:05:24,398 [WARN] ConditionMgr:1039 - genDependencies : Invalid condition id : LAN8742 Phy interface Condition cause : null
2024-06-28 23:05:24,407 [WARN] PackLoader:240 - Cannot read IP mode file for STMicroelectronics.X-CUBE-SFXS2LP1.4.0.0
2024-06-28 23:05:24,436 [WARN] ConditionMgr:438 - getConditionDescription Invalid condition id : UX DEVICE CLASS RTOS Condition cause : null
2024-06-28 23:05:24,436 [WARN] ConditionMgr:438 - getConditionDescription Invalid condition id : UX DEVICE CLASS RTOS Condition cause : null
2024-06-28 23:05:24,439 [WARN] PackLoader:240 - Cannot read IP mode file for STMicroelectronics.X-CUBE-AZRTOS-WB.2.0.0
2024-06-28 23:05:24,442 [WARN] ConditionMgr:1039 - genDependencies : Invalid condition id : UX DEVICE CLASS RTOS Condition cause : null
2024-06-28 23:05:24,442 [WARN] ConditionMgr:1039 - genDependencies : Invalid condition id : UX DEVICE CLASS RTOS Condition cause : null
2024-06-28 23:05:24,444 [WARN] ConditionMgr:1039 - genDependencies : Invalid condition id : UX DEVICE CLASS RTOS Condition cause : null
2024-06-28 23:05:24,445 [WARN] ConditionMgr:1039 - genDependencies : Invalid condition id : UX DEVICE CLASS RTOS Condition cause : null
2024-06-28 23:05:24,445 [WARN] ConditionMgr:1039 - genDependencies : Invalid condition id : UX DEVICE CLASS RTOS Condition cause : null
2024-06-28 23:05:24,456 [WARN] PackLoader:240 - Cannot read IP mode file for STMicroelectronics.X-CUBE-SUBG2.5.0.0
2024-06-28 23:05:24,486 [WARN] PackLoader:240 - Cannot read IP mode file for STMicroelectronics.X-CUBE-AZRTOS-G4.2.0.0
2024-06-28 23:05:24,504 [WARN] PackLoader:240 - Cannot read IP mode file for Infineon.AIROC-Wi-Fi-Bluetooth-STM32.1.5.1
2024-06-28 23:05:24,514 [WARN] PackLoader:240 - Cannot read IP mode file for STMicroelectronics.FP-SNS-MOTENVWB1.1.3.1
2024-06-28 23:05:24,519 [WARN] PackLoader:240 - Cannot read IP mode file for STMicroelectronics.X-CUBE-ISPU.2.0.0
2024-06-28 23:05:24,526 [WARN] PackLoader:240 - Cannot read IP mode file for STMicroelectronics.X-CUBE-ALS.1.0.2
2024-06-28 23:05:24,589 [WARN] PackLoader:240 - Cannot read IP mode file for STMicroelectronics.X-CUBE-MEMS1.10.0.0
2024-06-28 23:05:24,765 [WARN] PackLoader:240 - Cannot read IP mode file for STMicroelectronics.X-CUBE-FREERTOS.1.1.0
2024-06-28 23:05:24,769 [WARN] PackLoader:240 - Cannot read IP mode file for STMicroelectronics.X-CUBE-TOUCHGFX.4.24.0
2024-06-28 23:05:24,779 [WARN] PackLoader:240 - Cannot read IP mode file for portGmbH.I-Cube-SoM-uGOAL.1.1.0
2024-06-28 23:05:24,784 [WARN] PackLoader:240 - Cannot read IP mode file for STMicroelectronics.X-CUBE-ALS.1.0.1
2024-06-28 23:05:24,809 [WARN] PackLoader:240 - Cannot read IP mode file for STMicroelectronics.X-CUBE-AZRTOS-H7RS.1.0.0
2024-06-28 23:05:24,825 [WARN] PackLoader:240 - Cannot read IP mode file for STMicroelectronics.FP-ATR-ASTRA1.2.0.0
2024-06-28 23:05:24,851 [WARN] PackLoader:240 - Cannot read IP mode file for STMicroelectronics.X-CUBE-TOF1.3.4.1
2024-06-28 23:05:24,917 [WARN] PackLoader:240 - Cannot read IP mode file for STMicroelectronics.X-CUBE-AZRTOS-H7.3.2.0
2024-06-28 23:05:25,294 [INFO] ThirdParty:978 - Integrity check success = true
2024-06-28 23:05:25,294 [INFO] IntegrityCheckThread:100 - exiting critical section [integrity check]
2024-06-28 23:05:25,294 [INFO] IntegrityCheckThread:103 - End integrity checks thread
2024-06-28 23:07:25,980 [INFO] McuFinderGlobals:63 - Set McuFinder mode to 2 (CubeIDE integrated)
2024-06-28 23:07:25,990 [INFO] MainUpdater:2873 - connection check result : 10
2024-06-28 23:07:25,991 [INFO] MainUpdater:2873 - connection check result : 10
2024-06-28 23:07:26,044 [INFO] MicroXplorer:468 - Change Database Path : 
2024-06-28 23:07:26,044 [INFO] MicroXplorer:498 - Change Database Version : DB.6.0.111
2024-06-28 23:07:26,056 [WARN] ThirdParty:871 - waiting for thirdparty lock release [close project]
2024-06-28 23:07:26,056 [INFO] ThirdParty:873 - entering critical section [close project]
2024-06-28 23:07:26,057 [INFO] ThirdParty:883 - exiting critical section [close project]
2024-06-28 23:07:26,059 [INFO] PinOutPanel:1561 - setPackage(No Configuration,No Configuration)
2024-06-28 23:07:26,063 [INFO] UtilMem:75 - Begin LoadConfig() Used Memory: 695744880 Bytes (1026555904)
2024-06-28 23:07:26,078 [INFO] MicroXplorer:468 - Change Database Path : C:/Users/andre/.stm32cubemx/databases/DB.6.0.110/db/
2024-06-28 23:07:26,079 [INFO] MicroXplorer:498 - Change Database Version : DB.6.0.110
2024-06-28 23:07:27,975 [INFO] OpenFileManager:312 - Change cursor
2024-06-28 23:07:28,024 [INFO] Mcu:2021 - Initializing MCU STM32H723ZGTx STM32H723ZGTx STM32H723ZGT6
2024-06-28 23:07:32,517 [INFO] Context:663 - Trying to add GPIOservice into a context  which must be forbidden
2024-06-28 23:07:34,442 [INFO] RtosManager:555 - Registered RTOS mode: class=CMSIS, group=RTOS, mode=CMSIS_V1, owner=FREERTOS
2024-06-28 23:07:34,442 [INFO] RtosManager:555 - Registered RTOS mode: class=CMSIS, group=RTOS2, mode=CMSIS_V2, owner=FREERTOS
2024-06-28 23:07:34,442 [INFO] RtosManager:555 - Registered RTOS mode: class=RTOS, group=Core, mode=CMSIS_V1, owner=FREERTOS
2024-06-28 23:07:34,442 [INFO] RtosManager:555 - Registered RTOS mode: class=RTOS, group=Core, mode=CMSIS_V2, owner=FREERTOS
2024-06-28 23:07:34,443 [WARN] ModelIntegratedComponent:184 - Missing modes for component STMicroelectronics:FreeRTOS:0.0.1:STMicroelectronics:RTOS:FreeRTOS:Core:::10.2.0:
2024-06-28 23:07:34,452 [WARN] ModelIntegratedComponent:182 - Modes not found for component STMicroelectronics:USB_HOST:1.0.0:STMicroelectronics:USB::USB Host:Audio FS::1.0:USB_HOST_1_0_RESTRICTED_FS
2024-06-28 23:07:34,452 [WARN] ModelIntegratedComponent:188 - Modes not found for component STMicroelectronics:USB_HOST:1.0.0:STMicroelectronics:USB::USB Host:Audio FS::1.0:USB_HOST_1_0_RESTRICTED_FS
2024-06-28 23:07:34,452 [WARN] ModelIntegratedComponent:182 - Modes not found for component STMicroelectronics:USB_HOST:1.0.0:STMicroelectronics:USB::USB Host:CDC FS::1.0:USB_HOST_1_0_RESTRICTED_FS
2024-06-28 23:07:34,452 [WARN] ModelIntegratedComponent:188 - Modes not found for component STMicroelectronics:USB_HOST:1.0.0:STMicroelectronics:USB::USB Host:CDC FS::1.0:USB_HOST_1_0_RESTRICTED_FS
2024-06-28 23:07:34,452 [WARN] ModelIntegratedComponent:182 - Modes not found for component STMicroelectronics:USB_HOST:1.0.0:STMicroelectronics:USB::USB Host:MSC FS::1.0:USB_HOST_1_0_RESTRICTED_FS
2024-06-28 23:07:34,452 [WARN] ModelIntegratedComponent:188 - Modes not found for component STMicroelectronics:USB_HOST:1.0.0:STMicroelectronics:USB::USB Host:MSC FS::1.0:USB_HOST_1_0_RESTRICTED_FS
2024-06-28 23:07:34,452 [WARN] ModelIntegratedComponent:182 - Modes not found for component STMicroelectronics:USB_HOST:1.0.0:STMicroelectronics:USB::USB Host:HID FS::1.0:USB_HOST_1_0_RESTRICTED_FS
2024-06-28 23:07:34,452 [WARN] ModelIntegratedComponent:188 - Modes not found for component STMicroelectronics:USB_HOST:1.0.0:STMicroelectronics:USB::USB Host:HID FS::1.0:USB_HOST_1_0_RESTRICTED_FS
2024-06-28 23:07:34,452 [WARN] ModelIntegratedComponent:182 - Modes not found for component STMicroelectronics:USB_HOST:1.0.0:STMicroelectronics:USB::USB Host:MTP FS::1.0:USB_HOST_1_0_RESTRICTED_FS
2024-06-28 23:07:34,452 [WARN] ModelIntegratedComponent:188 - Modes not found for component STMicroelectronics:USB_HOST:1.0.0:STMicroelectronics:USB::USB Host:MTP FS::1.0:USB_HOST_1_0_RESTRICTED_FS
2024-06-28 23:07:34,459 [WARN] ModelIntegratedComponent:63 - No mode defined for component null
2024-06-28 23:07:34,459 [WARN] ModelIntegratedComponent:63 - No mode defined for component null
2024-06-28 23:07:34,459 [WARN] ModelIntegratedComponent:63 - No mode defined for component null
2024-06-28 23:07:34,460 [WARN] ModelIntegratedComponent:63 - No mode defined for component null
2024-06-28 23:07:34,460 [WARN] ModelIntegratedComponent:63 - No mode defined for component null
2024-06-28 23:07:34,460 [WARN] ModelIntegratedComponent:63 - No mode defined for component null
2024-06-28 23:07:34,460 [WARN] ModelIntegratedComponent:63 - No mode defined for component null
2024-06-28 23:07:34,460 [WARN] ModelIntegratedComponent:63 - No mode defined for component null
2024-06-28 23:07:34,460 [WARN] ModelIntegratedComponent:63 - No mode defined for component null
2024-06-28 23:07:34,460 [WARN] ModelIntegratedComponent:63 - No mode defined for component null
2024-06-28 23:07:34,460 [WARN] ModelIntegratedComponent:63 - No mode defined for component null
2024-06-28 23:07:34,460 [WARN] ModelIntegratedComponent:63 - No mode defined for component null
2024-06-28 23:07:34,460 [WARN] ModelIntegratedComponent:63 - No mode defined for component null
2024-06-28 23:07:34,460 [WARN] ModelIntegratedComponent:63 - No mode defined for component null
2024-06-28 23:07:34,460 [WARN] ModelIntegratedComponent:63 - No mode defined for component null
2024-06-28 23:07:34,460 [WARN] ModelIntegratedComponent:63 - No mode defined for component null
2024-06-28 23:07:34,460 [WARN] ModelIntegratedComponent:63 - No mode defined for component null
2024-06-28 23:07:34,460 [WARN] ModelIntegratedComponent:63 - No mode defined for component null
2024-06-28 23:07:34,460 [WARN] ModelIntegratedComponent:63 - No mode defined for component null
2024-06-28 23:07:34,460 [WARN] ModelIntegratedComponent:63 - No mode defined for component null
2024-06-28 23:07:34,460 [WARN] ModelIntegratedComponent:63 - No mode defined for component null
2024-06-28 23:07:34,460 [WARN] ModelIntegratedComponent:63 - No mode defined for component null
2024-06-28 23:07:34,460 [WARN] ModelIntegratedComponent:63 - No mode defined for component null
2024-06-28 23:07:34,460 [WARN] ModelIntegratedComponent:63 - No mode defined for component null
2024-06-28 23:07:34,460 [WARN] ModelIntegratedComponent:63 - No mode defined for component null
2024-06-28 23:07:34,460 [WARN] ModelIntegratedComponent:63 - No mode defined for component null
2024-06-28 23:07:34,460 [WARN] ModelIntegratedComponent:63 - No mode defined for component null
2024-06-28 23:07:34,461 [WARN] ModelIntegratedComponent:63 - No mode defined for component null
2024-06-28 23:07:34,461 [WARN] ModelIntegratedComponent:63 - No mode defined for component null
2024-06-28 23:07:34,461 [WARN] ModelIntegratedComponent:63 - No mode defined for component null
2024-06-28 23:07:34,461 [WARN] ModelIntegratedComponent:63 - No mode defined for component null
2024-06-28 23:07:34,461 [WARN] ModelIntegratedComponent:63 - No mode defined for component null
2024-06-28 23:07:34,461 [WARN] ModelIntegratedComponent:63 - No mode defined for component null
2024-06-28 23:07:34,461 [WARN] ModelIntegratedComponent:63 - No mode defined for component null
2024-06-28 23:07:34,552 [WARN] ModelIntegratedComponent:182 - Modes not found for component STMicroelectronics:USB_DEVICE:1.0.0:STMicroelectronics:USB::USB Device:Audio FS::1.0:USB_DEVICE_1_0_RESTRICTED_FS
2024-06-28 23:07:34,553 [WARN] ModelIntegratedComponent:188 - Modes not found for component STMicroelectronics:USB_DEVICE:1.0.0:STMicroelectronics:USB::USB Device:Audio FS::1.0:USB_DEVICE_1_0_RESTRICTED_FS
2024-06-28 23:07:34,553 [WARN] ModelIntegratedComponent:182 - Modes not found for component STMicroelectronics:USB_DEVICE:1.0.0:STMicroelectronics:USB::USB Device:CDC FS::1.0:USB_DEVICE_1_0_RESTRICTED_FS
2024-06-28 23:07:34,553 [WARN] ModelIntegratedComponent:188 - Modes not found for component STMicroelectronics:USB_DEVICE:1.0.0:STMicroelectronics:USB::USB Device:CDC FS::1.0:USB_DEVICE_1_0_RESTRICTED_FS
2024-06-28 23:07:34,553 [WARN] ModelIntegratedComponent:182 - Modes not found for component STMicroelectronics:USB_DEVICE:1.0.0:STMicroelectronics:USB::USB Device:DFU FS::1.0:USB_DEVICE_1_0_RESTRICTED_FS
2024-06-28 23:07:34,553 [WARN] ModelIntegratedComponent:188 - Modes not found for component STMicroelectronics:USB_DEVICE:1.0.0:STMicroelectronics:USB::USB Device:DFU FS::1.0:USB_DEVICE_1_0_RESTRICTED_FS
2024-06-28 23:07:34,553 [WARN] ModelIntegratedComponent:182 - Modes not found for component STMicroelectronics:USB_DEVICE:1.0.0:STMicroelectronics:USB::USB Device:HID FS::1.0:USB_DEVICE_1_0_RESTRICTED_FS
2024-06-28 23:07:34,553 [WARN] ModelIntegratedComponent:188 - Modes not found for component STMicroelectronics:USB_DEVICE:1.0.0:STMicroelectronics:USB::USB Device:HID FS::1.0:USB_DEVICE_1_0_RESTRICTED_FS
2024-06-28 23:07:34,553 [WARN] ModelIntegratedComponent:182 - Modes not found for component STMicroelectronics:USB_DEVICE:1.0.0:STMicroelectronics:USB::USB Device:Custom HID FS::1.0:USB_DEVICE_1_0_RESTRICTED_FS
2024-06-28 23:07:34,553 [WARN] ModelIntegratedComponent:188 - Modes not found for component STMicroelectronics:USB_DEVICE:1.0.0:STMicroelectronics:USB::USB Device:Custom HID FS::1.0:USB_DEVICE_1_0_RESTRICTED_FS
2024-06-28 23:07:34,553 [WARN] ModelIntegratedComponent:182 - Modes not found for component STMicroelectronics:USB_DEVICE:1.0.0:STMicroelectronics:USB::USB Device:MSC FS::1.0:USB_DEVICE_1_0_RESTRICTED_FS
2024-06-28 23:07:34,553 [WARN] ModelIntegratedComponent:188 - Modes not found for component STMicroelectronics:USB_DEVICE:1.0.0:STMicroelectronics:USB::USB Device:MSC FS::1.0:USB_DEVICE_1_0_RESTRICTED_FS
2024-06-28 23:07:34,588 [INFO] ThirdPartyModel:298 - Start build external matchings
2024-06-28 23:07:34,918 [INFO] ThirdPartyModel:316 - End build external matchings
2024-06-28 23:07:34,945 [INFO] ImportTextPane:194 - (OptionalMessage_ERROR) IP (DMA) : Parameter (Instance) has Id (USART1_RX) currently not set
2024-06-28 23:07:34,945 [INFO] ImportTextPane:194 - (OptionalMessage_ERROR) IP (DMA) : Parameter (Request) has Id (USART1_RX) currently not set
2024-06-28 23:07:34,946 [INFO] ImportTextPane:194 - (OptionalMessage_ERROR) IP (DMA) : Parameter (Direction) has Id (USART1_RX) currently not set
2024-06-28 23:07:34,946 [INFO] ImportTextPane:194 - (OptionalMessage_ERROR) IP (DMA) : Parameter (PeriphInc) has Id (USART1_RX) currently not set
2024-06-28 23:07:34,947 [INFO] ImportTextPane:194 - (OptionalMessage_ERROR) IP (DMA) : Parameter (MemInc) has Id (USART1_RX) currently not set
2024-06-28 23:07:34,949 [INFO] ImportTextPane:194 - (OptionalMessage_ERROR) IP (DMA) : Parameter (PeriphDataAlignment) has Id (USART1_RX) currently not set
2024-06-28 23:07:34,950 [INFO] ImportTextPane:194 - (OptionalMessage_ERROR) IP (DMA) : Parameter (MemDataAlignment) has Id (USART1_RX) currently not set
2024-06-28 23:07:34,950 [INFO] ImportTextPane:194 - (OptionalMessage_ERROR) IP (DMA) : Parameter (Mode) has Id (USART1_RX) currently not set
2024-06-28 23:07:34,950 [INFO] ImportTextPane:194 - (OptionalMessage_ERROR) IP (DMA) : Parameter (Priority) has Id (USART1_RX) currently not set
2024-06-28 23:07:34,950 [INFO] ImportTextPane:194 - (OptionalMessage_ERROR) IP (DMA) : Parameter (FIFOMode) has Id (USART1_RX) currently not set
2024-06-28 23:07:34,950 [INFO] ImportTextPane:194 - (OptionalMessage_ERROR) IP (DMA) : Parameter (SignalID) has Id (USART1_RX) currently not set
2024-06-28 23:07:34,950 [INFO] ImportTextPane:194 - (OptionalMessage_ERROR) IP (DMA) : Parameter (Polarity) has Id (USART1_RX) currently not set
2024-06-28 23:07:34,950 [INFO] ImportTextPane:194 - (OptionalMessage_ERROR) IP (DMA) : Parameter (RequestNumber) has Id (USART1_RX) currently not set
2024-06-28 23:07:34,951 [INFO] ImportTextPane:194 - (OptionalMessage_ERROR) IP (DMA) : Parameter (SyncSignalID) has Id (USART1_RX) currently not set
2024-06-28 23:07:34,951 [INFO] ImportTextPane:194 - (OptionalMessage_ERROR) IP (DMA) : Parameter (SyncPolarity) has Id (USART1_RX) currently not set
2024-06-28 23:07:34,951 [INFO] ImportTextPane:194 - (OptionalMessage_ERROR) IP (DMA) : Parameter (SyncEnable) has Id (USART1_RX) currently not set
2024-06-28 23:07:34,951 [INFO] ImportTextPane:194 - (OptionalMessage_ERROR) IP (DMA) : Parameter (EventEnable) has Id (USART1_RX) currently not set
2024-06-28 23:07:34,951 [INFO] ImportTextPane:194 - (OptionalMessage_ERROR) IP (DMA) : Parameter (SyncRequestNumber) has Id (USART1_RX) currently not set
2024-06-28 23:07:34,951 [INFO] ImportTextPane:194 - (OptionalMessage_ERROR) IP (DMA) : Parameter (Instance) has Id (USART1_TX) currently not set
2024-06-28 23:07:34,951 [INFO] ImportTextPane:194 - (OptionalMessage_ERROR) IP (DMA) : Parameter (Request) has Id (USART1_TX) currently not set
2024-06-28 23:07:34,951 [INFO] ImportTextPane:194 - (OptionalMessage_ERROR) IP (DMA) : Parameter (Direction) has Id (USART1_TX) currently not set
2024-06-28 23:07:34,951 [INFO] ImportTextPane:194 - (OptionalMessage_ERROR) IP (DMA) : Parameter (PeriphInc) has Id (USART1_TX) currently not set
2024-06-28 23:07:34,952 [INFO] ImportTextPane:194 - (OptionalMessage_ERROR) IP (DMA) : Parameter (MemInc) has Id (USART1_TX) currently not set
2024-06-28 23:07:34,952 [INFO] ImportTextPane:194 - (OptionalMessage_ERROR) IP (DMA) : Parameter (PeriphDataAlignment) has Id (USART1_TX) currently not set
2024-06-28 23:07:34,952 [INFO] ImportTextPane:194 - (OptionalMessage_ERROR) IP (DMA) : Parameter (MemDataAlignment) has Id (USART1_TX) currently not set
2024-06-28 23:07:34,952 [INFO] ImportTextPane:194 - (OptionalMessage_ERROR) IP (DMA) : Parameter (Mode) has Id (USART1_TX) currently not set
2024-06-28 23:07:34,952 [INFO] ImportTextPane:194 - (OptionalMessage_ERROR) IP (DMA) : Parameter (Priority) has Id (USART1_TX) currently not set
2024-06-28 23:07:34,952 [INFO] ImportTextPane:194 - (OptionalMessage_ERROR) IP (DMA) : Parameter (FIFOMode) has Id (USART1_TX) currently not set
2024-06-28 23:07:34,952 [INFO] ImportTextPane:194 - (OptionalMessage_ERROR) IP (DMA) : Parameter (SignalID) has Id (USART1_TX) currently not set
2024-06-28 23:07:34,952 [INFO] ImportTextPane:194 - (OptionalMessage_ERROR) IP (DMA) : Parameter (Polarity) has Id (USART1_TX) currently not set
2024-06-28 23:07:34,952 [INFO] ImportTextPane:194 - (OptionalMessage_ERROR) IP (DMA) : Parameter (RequestNumber) has Id (USART1_TX) currently not set
2024-06-28 23:07:34,952 [INFO] ImportTextPane:194 - (OptionalMessage_ERROR) IP (DMA) : Parameter (SyncSignalID) has Id (USART1_TX) currently not set
2024-06-28 23:07:34,952 [INFO] ImportTextPane:194 - (OptionalMessage_ERROR) IP (DMA) : Parameter (SyncPolarity) has Id (USART1_TX) currently not set
2024-06-28 23:07:34,952 [INFO] ImportTextPane:194 - (OptionalMessage_ERROR) IP (DMA) : Parameter (SyncEnable) has Id (USART1_TX) currently not set
2024-06-28 23:07:34,952 [INFO] ImportTextPane:194 - (OptionalMessage_ERROR) IP (DMA) : Parameter (EventEnable) has Id (USART1_TX) currently not set
2024-06-28 23:07:34,952 [INFO] ImportTextPane:194 - (OptionalMessage_ERROR) IP (DMA) : Parameter (SyncRequestNumber) has Id (USART1_TX) currently not set
2024-06-28 23:07:34,952 [INFO] ImportTextPane:194 - (OptionalMessage_ERROR) IP (DMA) : Parameter (Instance) has Id (SPI2_RX) currently not set
2024-06-28 23:07:34,953 [INFO] ImportTextPane:194 - (OptionalMessage_ERROR) IP (DMA) : Parameter (Request) has Id (SPI2_RX) currently not set
2024-06-28 23:07:34,953 [INFO] ImportTextPane:194 - (OptionalMessage_ERROR) IP (DMA) : Parameter (Direction) has Id (SPI2_RX) currently not set
2024-06-28 23:07:34,953 [INFO] ImportTextPane:194 - (OptionalMessage_ERROR) IP (DMA) : Parameter (PeriphInc) has Id (SPI2_RX) currently not set
2024-06-28 23:07:34,953 [INFO] ImportTextPane:194 - (OptionalMessage_ERROR) IP (DMA) : Parameter (MemInc) has Id (SPI2_RX) currently not set
2024-06-28 23:07:34,953 [INFO] ImportTextPane:194 - (OptionalMessage_ERROR) IP (DMA) : Parameter (PeriphDataAlignment) has Id (SPI2_RX) currently not set
2024-06-28 23:07:34,953 [INFO] ImportTextPane:194 - (OptionalMessage_ERROR) IP (DMA) : Parameter (MemDataAlignment) has Id (SPI2_RX) currently not set
2024-06-28 23:07:34,953 [INFO] ImportTextPane:194 - (OptionalMessage_ERROR) IP (DMA) : Parameter (Mode) has Id (SPI2_RX) currently not set
2024-06-28 23:07:34,953 [INFO] ImportTextPane:194 - (OptionalMessage_ERROR) IP (DMA) : Parameter (Priority) has Id (SPI2_RX) currently not set
2024-06-28 23:07:34,953 [INFO] ImportTextPane:194 - (OptionalMessage_ERROR) IP (DMA) : Parameter (FIFOMode) has Id (SPI2_RX) currently not set
2024-06-28 23:07:34,953 [INFO] ImportTextPane:194 - (OptionalMessage_ERROR) IP (DMA) : Parameter (FIFOThreshold) has Id (SPI2_RX) currently not set
2024-06-28 23:07:34,953 [INFO] ImportTextPane:194 - (OptionalMessage_ERROR) IP (DMA) : Parameter (FIFOThreshold) has invalid value (null)
2024-06-28 23:07:34,954 [INFO] ImportTextPane:194 - (OptionalMessage_ERROR) IP (DMA) : Parameter (MemBurst) has Id (SPI2_RX) currently not set
2024-06-28 23:07:34,954 [INFO] ImportTextPane:194 - (OptionalMessage_ERROR) IP (DMA) : Parameter (MemBurst) has invalid value (null)
2024-06-28 23:07:34,954 [INFO] ImportTextPane:194 - (OptionalMessage_ERROR) IP (DMA) : Parameter (PeriphBurst) has Id (SPI2_RX) currently not set
2024-06-28 23:07:34,954 [INFO] ImportTextPane:194 - (OptionalMessage_ERROR) IP (DMA) : Parameter (PeriphBurst) has invalid value (null)
2024-06-28 23:07:34,954 [INFO] ImportTextPane:194 - (OptionalMessage_ERROR) IP (DMA) : Parameter (SignalID) has Id (SPI2_RX) currently not set
2024-06-28 23:07:34,954 [INFO] ImportTextPane:194 - (OptionalMessage_ERROR) IP (DMA) : Parameter (Polarity) has Id (SPI2_RX) currently not set
2024-06-28 23:07:34,954 [INFO] ImportTextPane:194 - (OptionalMessage_ERROR) IP (DMA) : Parameter (RequestNumber) has Id (SPI2_RX) currently not set
2024-06-28 23:07:34,954 [INFO] ImportTextPane:194 - (OptionalMessage_ERROR) IP (DMA) : Parameter (SyncSignalID) has Id (SPI2_RX) currently not set
2024-06-28 23:07:34,955 [INFO] ImportTextPane:194 - (OptionalMessage_ERROR) IP (DMA) : Parameter (SyncPolarity) has Id (SPI2_RX) currently not set
2024-06-28 23:07:34,955 [INFO] ImportTextPane:194 - (OptionalMessage_ERROR) IP (DMA) : Parameter (SyncEnable) has Id (SPI2_RX) currently not set
2024-06-28 23:07:34,955 [INFO] ImportTextPane:194 - (OptionalMessage_ERROR) IP (DMA) : Parameter (EventEnable) has Id (SPI2_RX) currently not set
2024-06-28 23:07:34,955 [INFO] ImportTextPane:194 - (OptionalMessage_ERROR) IP (DMA) : Parameter (SyncRequestNumber) has Id (SPI2_RX) currently not set
2024-06-28 23:07:34,981 [WARN] IP:2120 - DEVICE_SERIAL0_CDC_HS not found: check if there is a RefParameter without a condition.
2024-06-28 23:07:34,982 [WARN] IP:2120 - DEVICE_SERIAL1_CDC_HS not found: check if there is a RefParameter without a condition.
2024-06-28 23:07:34,982 [WARN] IP:2120 - DEVICE_SERIAL2_CDC_HS not found: check if there is a RefParameter without a condition.
2024-06-28 23:07:36,023 [INFO] ApiDb:581 - Connected to CubeFinder SQLite database (C:\Users\andre\.stmcufinder\plugins\mcufinder\mcu\cube-finder-db.db)
2024-06-28 23:07:36,114 [INFO] ApiDb:668 - CubeFinder database Data Model version=2.1
2024-06-28 23:07:36,115 [INFO] ApiDb:669 - CubeFinder database Configuration version=3.0.39
2024-06-28 23:07:36,115 [INFO] ApiDb:670 - CubeFinder database generation date=2024-03-01 (1709305525)
2024-06-28 23:07:36,115 [INFO] ApiDb:671 - CubeFinder database FW Pack versions=[FP-ATR-ASTRA1_V2.0.0, FP-SNS-FLIGHT1_V5.0.1, FP-SNS-FLIGHT1_V5.0.2, FP-SNS-MOTENV1_V4.3.1, FP-SNS-MOTENV1_V4.3.2, FP-SNS-MOTENVWB1_V1.3.1, FP-SNS-SMARTAG2_V1.2.0, STM32Cube_FW_C0_V1.1.0, STM32Cube_FW_F4_V1.28.0, STM32Cube_FW_F7_V1.17.0, STM32Cube_FW_G0_V1.6.2, STM32Cube_FW_G4_V1.5.2, STM32Cube_FW_H5_V0.5.1, STM32Cube_FW_H5_V1.1.1, STM32Cube_FW_H5_V1.2.0, STM32Cube_FW_H5_V1.2.0RC4, STM32Cube_FW_H7RS_V1.0.0, STM32Cube_FW_H7RS_V1.0.0RC4, STM32Cube_FW_H7_V1.11.0, STM32Cube_FW_L0_V1.12.2, STM32Cube_FW_L5_V1.5.1, STM32Cube_FW_U0_V1.0.0, STM32Cube_FW_U0_V1.0.0RC1, STM32Cube_FW_U5_V1.3.0RC4, STM32Cube_FW_U5_V1.5.0, STM32Cube_FW_U5_V1.5.0RC1, STM32Cube_FW_WBA_V1.0.0RC1, STM32Cube_FW_WBA_V1.2.0, STM32Cube_FW_WBA_V1.2.0RC2, STM32Cube_FW_WBA_V1.3.0, STM32Cube_FW_WBA_V1.3.0RC1, STM32Cube_FW_WB_V1.15.0RC1, STM32Cube_FW_WB_V1.16.0, STM32Cube_FW_WB_V1.16.0RC2, STM32Cube_FW_WB_V1.18.0, STM32Cube_FW_WB_V1.19.0, STM32Cube_FW_WL_V1.3.0, X-CUBE-ALGOBUILD_V1.3.0, X-CUBE-ALS_V1.0.1, X-CUBE-AZRTOS-F4_V1.1.0, X-CUBE-AZRTOS-F7_V1.1.0, X-CUBE-AZRTOS-G0_V1.1.0, X-CUBE-AZRTOS-G4_V2.0.0, X-CUBE-AZRTOS-H7_V3.2.0, X-CUBE-AZRTOS-L4_V1.0.0, X-CUBE-AZRTOS-L4_V2.0.0, X-CUBE-AZRTOS-L5_V1.1.0, X-CUBE-AZRTOS-WB_V2.0.0, X-CUBE-AZRTOS-WL_V2.0.0, X-CUBE-BLE1_V7.0.0, X-CUBE-BLE2_V3.3.0, X-CUBE-BLEMGR_V3.1.0, X-CUBE-EEPRMA1_V4.1.0, X-CUBE-EEPRMA1_V5.1.0, X-CUBE-FREERTOS_V1.1.0, X-CUBE-GNSS1_V6.0.0, X-CUBE-MEMS1_V10.0.0, X-CUBE-MEMS1_V9.1.0, X-CUBE-MEMS1_V9.4.0, X-CUBE-MEMS1_V9.6.0, X-CUBE-NFC4_V3.0.0, X-CUBE-NFC7_V1.0.1, X-CUBE-SFXS2LP1_V4.0.0, X-CUBE-SUBG2_V5.0.0, X-CUBE-TOF1_V3.4.0]
2024-06-28 23:07:36,267 [INFO] DbBoardsSqlite:226 - include board P-NUCLEO-WB55-NUCLEO as a kit item of type 'Nucleo-64'
2024-06-28 23:07:36,268 [INFO] DbBoardsSqlite:226 - include board P-NUCLEO-WB55-USBDONGLE as a kit item of type 'Nucleo USB Dongle'
2024-06-28 23:07:36,269 [INFO] DbBoardsSqlite:226 - include board STEVAL-IDP005V1 as a kit item of type 'Evaluation Board'
2024-06-28 23:07:36,269 [INFO] DbBoardsSqlite:226 - include board STEVAL-IDP005V2 as a kit item of type 'Evaluation Board'
2024-06-28 23:07:36,583 [INFO] ApiDb:240 - Found 483 in-development CPN: [B-G473E-ZEST1S, B-WB1M-WPAN1, B-WL5M-SUBG1, NUCLEO-C031C6, NUCLEO-H503RB, NUCLEO-H533RE, NUCLEO-H563ZI, NUCLEO-H7S3L8, NUCLEO-U031R8, NUCLEO-U083RC, NUCLEO-U545RE-Q, NUCLEO-U5A5ZJ-Q, NUCLEO-WBA52CG, NUCLEO-WBA55CG, STEVAL-PROTEUS1, STEVAL-SMARTAG2, STEVAL-STWINBX1, STM320518-EVAL, STM32C0116-DK, STM32C011D6Y3TR, STM32C011D6Y6TR, STM32C011F4P3, STM32C011F4P6, STM32C011F4U3, STM32C011F4U6TR, STM32C011F6P3, STM32C011F6P6, STM32C011F6U3, STM32C011F6U6TR, STM32C011J4M3, STM32C011J4M6, STM32C011J6M3, STM32C011J6M6, STM32C0316-DK, STM32C031C4T3, STM32C031C4T6, STM32C031C4U3, STM32C031C4U6, STM32C031C6T3, STM32C031C6T6, STM32C031C6U3, STM32C031C6U6, STM32C031F4P3, STM32C031F4P6, STM32C031F6P3, STM32C031F6P6, STM32C031G4U3, STM32C031G4U6, STM32C031G6U3, STM32C031G6U6, STM32C031K4T3, STM32C031K4T6, STM32C031K4U3, STM32C031K4U6, STM32C031K6T3, STM32C031K6T6, STM32C031K6U3, STM32C031K6U6, STM32G071K8TXN, STM32G071K8UXN, STM32G081GBU6N, STM32G081KBT6N, STM32G081KBUXN, STM32G0B1CCT6N, STM32G0B1KCT6, STM32G0B1NEY6TR, STM32G0B1RCT6N, STM32G0C1CCT6, STM32G0C1CCT6N, STM32G0C1CCU6N, STM32G0C1CET6N, STM32G0C1CEU6N, STM32G0C1KCT6, STM32G0C1NEY6TR, STM32G0C1RCI6N, STM32G0C1RCT6N, STM32G0C1REI6N, STM32G0C1RET6N, STM32G0C1VCI6, STM32G0C1VEI6, STM32G471CCT6, STM32G471CCU6, STM32G471CET3, STM32G471CET6, STM32G471CEU3, STM32G471CEU6, STM32G471MCT6, STM32G471MET3, STM32G471MET6, STM32G471MEY6TR, STM32G471QCT6, STM32G471QET3, STM32G471RCT6, STM32G471RET3, STM32G471RET6, STM32G471VCH6, STM32G471VCI6, STM32G471VCT6, STM32G471VEH3, STM32G471VEH6, STM32G471VEI3, STM32G471VEI6, STM32G471VET3, STM32G471VET6, STM32G474CCT6, STM32H503CBT6, STM32H503CBU6, STM32H503EBY6TR, STM32H503KBU6, STM32H503RBT6, STM32H523CCT6, STM32H523CCU6, STM32H523CET6, STM32H523CEU6, STM32H523HEY6TR, STM32H523RCT6, STM32H523RET6, STM32H523VCI6, STM32H523VCT6, STM32H523VEI6, STM32H523VET6, STM32H523ZCJ6, STM32H523ZCT6, STM32H523ZEJ6, STM32H523ZET6, STM32H533CET6, STM32H533CEU6, STM32H533HEY6TR, STM32H533RET6, STM32H533VEI6, STM32H533VET6, STM32H533ZEJ6, STM32H533ZET6, STM32H562AGI6, STM32H562AII6, STM32H562IGK6, STM32H562IGT6, STM32H562IIK6, STM32H562IIT6, STM32H562RGT6, STM32H562RGV6, STM32H562RIT6, STM32H562RIV6, STM32H562VGT6, STM32H562VIT6, STM32H562ZGT6, STM32H562ZIT6, STM32H563AGI6, STM32H563AII3Q, STM32H563AII6, STM32H563IGK6, STM32H563IGT6, STM32H563IIK3Q, STM32H563IIK6, STM32H563IIT3Q, STM32H563IIT6, STM32H563MIY3QTR, STM32H563RGT6, STM32H563RGV6, STM32H563RIT6, STM32H563RIV6, STM32H563VGT6, STM32H563VIT3Q, STM32H563VIT6, STM32H563ZGT6, STM32H563ZIT3Q, STM32H563ZIT6, STM32H573AII3Q, STM32H573AII6, STM32H573I-DK, STM32H573IIK3Q, STM32H573IIK6, STM32H573IIT3Q, STM32H573IIT6, STM32H573MIY3QTR, STM32H573RIT6, STM32H573RIV6, STM32H573VIT3Q, STM32H573VIT6, STM32H573ZIT3Q, STM32H573ZIT6, STM32H7R3A8I6, STM32H7R3I8K6, STM32H7R3I8T6, STM32H7R3L8H6, STM32H7R3L8H6H, STM32H7R3R8V6, STM32H7R3V8H6, STM32H7R3V8T6, STM32H7R3V8Y6, STM32H7R3Z8J6, STM32H7R3Z8T6, STM32H7R7A8I6, STM32H7R7I8K6, STM32H7R7I8T6, STM32H7R7L8H6, STM32H7R7L8H6H, STM32H7R7Z8J6, STM32H7S3A8I6, STM32H7S3I8K6, STM32H7S3I8T6, STM32H7S3L8H6, STM32H7S3L8H6H, STM32H7S3R8V6, STM32H7S3V8H6, STM32H7S3V8T6, STM32H7S3V8Y6, STM32H7S3Z8J6, STM32H7S3Z8T6, STM32H7S78-DK, STM32H7S7A8I6, STM32H7S7I8K6, STM32H7S7I8T6, STM32H7S7L8H6, STM32H7S7L8H6H, STM32H7S7Z8J6, STM32L4R5QGI6STR, STM32MP131AAE3, STM32MP131AAF3, STM32MP131AAG3, STM32MP131CAE3, STM32MP131CAF3, STM32MP131CAG3, STM32MP131DAE7, STM32MP131DAF7, STM32MP131DAG7, STM32MP131FAE7, STM32MP131FAF7, STM32MP131FAG7, STM32MP133AAE3, STM32MP133AAF3, STM32MP133AAG3, STM32MP133CAE3, STM32MP133CAF3, STM32MP133CAG3, STM32MP133DAE7, STM32MP133DAF7, STM32MP133DAG7, STM32MP133FAE7, STM32MP133FAF7, STM32MP133FAG7, STM32MP135AAE3, STM32MP135AAF3, STM32MP135AAG3, STM32MP135CAE3, STM32MP135CAF3, STM32MP135CAG3, STM32MP135DAE7, STM32MP135DAF7, STM32MP135DAG7, STM32MP135F-DK, STM32MP135FAE7, STM32MP135FAF7, STM32MP135FAF7T, STM32MP135FAF7U, STM32MP135FAG7, STM32U031C6T6, STM32U031C6U6, STM32U031C8T6, STM32U031C8U6, STM32U031F4P6, STM32U031F6P6, STM32U031F8P6, STM32U031G6Y6TR, STM32U031G8Y6TR, STM32U031K4U6, STM32U031K6U6, STM32U031K8U6, STM32U031R6I6, STM32U031R6T6, STM32U031R8I6, STM32U031R8T6, STM32U073C8T6, STM32U073C8U6, STM32U073CBT6, STM32U073CBU6, STM32U073CCT6, STM32U073CCU6, STM32U073H8Y6TR, STM32U073HBY6TR, STM32U073HCY6TR, STM32U073K8U6, STM32U073KBU6, STM32U073KCU6, STM32U073M8I6, STM32U073M8T6, STM32U073MBI6, STM32U073MBT6, STM32U073MCI6, STM32U073MCT6, STM32U073R8I6, STM32U073R8T6, STM32U073RBI6, STM32U073RBT6, STM32U073RCI6, STM32U073RCT6, STM32U083C-DK, STM32U083CCT6, STM32U083CCU6, STM32U083HCY6TR, STM32U083KCU6, STM32U083MCI6, STM32U083MCT6, STM32U083RCI6, STM32U083RCT6, STM32U535CBT6, STM32U535CBT6Q, STM32U535CBU6, STM32U535CBU6Q, STM32U535CCT6, STM32U535CCT6Q, STM32U535CCU6, STM32U535CCU6Q, STM32U535CET6, STM32U535CET6Q, STM32U535CEU6, STM32U535CEU6Q, STM32U535JEY6QTR, STM32U535NCY6QTR, STM32U535NEY6QTR, STM32U535RBI6, STM32U535RBI6Q, STM32U535RBT6, STM32U535RBT6Q, STM32U535RCI6, STM32U535RCI6Q, STM32U535RCT6, STM32U535RCT6Q, STM32U535REI6, STM32U535REI6Q, STM32U535RET6, STM32U535RET6Q, STM32U535VCI6, STM32U535VCI6Q, STM32U535VCT6, STM32U535VCT6Q, STM32U535VEI6, STM32U535VEI6Q, STM32U535VET6, STM32U535VET6Q, STM32U545CET6, STM32U545CET6Q, STM32U545CEU6, STM32U545CEU6Q, STM32U545JEY6QTR, STM32U545NEY6QTR, STM32U545REI6, STM32U545REI6Q, STM32U545RET6, STM32U545RET6Q, STM32U545VEI6, STM32U545VEI6Q, STM32U545VET6, STM32U545VET6Q, STM32U595AIH6, STM32U595AIH6Q, STM32U595AJH6, STM32U595AJH6Q, STM32U595QII6, STM32U595QII6Q, STM32U595QJI6, STM32U595QJI6Q, STM32U595RIT6, STM32U595RIT6Q, STM32U595RJT6, STM32U595RJT6Q, STM32U595VIT6, STM32U595VIT6Q, STM32U595VJT6, STM32U595VJT6Q, STM32U595ZIT6, STM32U595ZIT6Q, STM32U595ZIY6QTR, STM32U595ZJT6, STM32U595ZJT6Q, STM32U595ZJY6QTR, STM32U599BJY6QTR, STM32U599NIH6Q, STM32U599NJH6Q, STM32U599VIT6Q, STM32U599VJT6, STM32U599VJT6Q, STM32U599ZIT6Q, STM32U599ZIY6QTR, STM32U599ZJT6Q, STM32U599ZJY6QTR, STM32U5A5AJH6, STM32U5A5AJH6Q, STM32U5A5QII3Q , STM32U5A5QJI6, STM32U5A5QJI6Q, STM32U5A5RJT6, STM32U5A5RJT6Q, STM32U5A5VJT6, STM32U5A5VJT6Q, STM32U5A5ZJT6, STM32U5A5ZJT6Q, STM32U5A5ZJY6QTR, STM32U5A9BJY6QTR, STM32U5A9J-DK, STM32U5A9NJH6Q, STM32U5A9VJT6Q, STM32U5A9ZJT6Q, STM32U5A9ZJY6QTR, STM32U5F7VIT6, STM32U5F7VIT6Q, STM32U5F7VJT6, STM32U5F7VJT6Q, STM32U5F9BJY6QTR, STM32U5F9NJH6Q, STM32U5F9VIT6Q, STM32U5F9VJT6Q, STM32U5F9ZIJ6QTR, STM32U5F9ZIT6Q, STM32U5F9ZJJ6QTR, STM32U5F9ZJT6Q, STM32U5G7VJT6, STM32U5G7VJT6Q, STM32U5G9BJY6QTR, STM32U5G9J-DK1, STM32U5G9J-DK2, STM32U5G9NJH6Q, STM32U5G9VJT6Q, STM32U5G9ZJJ6QTR, STM32U5G9ZJT6Q, STM32WB1MMCH6, STM32WBA50KEU6, STM32WBA50KEU6TR, STM32WBA50KGU6, STM32WBA50KGU6TR, STM32WBA52CEU6, STM32WBA52CEU6TR, STM32WBA52CEU7, STM32WBA52CEU7TR, STM32WBA52CGU6, STM32WBA52CGU6TR, STM32WBA52CGU6U, STM32WBA52CGU7, STM32WBA52CGU7TR, STM32WBA52KEU6, STM32WBA52KEU6TR, STM32WBA52KGU6, STM32WBA52KGU6TR, STM32WBA54CEU6, STM32WBA54CEU6TR, STM32WBA54CEU7, STM32WBA54CEU7TR, STM32WBA54CGU6, STM32WBA54CGU6TR, STM32WBA54CGU7, STM32WBA54CGU7TR, STM32WBA54KEU6, STM32WBA54KEU6TR, STM32WBA54KEU7, STM32WBA54KEU7TR, STM32WBA54KGU6, STM32WBA54KGU6TR, STM32WBA54KGU7, STM32WBA54KGU7TR, STM32WBA55CEU6, STM32WBA55CEU6TR, STM32WBA55CEU7, STM32WBA55CEU7TR, STM32WBA55CGU6, STM32WBA55CGU6TR, STM32WBA55CGU6U, STM32WBA55CGU7, STM32WBA55CGU7TR, STM32WBA55G-DK1, STM32WBA55HEF6, STM32WBA55HEF7, STM32WBA55HGF6, STM32WBA55HGF7, STM32WBA55UEI6, STM32WBA55UEI6TR, STM32WBA55UEI7, STM32WBA55UEI7TR, STM32WBA55UGI6, STM32WBA55UGI6TR, STM32WBA55UGI7, STM32WBA55UGI7TR, STM32WL5MOCH6, STM32WL5MOCH6TR]
2024-06-28 23:07:36,720 [INFO] BoardInfo:889 - No configuration file found for board P-NUCLEO-WB55
2024-06-28 23:07:36,720 [INFO] DbBoards:161 - Kit is not supported: P-NUCLEO-WB55
2024-06-28 23:07:36,724 [INFO] BoardInfo:889 - No configuration file found for board STEVAL-BFA001V1B
2024-06-28 23:07:36,724 [INFO] DbBoards:161 - Kit is not supported: STEVAL-BFA001V1B
2024-06-28 23:07:36,725 [INFO] BoardInfo:889 - No configuration file found for board STEVAL-BFA001V2B
2024-06-28 23:07:36,725 [INFO] DbBoards:161 - Kit is not supported: STEVAL-BFA001V2B
2024-06-28 23:07:36,866 [INFO] DbBoards:168 - Found 199 boards, 196 are supported
2024-06-28 23:07:36,866 [INFO] DbBoards:169 - Found 199 boards, 8 of them is supported for  Bsp
2024-06-28 23:07:36,870 [INFO] ApiDb:668 - CubeFinder database Data Model version=2.1
2024-06-28 23:07:36,870 [INFO] ApiDb:669 - CubeFinder database Configuration version=3.0.39
2024-06-28 23:07:36,870 [INFO] ApiDb:670 - CubeFinder database generation date=2024-03-01 (1709305525)
2024-06-28 23:07:36,870 [INFO] ApiDb:671 - CubeFinder database FW Pack versions=[FP-ATR-ASTRA1_V2.0.0, FP-SNS-FLIGHT1_V5.0.1, FP-SNS-FLIGHT1_V5.0.2, FP-SNS-MOTENV1_V4.3.1, FP-SNS-MOTENV1_V4.3.2, FP-SNS-MOTENVWB1_V1.3.1, FP-SNS-SMARTAG2_V1.2.0, STM32Cube_FW_C0_V1.1.0, STM32Cube_FW_F4_V1.28.0, STM32Cube_FW_F7_V1.17.0, STM32Cube_FW_G0_V1.6.2, STM32Cube_FW_G4_V1.5.2, STM32Cube_FW_H5_V0.5.1, STM32Cube_FW_H5_V1.1.1, STM32Cube_FW_H5_V1.2.0, STM32Cube_FW_H5_V1.2.0RC4, STM32Cube_FW_H7RS_V1.0.0, STM32Cube_FW_H7RS_V1.0.0RC4, STM32Cube_FW_H7_V1.11.0, STM32Cube_FW_L0_V1.12.2, STM32Cube_FW_L5_V1.5.1, STM32Cube_FW_U0_V1.0.0, STM32Cube_FW_U0_V1.0.0RC1, STM32Cube_FW_U5_V1.3.0RC4, STM32Cube_FW_U5_V1.5.0, STM32Cube_FW_U5_V1.5.0RC1, STM32Cube_FW_WBA_V1.0.0RC1, STM32Cube_FW_WBA_V1.2.0, STM32Cube_FW_WBA_V1.2.0RC2, STM32Cube_FW_WBA_V1.3.0, STM32Cube_FW_WBA_V1.3.0RC1, STM32Cube_FW_WB_V1.15.0RC1, STM32Cube_FW_WB_V1.16.0, STM32Cube_FW_WB_V1.16.0RC2, STM32Cube_FW_WB_V1.18.0, STM32Cube_FW_WB_V1.19.0, STM32Cube_FW_WL_V1.3.0, X-CUBE-ALGOBUILD_V1.3.0, X-CUBE-ALS_V1.0.1, X-CUBE-AZRTOS-F4_V1.1.0, X-CUBE-AZRTOS-F7_V1.1.0, X-CUBE-AZRTOS-G0_V1.1.0, X-CUBE-AZRTOS-G4_V2.0.0, X-CUBE-AZRTOS-H7_V3.2.0, X-CUBE-AZRTOS-L4_V1.0.0, X-CUBE-AZRTOS-L4_V2.0.0, X-CUBE-AZRTOS-L5_V1.1.0, X-CUBE-AZRTOS-WB_V2.0.0, X-CUBE-AZRTOS-WL_V2.0.0, X-CUBE-BLE1_V7.0.0, X-CUBE-BLE2_V3.3.0, X-CUBE-BLEMGR_V3.1.0, X-CUBE-EEPRMA1_V4.1.0, X-CUBE-EEPRMA1_V5.1.0, X-CUBE-FREERTOS_V1.1.0, X-CUBE-GNSS1_V6.0.0, X-CUBE-MEMS1_V10.0.0, X-CUBE-MEMS1_V9.1.0, X-CUBE-MEMS1_V9.4.0, X-CUBE-MEMS1_V9.6.0, X-CUBE-NFC4_V3.0.0, X-CUBE-NFC7_V1.0.1, X-CUBE-SFXS2LP1_V4.0.0, X-CUBE-SUBG2_V5.0.0, X-CUBE-TOF1_V3.4.0]
2024-06-28 23:07:39,294 [INFO] ApiDb:240 - Found 483 in-development CPN: [B-G473E-ZEST1S, B-WB1M-WPAN1, B-WL5M-SUBG1, NUCLEO-C031C6, NUCLEO-H503RB, NUCLEO-H533RE, NUCLEO-H563ZI, NUCLEO-H7S3L8, NUCLEO-U031R8, NUCLEO-U083RC, NUCLEO-U545RE-Q, NUCLEO-U5A5ZJ-Q, NUCLEO-WBA52CG, NUCLEO-WBA55CG, STEVAL-PROTEUS1, STEVAL-SMARTAG2, STEVAL-STWINBX1, STM320518-EVAL, STM32C0116-DK, STM32C011D6Y3TR, STM32C011D6Y6TR, STM32C011F4P3, STM32C011F4P6, STM32C011F4U3, STM32C011F4U6TR, STM32C011F6P3, STM32C011F6P6, STM32C011F6U3, STM32C011F6U6TR, STM32C011J4M3, STM32C011J4M6, STM32C011J6M3, STM32C011J6M6, STM32C0316-DK, STM32C031C4T3, STM32C031C4T6, STM32C031C4U3, STM32C031C4U6, STM32C031C6T3, STM32C031C6T6, STM32C031C6U3, STM32C031C6U6, STM32C031F4P3, STM32C031F4P6, STM32C031F6P3, STM32C031F6P6, STM32C031G4U3, STM32C031G4U6, STM32C031G6U3, STM32C031G6U6, STM32C031K4T3, STM32C031K4T6, STM32C031K4U3, STM32C031K4U6, STM32C031K6T3, STM32C031K6T6, STM32C031K6U3, STM32C031K6U6, STM32G071K8TXN, STM32G071K8UXN, STM32G081GBU6N, STM32G081KBT6N, STM32G081KBUXN, STM32G0B1CCT6N, STM32G0B1KCT6, STM32G0B1NEY6TR, STM32G0B1RCT6N, STM32G0C1CCT6, STM32G0C1CCT6N, STM32G0C1CCU6N, STM32G0C1CET6N, STM32G0C1CEU6N, STM32G0C1KCT6, STM32G0C1NEY6TR, STM32G0C1RCI6N, STM32G0C1RCT6N, STM32G0C1REI6N, STM32G0C1RET6N, STM32G0C1VCI6, STM32G0C1VEI6, STM32G471CCT6, STM32G471CCU6, STM32G471CET3, STM32G471CET6, STM32G471CEU3, STM32G471CEU6, STM32G471MCT6, STM32G471MET3, STM32G471MET6, STM32G471MEY6TR, STM32G471QCT6, STM32G471QET3, STM32G471RCT6, STM32G471RET3, STM32G471RET6, STM32G471VCH6, STM32G471VCI6, STM32G471VCT6, STM32G471VEH3, STM32G471VEH6, STM32G471VEI3, STM32G471VEI6, STM32G471VET3, STM32G471VET6, STM32G474CCT6, STM32H503CBT6, STM32H503CBU6, STM32H503EBY6TR, STM32H503KBU6, STM32H503RBT6, STM32H523CCT6, STM32H523CCU6, STM32H523CET6, STM32H523CEU6, STM32H523HEY6TR, STM32H523RCT6, STM32H523RET6, STM32H523VCI6, STM32H523VCT6, STM32H523VEI6, STM32H523VET6, STM32H523ZCJ6, STM32H523ZCT6, STM32H523ZEJ6, STM32H523ZET6, STM32H533CET6, STM32H533CEU6, STM32H533HEY6TR, STM32H533RET6, STM32H533VEI6, STM32H533VET6, STM32H533ZEJ6, STM32H533ZET6, STM32H562AGI6, STM32H562AII6, STM32H562IGK6, STM32H562IGT6, STM32H562IIK6, STM32H562IIT6, STM32H562RGT6, STM32H562RGV6, STM32H562RIT6, STM32H562RIV6, STM32H562VGT6, STM32H562VIT6, STM32H562ZGT6, STM32H562ZIT6, STM32H563AGI6, STM32H563AII3Q, STM32H563AII6, STM32H563IGK6, STM32H563IGT6, STM32H563IIK3Q, STM32H563IIK6, STM32H563IIT3Q, STM32H563IIT6, STM32H563MIY3QTR, STM32H563RGT6, STM32H563RGV6, STM32H563RIT6, STM32H563RIV6, STM32H563VGT6, STM32H563VIT3Q, STM32H563VIT6, STM32H563ZGT6, STM32H563ZIT3Q, STM32H563ZIT6, STM32H573AII3Q, STM32H573AII6, STM32H573I-DK, STM32H573IIK3Q, STM32H573IIK6, STM32H573IIT3Q, STM32H573IIT6, STM32H573MIY3QTR, STM32H573RIT6, STM32H573RIV6, STM32H573VIT3Q, STM32H573VIT6, STM32H573ZIT3Q, STM32H573ZIT6, STM32H7R3A8I6, STM32H7R3I8K6, STM32H7R3I8T6, STM32H7R3L8H6, STM32H7R3L8H6H, STM32H7R3R8V6, STM32H7R3V8H6, STM32H7R3V8T6, STM32H7R3V8Y6, STM32H7R3Z8J6, STM32H7R3Z8T6, STM32H7R7A8I6, STM32H7R7I8K6, STM32H7R7I8T6, STM32H7R7L8H6, STM32H7R7L8H6H, STM32H7R7Z8J6, STM32H7S3A8I6, STM32H7S3I8K6, STM32H7S3I8T6, STM32H7S3L8H6, STM32H7S3L8H6H, STM32H7S3R8V6, STM32H7S3V8H6, STM32H7S3V8T6, STM32H7S3V8Y6, STM32H7S3Z8J6, STM32H7S3Z8T6, STM32H7S78-DK, STM32H7S7A8I6, STM32H7S7I8K6, STM32H7S7I8T6, STM32H7S7L8H6, STM32H7S7L8H6H, STM32H7S7Z8J6, STM32L4R5QGI6STR, STM32MP131AAE3, STM32MP131AAF3, STM32MP131AAG3, STM32MP131CAE3, STM32MP131CAF3, STM32MP131CAG3, STM32MP131DAE7, STM32MP131DAF7, STM32MP131DAG7, STM32MP131FAE7, STM32MP131FAF7, STM32MP131FAG7, STM32MP133AAE3, STM32MP133AAF3, STM32MP133AAG3, STM32MP133CAE3, STM32MP133CAF3, STM32MP133CAG3, STM32MP133DAE7, STM32MP133DAF7, STM32MP133DAG7, STM32MP133FAE7, STM32MP133FAF7, STM32MP133FAG7, STM32MP135AAE3, STM32MP135AAF3, STM32MP135AAG3, STM32MP135CAE3, STM32MP135CAF3, STM32MP135CAG3, STM32MP135DAE7, STM32MP135DAF7, STM32MP135DAG7, STM32MP135F-DK, STM32MP135FAE7, STM32MP135FAF7, STM32MP135FAF7T, STM32MP135FAF7U, STM32MP135FAG7, STM32U031C6T6, STM32U031C6U6, STM32U031C8T6, STM32U031C8U6, STM32U031F4P6, STM32U031F6P6, STM32U031F8P6, STM32U031G6Y6TR, STM32U031G8Y6TR, STM32U031K4U6, STM32U031K6U6, STM32U031K8U6, STM32U031R6I6, STM32U031R6T6, STM32U031R8I6, STM32U031R8T6, STM32U073C8T6, STM32U073C8U6, STM32U073CBT6, STM32U073CBU6, STM32U073CCT6, STM32U073CCU6, STM32U073H8Y6TR, STM32U073HBY6TR, STM32U073HCY6TR, STM32U073K8U6, STM32U073KBU6, STM32U073KCU6, STM32U073M8I6, STM32U073M8T6, STM32U073MBI6, STM32U073MBT6, STM32U073MCI6, STM32U073MCT6, STM32U073R8I6, STM32U073R8T6, STM32U073RBI6, STM32U073RBT6, STM32U073RCI6, STM32U073RCT6, STM32U083C-DK, STM32U083CCT6, STM32U083CCU6, STM32U083HCY6TR, STM32U083KCU6, STM32U083MCI6, STM32U083MCT6, STM32U083RCI6, STM32U083RCT6, STM32U535CBT6, STM32U535CBT6Q, STM32U535CBU6, STM32U535CBU6Q, STM32U535CCT6, STM32U535CCT6Q, STM32U535CCU6, STM32U535CCU6Q, STM32U535CET6, STM32U535CET6Q, STM32U535CEU6, STM32U535CEU6Q, STM32U535JEY6QTR, STM32U535NCY6QTR, STM32U535NEY6QTR, STM32U535RBI6, STM32U535RBI6Q, STM32U535RBT6, STM32U535RBT6Q, STM32U535RCI6, STM32U535RCI6Q, STM32U535RCT6, STM32U535RCT6Q, STM32U535REI6, STM32U535REI6Q, STM32U535RET6, STM32U535RET6Q, STM32U535VCI6, STM32U535VCI6Q, STM32U535VCT6, STM32U535VCT6Q, STM32U535VEI6, STM32U535VEI6Q, STM32U535VET6, STM32U535VET6Q, STM32U545CET6, STM32U545CET6Q, STM32U545CEU6, STM32U545CEU6Q, STM32U545JEY6QTR, STM32U545NEY6QTR, STM32U545REI6, STM32U545REI6Q, STM32U545RET6, STM32U545RET6Q, STM32U545VEI6, STM32U545VEI6Q, STM32U545VET6, STM32U545VET6Q, STM32U595AIH6, STM32U595AIH6Q, STM32U595AJH6, STM32U595AJH6Q, STM32U595QII6, STM32U595QII6Q, STM32U595QJI6, STM32U595QJI6Q, STM32U595RIT6, STM32U595RIT6Q, STM32U595RJT6, STM32U595RJT6Q, STM32U595VIT6, STM32U595VIT6Q, STM32U595VJT6, STM32U595VJT6Q, STM32U595ZIT6, STM32U595ZIT6Q, STM32U595ZIY6QTR, STM32U595ZJT6, STM32U595ZJT6Q, STM32U595ZJY6QTR, STM32U599BJY6QTR, STM32U599NIH6Q, STM32U599NJH6Q, STM32U599VIT6Q, STM32U599VJT6, STM32U599VJT6Q, STM32U599ZIT6Q, STM32U599ZIY6QTR, STM32U599ZJT6Q, STM32U599ZJY6QTR, STM32U5A5AJH6, STM32U5A5AJH6Q, STM32U5A5QII3Q , STM32U5A5QJI6, STM32U5A5QJI6Q, STM32U5A5RJT6, STM32U5A5RJT6Q, STM32U5A5VJT6, STM32U5A5VJT6Q, STM32U5A5ZJT6, STM32U5A5ZJT6Q, STM32U5A5ZJY6QTR, STM32U5A9BJY6QTR, STM32U5A9J-DK, STM32U5A9NJH6Q, STM32U5A9VJT6Q, STM32U5A9ZJT6Q, STM32U5A9ZJY6QTR, STM32U5F7VIT6, STM32U5F7VIT6Q, STM32U5F7VJT6, STM32U5F7VJT6Q, STM32U5F9BJY6QTR, STM32U5F9NJH6Q, STM32U5F9VIT6Q, STM32U5F9VJT6Q, STM32U5F9ZIJ6QTR, STM32U5F9ZIT6Q, STM32U5F9ZJJ6QTR, STM32U5F9ZJT6Q, STM32U5G7VJT6, STM32U5G7VJT6Q, STM32U5G9BJY6QTR, STM32U5G9J-DK1, STM32U5G9J-DK2, STM32U5G9NJH6Q, STM32U5G9VJT6Q, STM32U5G9ZJJ6QTR, STM32U5G9ZJT6Q, STM32WB1MMCH6, STM32WBA50KEU6, STM32WBA50KEU6TR, STM32WBA50KGU6, STM32WBA50KGU6TR, STM32WBA52CEU6, STM32WBA52CEU6TR, STM32WBA52CEU7, STM32WBA52CEU7TR, STM32WBA52CGU6, STM32WBA52CGU6TR, STM32WBA52CGU6U, STM32WBA52CGU7, STM32WBA52CGU7TR, STM32WBA52KEU6, STM32WBA52KEU6TR, STM32WBA52KGU6, STM32WBA52KGU6TR, STM32WBA54CEU6, STM32WBA54CEU6TR, STM32WBA54CEU7, STM32WBA54CEU7TR, STM32WBA54CGU6, STM32WBA54CGU6TR, STM32WBA54CGU7, STM32WBA54CGU7TR, STM32WBA54KEU6, STM32WBA54KEU6TR, STM32WBA54KEU7, STM32WBA54KEU7TR, STM32WBA54KGU6, STM32WBA54KGU6TR, STM32WBA54KGU7, STM32WBA54KGU7TR, STM32WBA55CEU6, STM32WBA55CEU6TR, STM32WBA55CEU7, STM32WBA55CEU7TR, STM32WBA55CGU6, STM32WBA55CGU6TR, STM32WBA55CGU6U, STM32WBA55CGU7, STM32WBA55CGU7TR, STM32WBA55G-DK1, STM32WBA55HEF6, STM32WBA55HEF7, STM32WBA55HGF6, STM32WBA55HGF7, STM32WBA55UEI6, STM32WBA55UEI6TR, STM32WBA55UEI7, STM32WBA55UEI7TR, STM32WBA55UGI6, STM32WBA55UGI6TR, STM32WBA55UGI7, STM32WBA55UGI7TR, STM32WL5MOCH6, STM32WL5MOCH6TR]
2024-06-28 23:07:39,302 [INFO] DbMcus:218 - Found 4091 MCUs, 4091 are supported
2024-06-28 23:07:39,303 [INFO] ApiDb:423 - Load user favorites file C:\Users\andre/.stm32cubeide/favorites.mcus.txt: 0 item(s)
2024-06-28 23:07:39,303 [INFO] ApiDb:427 - User favorites MCUs=[]
2024-06-28 23:07:39,303 [INFO] DbMcus:224 - Set 0 / 0 favorites MCUs
2024-06-28 23:07:39,673 [INFO] ApiDb:423 - Load user favorites file C:\Users\andre/.stm32cubeide/favorites.boards.txt: 1 item(s)
2024-06-28 23:07:39,673 [INFO] ApiDb:427 - User favorites Boards=[NUCLEO-H723ZG]
2024-06-28 23:07:39,674 [INFO] DbBoards:198 - Set 1 / 1 favorites Boards
2024-06-28 23:07:39,742 [INFO] UtilMem:75 - End LoadConfig() Used Memory: 616498120 Bytes (1073741824)
2024-06-28 23:07:39,895 [WARN] ThirdParty:833 - waiting for thirdparty lock release [change project]
2024-06-28 23:07:39,896 [INFO] ThirdParty:835 - entering critical section [change project]
2024-06-28 23:07:39,896 [INFO] ThirdParty:1030 - CMSIS Pack Vendor :STMicroelectronics USBPD 4.1
2024-06-28 23:07:39,897 [INFO] ThirdParty:1030 - CMSIS Pack Vendor :STMicroelectronics X-CUBE-GNSS1 6.0.0
2024-06-28 23:07:39,897 [INFO] ThirdParty:1030 - CMSIS Pack Vendor :STMicroelectronics USB_HOST 2.0.0
2024-06-28 23:07:39,897 [INFO] ThirdParty:1030 - CMSIS Pack Vendor :STMicroelectronics FP-SNS-MOTENVWB1 1.4.0
2024-06-28 23:07:39,897 [INFO] ThirdParty:1030 - CMSIS Pack Vendor :STMicroelectronics X-CUBE-AZRTOS-F4 1.1.0
2024-06-28 23:07:39,897 [INFO] ThirdParty:1030 - CMSIS Pack Vendor :STMicroelectronics LIBJPEG 8.0.0
2024-06-28 23:07:39,897 [INFO] ThirdParty:1030 - CMSIS Pack Vendor :STMicroelectronics X-CUBE-SMBUS 2.1.0
2024-06-28 23:07:39,897 [INFO] ThirdParty:1030 - CMSIS Pack Vendor :STMicroelectronics USB_DEVICE 3.0.0
2024-06-28 23:07:39,897 [INFO] ThirdParty:1030 - CMSIS Pack Vendor :STMicroelectronics X-CUBE-TCPP 4.1.0
2024-06-28 23:07:39,897 [INFO] ThirdParty:1030 - CMSIS Pack Vendor :STMicroelectronics X-CUBE-FREERTOS 1.2.0
2024-06-28 23:07:39,897 [INFO] ThirdParty:1030 - CMSIS Pack Vendor :STMicroelectronics X-CUBE-AZRTOS-WB 2.0.0
2024-06-28 23:07:39,897 [INFO] ThirdParty:1030 - CMSIS Pack Vendor :wolfSSL I-CUBE-wolfSSL 5.6.6
2024-06-28 23:07:39,897 [INFO] ThirdParty:1030 - CMSIS Pack Vendor :STMicroelectronics X-CUBE-TOUCHGFX 4.23.1
2024-06-28 23:07:39,897 [INFO] ThirdParty:1030 - CMSIS Pack Vendor :STMicroelectronics X-CUBE-TOUCHGFX 4.23.0
2024-06-28 23:07:39,897 [INFO] ThirdParty:1030 - CMSIS Pack Vendor :STMicroelectronics X-CUBE-TOUCHGFX 4.23.2
2024-06-28 23:07:39,897 [INFO] ThirdParty:1030 - CMSIS Pack Vendor :STMicroelectronics X-CUBE-AZRTOS-F7 1.1.0
2024-06-28 23:07:39,897 [INFO] ThirdParty:1030 - CMSIS Pack Vendor :STMicroelectronics X-CUBE-AZRTOS-L5 2.0.0
2024-06-28 23:07:39,897 [INFO] ThirdParty:1030 - CMSIS Pack Vendor :STMicroelectronics USB_DEVICE 2.0.0
2024-06-28 23:07:39,897 [INFO] ThirdParty:1030 - CMSIS Pack Vendor :STMicroelectronics X-CUBE-NFC6 3.1.0
2024-06-28 23:07:39,897 [INFO] ThirdParty:1030 - CMSIS Pack Vendor :ITTIA_DB I-CUBE-ITTIADB 8.8.0
2024-06-28 23:07:39,898 [INFO] ThirdParty:1030 - CMSIS Pack Vendor :STMicroelectronics FP-SNS-MOTENV1 4.3.2
2024-06-28 23:07:39,898 [INFO] ThirdParty:1030 - CMSIS Pack Vendor :STMicroelectronics X-CUBE-ALGOBUILD 1.3.0
2024-06-28 23:07:39,898 [INFO] ThirdParty:1030 - CMSIS Pack Vendor :STMicroelectronics FreeRTOS 0.0.1
2024-06-28 23:07:39,898 [INFO] ThirdParty:1030 - CMSIS Pack Vendor :STMicroelectronics X-CUBE-AZRTOS-G0 1.1.0
2024-06-28 23:07:39,898 [INFO] ThirdParty:1030 - CMSIS Pack Vendor :STMicroelectronics X-CUBE-SAFEA1 1.2.2
2024-06-28 23:07:39,898 [INFO] ThirdParty:1030 - CMSIS Pack Vendor :STMicroelectronics X-CUBE-NFC4 3.0.0
2024-06-28 23:07:39,898 [INFO] ThirdParty:1030 - CMSIS Pack Vendor :STMicroelectronics X-CUBE-SUBG2 5.0.0
2024-06-28 23:07:39,898 [INFO] ThirdParty:1030 - CMSIS Pack Vendor :STMicroelectronics STM32_WPAN 1.0.0
2024-06-28 23:07:39,898 [INFO] ThirdParty:1030 - CMSIS Pack Vendor :wolfSSL I-CUBE-wolfMQTT 1.18.0
2024-06-28 23:07:39,898 [INFO] ThirdParty:1030 - CMSIS Pack Vendor :STMicroelectronics lwIP 2.0.3
2024-06-28 23:07:39,898 [INFO] ThirdParty:1030 - CMSIS Pack Vendor :STMicroelectronics FP-SNS-FLIGHT1 5.0.2
2024-06-28 23:07:39,898 [INFO] ThirdParty:1030 - CMSIS Pack Vendor :STMicroelectronics USB_HOST 1.0.0
2024-06-28 23:07:39,898 [INFO] ThirdParty:1030 - CMSIS Pack Vendor :STMicroelectronics X-CUBE-AI 9.0.0
2024-06-28 23:07:39,898 [INFO] ThirdParty:1030 - CMSIS Pack Vendor :STMicroelectronics X-CUBE-AZRTOS-G4 2.0.0
2024-06-28 23:07:39,898 [INFO] ThirdParty:1030 - CMSIS Pack Vendor :STMicroelectronics PDM2PCM 3.1.0
2024-06-28 23:07:39,898 [INFO] ThirdParty:1030 - CMSIS Pack Vendor :Infineon AIROC-Wi-Fi-Bluetooth-STM32 1.5.1
2024-06-28 23:07:39,899 [INFO] ThirdParty:1030 - CMSIS Pack Vendor :STMicroelectronics PDM2PCM 3.3.0
2024-06-28 23:07:39,899 [INFO] ThirdParty:1030 - CMSIS Pack Vendor :STMicroelectronics X-CUBE-DISPLAY 3.0.0
2024-06-28 23:07:39,899 [INFO] ThirdParty:1030 - CMSIS Pack Vendor :STMicroelectronics FP-SNS-MOTENVWB1 1.3.1
2024-06-28 23:07:39,899 [INFO] ThirdParty:1030 - CMSIS Pack Vendor :STMicroelectronics X-CUBE-BLE1 7.0.0
2024-06-28 23:07:39,899 [INFO] ThirdParty:1030 - CMSIS Pack Vendor :STMicroelectronics FP-ATR-SIGFOX1 3.2.0
2024-06-28 23:07:39,899 [INFO] ThirdParty:1030 - CMSIS Pack Vendor :STMicroelectronics X-CUBE-ISPU 2.0.0
2024-06-28 23:07:39,899 [INFO] ThirdParty:1030 - CMSIS Pack Vendor :STMicroelectronics X-CUBE-EEPRMA1 5.1.0
2024-06-28 23:07:39,899 [INFO] ThirdParty:1030 - CMSIS Pack Vendor :STMicroelectronics HAL Drivers 0.0.0
2024-06-28 23:07:39,899 [INFO] ThirdParty:1030 - CMSIS Pack Vendor :STMicroelectronics MBEDTLS 2.16.2
2024-06-28 23:07:39,899 [INFO] ThirdParty:1030 - CMSIS Pack Vendor :STMicroelectronics X-CUBE-ALS 1.0.2
2024-06-28 23:07:39,899 [INFO] ThirdParty:1030 - CMSIS Pack Vendor :emotas I-CUBE-CANOPEN 1.3.0
2024-06-28 23:07:39,899 [INFO] ThirdParty:1030 - CMSIS Pack Vendor :STMicroelectronics X-CUBE-MEMS1 10.0.0
2024-06-28 23:07:39,900 [INFO] ThirdParty:1030 - CMSIS Pack Vendor :STMicroelectronics X-CUBE-FREERTOS 1.1.0
2024-06-28 23:07:39,900 [INFO] ThirdParty:1030 - CMSIS Pack Vendor :STMicroelectronics X-CUBE-NFC7 1.0.1
2024-06-28 23:07:39,900 [INFO] ThirdParty:1030 - CMSIS Pack Vendor :STMicroelectronics MBEDTLS 2.14.1
2024-06-28 23:07:39,900 [INFO] ThirdParty:1030 - CMSIS Pack Vendor :STMicroelectronics X-CUBE-TOUCHGFX 4.24.0
2024-06-28 23:07:39,900 [INFO] ThirdParty:1030 - CMSIS Pack Vendor :STMicroelectronics X-CUBE-NFC6 3.0.0
2024-06-28 23:07:39,900 [INFO] ThirdParty:1030 - CMSIS Pack Vendor :portGmbH I-Cube-SoM-uGOAL 1.1.0
2024-06-28 23:07:39,900 [INFO] ThirdParty:1030 - CMSIS Pack Vendor :STMicroelectronics X-CUBE-ALS 1.0.1
2024-06-28 23:07:39,900 [INFO] ThirdParty:1030 - CMSIS Pack Vendor :STMicroelectronics X-CUBE-BLEMGR 3.1.0
2024-06-28 23:07:39,900 [INFO] ThirdParty:1030 - CMSIS Pack Vendor :STMicroelectronics ThreadX 1.0.0
2024-06-28 23:07:39,900 [INFO] ThirdParty:1030 - CMSIS Pack Vendor :STMicroelectronics FP-SNS-SMARTAG2 1.2.0
2024-06-28 23:07:39,900 [INFO] ThirdParty:1030 - CMSIS Pack Vendor :STMicroelectronics X-CUBE-AZRTOS-WL 2.0.0
2024-06-28 23:07:39,900 [INFO] ThirdParty:1030 - CMSIS Pack Vendor :SEGGER I-CUBE-embOS 1.3.1
2024-06-28 23:07:39,900 [INFO] ThirdParty:1030 - CMSIS Pack Vendor :STMicroelectronics X-CUBE-ALGOBUILD 1.4.0
2024-06-28 23:07:39,900 [INFO] ThirdParty:1030 - CMSIS Pack Vendor :STMicroelectronics FP-SNS-MOTENV1 5.0.0
2024-06-28 23:07:39,900 [INFO] ThirdParty:1030 - CMSIS Pack Vendor :STMicroelectronics USB_DEVICE 1.0.0
2024-06-28 23:07:39,900 [INFO] ThirdParty:1030 - CMSIS Pack Vendor :STMicroelectronics X-CUBE-AI 8.1.0
2024-06-28 23:07:39,901 [INFO] ThirdParty:1030 - CMSIS Pack Vendor :STMicroelectronics X-CUBE-AZRTOS-H7RS 1.0.0
2024-06-28 23:07:39,901 [INFO] ThirdParty:1030 - CMSIS Pack Vendor :wolfSSL I-CUBE-wolfMQTT 1.19.0
2024-06-28 23:07:39,901 [INFO] ThirdParty:1030 - CMSIS Pack Vendor :STMicroelectronics X-CUBE-AZRTOS-L4 2.0.0
2024-06-28 23:07:39,901 [INFO] ThirdParty:1030 - CMSIS Pack Vendor :STMicroelectronics ThreadX 0.0.2
2024-06-28 23:07:39,901 [INFO] ThirdParty:1030 - CMSIS Pack Vendor :WES I-CUBE-Cesium 1.3.0
2024-06-28 23:07:39,901 [INFO] ThirdParty:1030 - CMSIS Pack Vendor :STMicroelectronics FP-ATR-ASTRA1 2.0.0
2024-06-28 23:07:39,901 [INFO] ThirdParty:1030 - CMSIS Pack Vendor :STMicroelectronics lwIP 2.1.2
2024-06-28 23:07:39,901 [INFO] ThirdParty:1030 - CMSIS Pack Vendor :STMicroelectronics X-CUBE-SFXS2LP1 4.0.0
2024-06-28 23:07:39,901 [INFO] ThirdParty:1030 - CMSIS Pack Vendor :STMicroelectronics X-CUBE-BLE2 3.3.0
2024-06-28 23:07:39,901 [INFO] ThirdParty:1030 - CMSIS Pack Vendor :STMicroelectronics X-CUBE-TOF1 3.4.1
2024-06-28 23:07:39,901 [INFO] ThirdParty:1030 - CMSIS Pack Vendor :STMicroelectronics X-CUBE-AZRTOS-H7 3.2.0
2024-06-28 23:07:39,901 [INFO] ThirdParty:1030 - CMSIS Pack Vendor :STMicroelectronics PDM2PCM 3.2.0
2024-06-28 23:07:39,902 [INFO] ThirdParty:841 - exiting critical section [change project]
2024-06-28 23:07:40,903 [INFO] PinOutPanel:1561 - setPackage(No Configuration,No Configuration)
2024-06-28 23:07:40,907 [INFO] PinOutPanel:1561 - setPackage(STM32H723ZGTx,LQFP144)
2024-06-28 23:07:42,286 [INFO] UtilMem:75 - Before build in PCC Used Memory: 785844624 Bytes (1073741824)
2024-06-28 23:07:44,935 [INFO] UtilMem:75 - After build in PCC Used Memory: 886615952 Bytes (1073741824)
2024-06-28 23:07:45,083 [INFO] ApiDbMcu:508 - Load IP Config File for FATFS
2024-06-28 23:07:45,114 [INFO] ApiDbMcu:508 - Load IP Config File for USB_DEVICE
2024-06-28 23:07:45,212 [INFO] IPUIPlugin:80 - create IPUIPlugin
2024-06-28 23:07:45,212 [INFO] IPUIPlugin:80 - create IPUIPlugin
2024-06-28 23:07:45,212 [INFO] IPUIPlugin:80 - create IPUIPlugin
2024-06-28 23:07:45,212 [INFO] IPUIPlugin:80 - create IPUIPlugin
2024-06-28 23:07:45,213 [INFO] IPUIPlugin:80 - create IPUIPlugin
2024-06-28 23:07:45,213 [INFO] IPUIPlugin:80 - create IPUIPlugin
2024-06-28 23:07:45,213 [INFO] IPUIPlugin:80 - create IPUIPlugin
2024-06-28 23:07:45,213 [INFO] IPUIPlugin:80 - create IPUIPlugin
2024-06-28 23:07:45,213 [INFO] IPUIPlugin:80 - create IPUIPlugin
2024-06-28 23:07:45,214 [INFO] IPUIPlugin:80 - create IPUIPlugin
2024-06-28 23:07:45,214 [INFO] IPUIPlugin:80 - create IPUIPlugin
2024-06-28 23:07:45,214 [INFO] IPUIPlugin:80 - create IPUIPlugin
2024-06-28 23:07:45,214 [INFO] IPUIPlugin:80 - create IPUIPlugin
2024-06-28 23:07:45,214 [INFO] IPUIPlugin:80 - create IPUIPlugin
2024-06-28 23:07:45,215 [INFO] IPUIPlugin:80 - create IPUIPlugin
2024-06-28 23:07:45,215 [INFO] IPUIPlugin:80 - create IPUIPlugin
2024-06-28 23:07:45,215 [INFO] IPUIPlugin:80 - create IPUIPlugin
2024-06-28 23:07:45,215 [INFO] IPUIPlugin:80 - create IPUIPlugin
2024-06-28 23:07:45,215 [INFO] IPUIPlugin:80 - create IPUIPlugin
2024-06-28 23:07:45,215 [INFO] IPUIPlugin:80 - create IPUIPlugin
2024-06-28 23:07:45,215 [INFO] IPUIPlugin:80 - create IPUIPlugin
2024-06-28 23:07:45,216 [INFO] IPUIPlugin:80 - create IPUIPlugin
2024-06-28 23:07:45,216 [INFO] IPUIPlugin:80 - create IPUIPlugin
2024-06-28 23:07:45,216 [INFO] IPUIPlugin:80 - create IPUIPlugin
2024-06-28 23:07:45,216 [INFO] IPUIPlugin:80 - create IPUIPlugin
2024-06-28 23:07:45,216 [INFO] IPUIPlugin:80 - create IPUIPlugin
2024-06-28 23:07:45,216 [INFO] IPUIPlugin:80 - create IPUIPlugin
2024-06-28 23:07:45,217 [INFO] IPUIPlugin:80 - create IPUIPlugin
2024-06-28 23:07:45,217 [INFO] IPUIPlugin:80 - create IPUIPlugin
2024-06-28 23:07:45,217 [INFO] IPUIPlugin:80 - create IPUIPlugin
2024-06-28 23:07:45,217 [INFO] IPUIPlugin:80 - create IPUIPlugin
2024-06-28 23:07:45,217 [INFO] IPUIPlugin:80 - create IPUIPlugin
2024-06-28 23:07:45,217 [INFO] IPUIPlugin:80 - create IPUIPlugin
2024-06-28 23:07:45,218 [INFO] IPUIPlugin:80 - create IPUIPlugin
2024-06-28 23:07:45,218 [INFO] IPUIPlugin:80 - create IPUIPlugin
2024-06-28 23:07:45,218 [INFO] IPUIPlugin:80 - create IPUIPlugin
2024-06-28 23:07:45,218 [INFO] IPUIPlugin:80 - create IPUIPlugin
2024-06-28 23:07:45,218 [INFO] IPUIPlugin:80 - create IPUIPlugin
2024-06-28 23:07:45,219 [INFO] IPUIPlugin:80 - create IPUIPlugin
2024-06-28 23:07:45,219 [INFO] IPUIPlugin:80 - create IPUIPlugin
2024-06-28 23:07:45,220 [INFO] IPUIPlugin:80 - create IPUIPlugin
2024-06-28 23:07:45,220 [INFO] IPUIPlugin:80 - create IPUIPlugin
2024-06-28 23:07:45,220 [INFO] IPUIPlugin:80 - create IPUIPlugin
2024-06-28 23:07:45,221 [INFO] IPUIPlugin:80 - create IPUIPlugin
2024-06-28 23:07:45,221 [INFO] IPUIPlugin:80 - create IPUIPlugin
2024-06-28 23:07:45,221 [INFO] IPUIPlugin:80 - create IPUIPlugin
2024-06-28 23:07:45,221 [INFO] IPUIPlugin:80 - create IPUIPlugin
2024-06-28 23:07:45,222 [INFO] IPUIPlugin:80 - create IPUIPlugin
2024-06-28 23:07:45,222 [INFO] IPUIPlugin:80 - create IPUIPlugin
2024-06-28 23:07:45,222 [INFO] IPUIPlugin:80 - create IPUIPlugin
2024-06-28 23:07:45,223 [INFO] IPUIPlugin:80 - create IPUIPlugin
2024-06-28 23:07:45,223 [INFO] IPUIPlugin:80 - create IPUIPlugin
2024-06-28 23:07:45,223 [INFO] IPUIPlugin:80 - create IPUIPlugin
2024-06-28 23:07:45,224 [INFO] IPUIPlugin:80 - create IPUIPlugin
2024-06-28 23:07:45,224 [INFO] IPUIPlugin:80 - create IPUIPlugin
2024-06-28 23:07:45,224 [INFO] IPUIPlugin:80 - create IPUIPlugin
2024-06-28 23:07:45,224 [INFO] IPUIPlugin:80 - create IPUIPlugin
2024-06-28 23:07:45,225 [INFO] IPUIPlugin:80 - create IPUIPlugin
2024-06-28 23:07:45,226 [INFO] IPUIPlugin:80 - create IPUIPlugin
2024-06-28 23:07:45,227 [INFO] IPUIPlugin:80 - create IPUIPlugin
2024-06-28 23:07:45,228 [INFO] IPUIPlugin:80 - create IPUIPlugin
2024-06-28 23:07:45,229 [INFO] IPUIPlugin:80 - create IPUIPlugin
2024-06-28 23:07:45,229 [INFO] IPUIPlugin:80 - create IPUIPlugin
2024-06-28 23:07:45,230 [INFO] IPUIPlugin:80 - create IPUIPlugin
2024-06-28 23:07:45,230 [INFO] IPUIPlugin:80 - create IPUIPlugin
2024-06-28 23:07:45,230 [INFO] IPUIPlugin:80 - create IPUIPlugin
2024-06-28 23:07:45,231 [INFO] IPUIPlugin:80 - create IPUIPlugin
2024-06-28 23:07:45,231 [INFO] IPUIPlugin:80 - create IPUIPlugin
2024-06-28 23:07:45,231 [INFO] IPUIPlugin:80 - create IPUIPlugin
2024-06-28 23:07:45,232 [INFO] IPUIPlugin:80 - create IPUIPlugin
2024-06-28 23:07:45,232 [INFO] IPUIPlugin:80 - create IPUIPlugin
2024-06-28 23:07:45,232 [INFO] IPUIPlugin:80 - create IPUIPlugin
2024-06-28 23:07:45,233 [INFO] IPUIPlugin:80 - create IPUIPlugin
2024-06-28 23:07:45,233 [INFO] IPUIPlugin:80 - create IPUIPlugin
2024-06-28 23:07:45,233 [INFO] IPUIPlugin:80 - create IPUIPlugin
2024-06-28 23:07:45,234 [INFO] IPUIPlugin:80 - create IPUIPlugin
2024-06-28 23:07:45,234 [INFO] IPUIPlugin:80 - create IPUIPlugin
2024-06-28 23:07:45,234 [INFO] IPUIPlugin:80 - create IPUIPlugin
2024-06-28 23:07:45,235 [INFO] IPUIPlugin:80 - create IPUIPlugin
2024-06-28 23:07:45,235 [INFO] IPUIPlugin:80 - create IPUIPlugin
2024-06-28 23:07:45,236 [INFO] IPUIPlugin:80 - create IPUIPlugin
2024-06-28 23:07:45,236 [INFO] IPUIPlugin:80 - create IPUIPlugin
2024-06-28 23:07:45,236 [INFO] IPUIPlugin:80 - create IPUIPlugin
2024-06-28 23:07:45,237 [INFO] IPUIPlugin:80 - create IPUIPlugin
2024-06-28 23:07:45,237 [INFO] IPUIPlugin:80 - create IPUIPlugin
2024-06-28 23:07:45,238 [INFO] IPUIPlugin:80 - create IPUIPlugin
2024-06-28 23:07:45,239 [INFO] IPUIPlugin:80 - create IPUIPlugin
2024-06-28 23:07:45,239 [INFO] IPUIPlugin:80 - create IPUIPlugin
2024-06-28 23:07:45,240 [INFO] IPUIPlugin:80 - create IPUIPlugin
2024-06-28 23:07:45,241 [INFO] IPUIPlugin:80 - create IPUIPlugin
2024-06-28 23:07:45,241 [INFO] IPUIPlugin:80 - create IPUIPlugin
2024-06-28 23:07:45,242 [INFO] IPUIPlugin:80 - create IPUIPlugin
2024-06-28 23:07:45,243 [INFO] IPUIPlugin:80 - create IPUIPlugin
2024-06-28 23:07:45,244 [INFO] IPUIPlugin:80 - create IPUIPlugin
2024-06-28 23:07:45,245 [INFO] IPUIPlugin:80 - create IPUIPlugin
2024-06-28 23:07:45,245 [INFO] IPUIPlugin:80 - create IPUIPlugin
2024-06-28 23:07:45,246 [INFO] IPUIPlugin:80 - create IPUIPlugin
2024-06-28 23:07:45,247 [INFO] IPUIPlugin:80 - create IPUIPlugin
2024-06-28 23:07:45,248 [INFO] IPUIPlugin:80 - create IPUIPlugin
2024-06-28 23:07:45,248 [INFO] IPUIPlugin:80 - create IPUIPlugin
2024-06-28 23:07:45,249 [INFO] IPUIPlugin:80 - create IPUIPlugin
2024-06-28 23:07:45,250 [INFO] IPUIPlugin:80 - create IPUIPlugin
2024-06-28 23:07:45,250 [INFO] IPUIPlugin:80 - create IPUIPlugin
2024-06-28 23:07:45,251 [INFO] IPUIPlugin:80 - create IPUIPlugin
2024-06-28 23:07:45,251 [INFO] IPUIPlugin:80 - create IPUIPlugin
2024-06-28 23:07:45,265 [INFO] ApiDbMcu:508 - Load IP Config File for PDM2PCM
2024-06-28 23:07:45,575 [INFO] CADModel:165 - CPN selected for project levelSTM32H723ZGT6
2024-06-28 23:07:45,576 [INFO] CADModel:114 - Register for checkConnection events
2024-06-28 23:07:45,637 [INFO] OpenFileManager:343 - Restore cursor
2024-06-28 23:07:46,159 [WARN] IP:2120 - DEVICE_SERIAL0_CDC_HS not found: check if there is a RefParameter without a condition.
2024-06-28 23:07:46,160 [WARN] IP:2120 - DEVICE_SERIAL1_CDC_HS not found: check if there is a RefParameter without a condition.
2024-06-28 23:07:46,160 [WARN] IP:2120 - DEVICE_SERIAL2_CDC_HS not found: check if there is a RefParameter without a condition.
2024-06-28 23:07:46,163 [WARN] IP:2120 - DEVICE_SERIAL0_CDC_HS not found: check if there is a RefParameter without a condition.
2024-06-28 23:07:46,163 [WARN] IP:2120 - DEVICE_SERIAL1_CDC_HS not found: check if there is a RefParameter without a condition.
2024-06-28 23:07:46,163 [WARN] IP:2120 - DEVICE_SERIAL2_CDC_HS not found: check if there is a RefParameter without a condition.
2024-06-28 23:07:53,933 [INFO] NvicIntPanel:101 - NVIC parent = com.st.microxplorer.plugins.ip.nvic.MultiNvicIntPanel[,0,0,0x0,invalid,layout=javax.swing.BoxLayout,alignmentX=0.0,alignmentY=0.0,border=,flags=9,maximumSize=,minimumSize=,preferredSize=]
2024-06-28 23:10:22,231 [ERROR] LogOutputStream:75 - [STDERR_REDIRECT] 
2024-06-28 23:10:22,231 [ERROR] LogOutputStream:75 - [STDERR_REDIRECT] 
